/pfs/lustrep3/appl/lumi/SW/CrayEnv/EB/buildtools/25.03/bin/cmake -S/users/olsentim/Projects/neko-top/external/pfunit -B/users/olsentim/Projects/neko-top/external/pfunit/build --check-build-system CMakeFiles/Makefile.cmake 0
/pfs/lustrep3/appl/lumi/SW/CrayEnv/EB/buildtools/25.03/bin/cmake -E cmake_progress_start /users/olsentim/Projects/neko-top/external/pfunit/build/CMakeFiles /users/olsentim/Projects/neko-top/external/pfunit/build//CMakeFiles/progress.marks
make  -f CMakeFiles/Makefile2 all
make[1]: Entering directory '/pfs/lustrep4/users/olsentim/Projects/neko-top/external/pfunit/build'
make  -f extern/fArgParse/extern/gFTL-shared/extern/gFTL/include/v1/types/CMakeFiles/generate-type-incs.dir/build.make extern/fArgParse/extern/gFTL-shared/extern/gFTL/include/v1/types/CMakeFiles/generate-type-incs.dir/depend
make[2]: Entering directory '/pfs/lustrep4/users/olsentim/Projects/neko-top/external/pfunit/build'
cd /users/olsentim/Projects/neko-top/external/pfunit/build && /pfs/lustrep3/appl/lumi/SW/CrayEnv/EB/buildtools/25.03/bin/cmake -E cmake_depends "Unix Makefiles" /users/olsentim/Projects/neko-top/external/pfunit /users/olsentim/Projects/neko-top/external/pfunit/extern/fArgParse/extern/gFTL-shared/extern/gFTL/include/v1/types /users/olsentim/Projects/neko-top/external/pfunit/build /users/olsentim/Projects/neko-top/external/pfunit/build/extern/fArgParse/extern/gFTL-shared/extern/gFTL/include/v1/types /users/olsentim/Projects/neko-top/external/pfunit/build/extern/fArgParse/extern/gFTL-shared/extern/gFTL/include/v1/types/CMakeFiles/generate-type-incs.dir/DependInfo.cmake "--color="
make[2]: Leaving directory '/pfs/lustrep4/users/olsentim/Projects/neko-top/external/pfunit/build'
make  -f extern/fArgParse/extern/gFTL-shared/extern/gFTL/include/v1/types/CMakeFiles/generate-type-incs.dir/build.make extern/fArgParse/extern/gFTL-shared/extern/gFTL/include/v1/types/CMakeFiles/generate-type-incs.dir/build
make[2]: Entering directory '/pfs/lustrep4/users/olsentim/Projects/neko-top/external/pfunit/build'
[  0%] Generating integer.inc
cd /users/olsentim/Projects/neko-top/external/pfunit/build/extern/fArgParse/extern/gFTL-shared/extern/gFTL/include/v1/types && /appl/lumi/SW/CrayEnv/EB/buildtools/25.03/bin/m4 -s -Dparam=type -I/users/olsentim/Projects/neko-top/external/pfunit/extern/fArgParse/extern/gFTL-shared/extern/gFTL/include/v1/types/../templates < /users/olsentim/Projects/neko-top/external/pfunit/extern/fArgParse/extern/gFTL-shared/extern/gFTL/include/v1/types/integer.m4 > integer.inc
[  0%] Generating key_integer.inc
cd /users/olsentim/Projects/neko-top/external/pfunit/build/extern/fArgParse/extern/gFTL-shared/extern/gFTL/include/v1/types && /appl/lumi/SW/CrayEnv/EB/buildtools/25.03/bin/m4 -s -Dparam=key -I/users/olsentim/Projects/neko-top/external/pfunit/extern/fArgParse/extern/gFTL-shared/extern/gFTL/include/v1/types/../templates < /users/olsentim/Projects/neko-top/external/pfunit/extern/fArgParse/extern/gFTL-shared/extern/gFTL/include/v1/types/integer.m4 > key_integer.inc
[  0%] Generating value_integer.inc
cd /users/olsentim/Projects/neko-top/external/pfunit/build/extern/fArgParse/extern/gFTL-shared/extern/gFTL/include/v1/types && /appl/lumi/SW/CrayEnv/EB/buildtools/25.03/bin/m4 -s -Dparam=value -I/users/olsentim/Projects/neko-top/external/pfunit/extern/fArgParse/extern/gFTL-shared/extern/gFTL/include/v1/types/../templates < /users/olsentim/Projects/neko-top/external/pfunit/extern/fArgParse/extern/gFTL-shared/extern/gFTL/include/v1/types/integer.m4 > value_integer.inc
[  0%] Generating real.inc
cd /users/olsentim/Projects/neko-top/external/pfunit/build/extern/fArgParse/extern/gFTL-shared/extern/gFTL/include/v1/types && /appl/lumi/SW/CrayEnv/EB/buildtools/25.03/bin/m4 -s -Dparam=type -I/users/olsentim/Projects/neko-top/external/pfunit/extern/fArgParse/extern/gFTL-shared/extern/gFTL/include/v1/types/../templates < /users/olsentim/Projects/neko-top/external/pfunit/extern/fArgParse/extern/gFTL-shared/extern/gFTL/include/v1/types/real.m4 > real.inc
[  1%] Generating key_real.inc
cd /users/olsentim/Projects/neko-top/external/pfunit/build/extern/fArgParse/extern/gFTL-shared/extern/gFTL/include/v1/types && /appl/lumi/SW/CrayEnv/EB/buildtools/25.03/bin/m4 -s -Dparam=key -I/users/olsentim/Projects/neko-top/external/pfunit/extern/fArgParse/extern/gFTL-shared/extern/gFTL/include/v1/types/../templates < /users/olsentim/Projects/neko-top/external/pfunit/extern/fArgParse/extern/gFTL-shared/extern/gFTL/include/v1/types/real.m4 > key_real.inc
[  2%] Generating value_real.inc
cd /users/olsentim/Projects/neko-top/external/pfunit/build/extern/fArgParse/extern/gFTL-shared/extern/gFTL/include/v1/types && /appl/lumi/SW/CrayEnv/EB/buildtools/25.03/bin/m4 -s -Dparam=value -I/users/olsentim/Projects/neko-top/external/pfunit/extern/fArgParse/extern/gFTL-shared/extern/gFTL/include/v1/types/../templates < /users/olsentim/Projects/neko-top/external/pfunit/extern/fArgParse/extern/gFTL-shared/extern/gFTL/include/v1/types/real.m4 > value_real.inc
[  2%] Generating real32.inc
cd /users/olsentim/Projects/neko-top/external/pfunit/build/extern/fArgParse/extern/gFTL-shared/extern/gFTL/include/v1/types && /appl/lumi/SW/CrayEnv/EB/buildtools/25.03/bin/m4 -s -Dparam=type -I/users/olsentim/Projects/neko-top/external/pfunit/extern/fArgParse/extern/gFTL-shared/extern/gFTL/include/v1/types/../templates < /users/olsentim/Projects/neko-top/external/pfunit/extern/fArgParse/extern/gFTL-shared/extern/gFTL/include/v1/types/real32.m4 > real32.inc
[  2%] Generating key_real32.inc
cd /users/olsentim/Projects/neko-top/external/pfunit/build/extern/fArgParse/extern/gFTL-shared/extern/gFTL/include/v1/types && /appl/lumi/SW/CrayEnv/EB/buildtools/25.03/bin/m4 -s -Dparam=key -I/users/olsentim/Projects/neko-top/external/pfunit/extern/fArgParse/extern/gFTL-shared/extern/gFTL/include/v1/types/../templates < /users/olsentim/Projects/neko-top/external/pfunit/extern/fArgParse/extern/gFTL-shared/extern/gFTL/include/v1/types/real32.m4 > key_real32.inc
[  2%] Generating value_real32.inc
cd /users/olsentim/Projects/neko-top/external/pfunit/build/extern/fArgParse/extern/gFTL-shared/extern/gFTL/include/v1/types && /appl/lumi/SW/CrayEnv/EB/buildtools/25.03/bin/m4 -s -Dparam=value -I/users/olsentim/Projects/neko-top/external/pfunit/extern/fArgParse/extern/gFTL-shared/extern/gFTL/include/v1/types/../templates < /users/olsentim/Projects/neko-top/external/pfunit/extern/fArgParse/extern/gFTL-shared/extern/gFTL/include/v1/types/real32.m4 > value_real32.inc
[  2%] Generating real64.inc
cd /users/olsentim/Projects/neko-top/external/pfunit/build/extern/fArgParse/extern/gFTL-shared/extern/gFTL/include/v1/types && /appl/lumi/SW/CrayEnv/EB/buildtools/25.03/bin/m4 -s -Dparam=type -I/users/olsentim/Projects/neko-top/external/pfunit/extern/fArgParse/extern/gFTL-shared/extern/gFTL/include/v1/types/../templates < /users/olsentim/Projects/neko-top/external/pfunit/extern/fArgParse/extern/gFTL-shared/extern/gFTL/include/v1/types/real64.m4 > real64.inc
[  2%] Generating key_real64.inc
cd /users/olsentim/Projects/neko-top/external/pfunit/build/extern/fArgParse/extern/gFTL-shared/extern/gFTL/include/v1/types && /appl/lumi/SW/CrayEnv/EB/buildtools/25.03/bin/m4 -s -Dparam=key -I/users/olsentim/Projects/neko-top/external/pfunit/extern/fArgParse/extern/gFTL-shared/extern/gFTL/include/v1/types/../templates < /users/olsentim/Projects/neko-top/external/pfunit/extern/fArgParse/extern/gFTL-shared/extern/gFTL/include/v1/types/real64.m4 > key_real64.inc
[  2%] Generating value_real64.inc
cd /users/olsentim/Projects/neko-top/external/pfunit/build/extern/fArgParse/extern/gFTL-shared/extern/gFTL/include/v1/types && /appl/lumi/SW/CrayEnv/EB/buildtools/25.03/bin/m4 -s -Dparam=value -I/users/olsentim/Projects/neko-top/external/pfunit/extern/fArgParse/extern/gFTL-shared/extern/gFTL/include/v1/types/../templates < /users/olsentim/Projects/neko-top/external/pfunit/extern/fArgParse/extern/gFTL-shared/extern/gFTL/include/v1/types/real64.m4 > value_real64.inc
[  3%] Generating complex.inc
cd /users/olsentim/Projects/neko-top/external/pfunit/build/extern/fArgParse/extern/gFTL-shared/extern/gFTL/include/v1/types && /appl/lumi/SW/CrayEnv/EB/buildtools/25.03/bin/m4 -s -Dparam=type -I/users/olsentim/Projects/neko-top/external/pfunit/extern/fArgParse/extern/gFTL-shared/extern/gFTL/include/v1/types/../templates < /users/olsentim/Projects/neko-top/external/pfunit/extern/fArgParse/extern/gFTL-shared/extern/gFTL/include/v1/types/complex.m4 > complex.inc
[  3%] Generating key_complex.inc
cd /users/olsentim/Projects/neko-top/external/pfunit/build/extern/fArgParse/extern/gFTL-shared/extern/gFTL/include/v1/types && /appl/lumi/SW/CrayEnv/EB/buildtools/25.03/bin/m4 -s -Dparam=key -I/users/olsentim/Projects/neko-top/external/pfunit/extern/fArgParse/extern/gFTL-shared/extern/gFTL/include/v1/types/../templates < /users/olsentim/Projects/neko-top/external/pfunit/extern/fArgParse/extern/gFTL-shared/extern/gFTL/include/v1/types/complex.m4 > key_complex.inc
[  3%] Generating value_complex.inc
cd /users/olsentim/Projects/neko-top/external/pfunit/build/extern/fArgParse/extern/gFTL-shared/extern/gFTL/include/v1/types && /appl/lumi/SW/CrayEnv/EB/buildtools/25.03/bin/m4 -s -Dparam=value -I/users/olsentim/Projects/neko-top/external/pfunit/extern/fArgParse/extern/gFTL-shared/extern/gFTL/include/v1/types/../templates < /users/olsentim/Projects/neko-top/external/pfunit/extern/fArgParse/extern/gFTL-shared/extern/gFTL/include/v1/types/complex.m4 > value_complex.inc
[  3%] Generating complex64.inc
cd /users/olsentim/Projects/neko-top/external/pfunit/build/extern/fArgParse/extern/gFTL-shared/extern/gFTL/include/v1/types && /appl/lumi/SW/CrayEnv/EB/buildtools/25.03/bin/m4 -s -Dparam=type -I/users/olsentim/Projects/neko-top/external/pfunit/extern/fArgParse/extern/gFTL-shared/extern/gFTL/include/v1/types/../templates < /users/olsentim/Projects/neko-top/external/pfunit/extern/fArgParse/extern/gFTL-shared/extern/gFTL/include/v1/types/complex64.m4 > complex64.inc
[  4%] Generating key_complex64.inc
cd /users/olsentim/Projects/neko-top/external/pfunit/build/extern/fArgParse/extern/gFTL-shared/extern/gFTL/include/v1/types && /appl/lumi/SW/CrayEnv/EB/buildtools/25.03/bin/m4 -s -Dparam=key -I/users/olsentim/Projects/neko-top/external/pfunit/extern/fArgParse/extern/gFTL-shared/extern/gFTL/include/v1/types/../templates < /users/olsentim/Projects/neko-top/external/pfunit/extern/fArgParse/extern/gFTL-shared/extern/gFTL/include/v1/types/complex64.m4 > key_complex64.inc
[  5%] Generating value_complex64.inc
cd /users/olsentim/Projects/neko-top/external/pfunit/build/extern/fArgParse/extern/gFTL-shared/extern/gFTL/include/v1/types && /appl/lumi/SW/CrayEnv/EB/buildtools/25.03/bin/m4 -s -Dparam=value -I/users/olsentim/Projects/neko-top/external/pfunit/extern/fArgParse/extern/gFTL-shared/extern/gFTL/include/v1/types/../templates < /users/olsentim/Projects/neko-top/external/pfunit/extern/fArgParse/extern/gFTL-shared/extern/gFTL/include/v1/types/complex64.m4 > value_complex64.inc
[  5%] Generating complex128.inc
cd /users/olsentim/Projects/neko-top/external/pfunit/build/extern/fArgParse/extern/gFTL-shared/extern/gFTL/include/v1/types && /appl/lumi/SW/CrayEnv/EB/buildtools/25.03/bin/m4 -s -Dparam=type -I/users/olsentim/Projects/neko-top/external/pfunit/extern/fArgParse/extern/gFTL-shared/extern/gFTL/include/v1/types/../templates < /users/olsentim/Projects/neko-top/external/pfunit/extern/fArgParse/extern/gFTL-shared/extern/gFTL/include/v1/types/complex128.m4 > complex128.inc
[  5%] Generating key_complex128.inc
cd /users/olsentim/Projects/neko-top/external/pfunit/build/extern/fArgParse/extern/gFTL-shared/extern/gFTL/include/v1/types && /appl/lumi/SW/CrayEnv/EB/buildtools/25.03/bin/m4 -s -Dparam=key -I/users/olsentim/Projects/neko-top/external/pfunit/extern/fArgParse/extern/gFTL-shared/extern/gFTL/include/v1/types/../templates < /users/olsentim/Projects/neko-top/external/pfunit/extern/fArgParse/extern/gFTL-shared/extern/gFTL/include/v1/types/complex128.m4 > key_complex128.inc
[  5%] Generating value_complex128.inc
cd /users/olsentim/Projects/neko-top/external/pfunit/build/extern/fArgParse/extern/gFTL-shared/extern/gFTL/include/v1/types && /appl/lumi/SW/CrayEnv/EB/buildtools/25.03/bin/m4 -s -Dparam=value -I/users/olsentim/Projects/neko-top/external/pfunit/extern/fArgParse/extern/gFTL-shared/extern/gFTL/include/v1/types/../templates < /users/olsentim/Projects/neko-top/external/pfunit/extern/fArgParse/extern/gFTL-shared/extern/gFTL/include/v1/types/complex128.m4 > value_complex128.inc
[  5%] Generating logical.inc
cd /users/olsentim/Projects/neko-top/external/pfunit/build/extern/fArgParse/extern/gFTL-shared/extern/gFTL/include/v1/types && /appl/lumi/SW/CrayEnv/EB/buildtools/25.03/bin/m4 -s -Dparam=type -I/users/olsentim/Projects/neko-top/external/pfunit/extern/fArgParse/extern/gFTL-shared/extern/gFTL/include/v1/types/../templates < /users/olsentim/Projects/neko-top/external/pfunit/extern/fArgParse/extern/gFTL-shared/extern/gFTL/include/v1/types/logical.m4 > logical.inc
[  5%] Generating key_logical.inc
cd /users/olsentim/Projects/neko-top/external/pfunit/build/extern/fArgParse/extern/gFTL-shared/extern/gFTL/include/v1/types && /appl/lumi/SW/CrayEnv/EB/buildtools/25.03/bin/m4 -s -Dparam=key -I/users/olsentim/Projects/neko-top/external/pfunit/extern/fArgParse/extern/gFTL-shared/extern/gFTL/include/v1/types/../templates < /users/olsentim/Projects/neko-top/external/pfunit/extern/fArgParse/extern/gFTL-shared/extern/gFTL/include/v1/types/logical.m4 > key_logical.inc
[  5%] Generating value_logical.inc
cd /users/olsentim/Projects/neko-top/external/pfunit/build/extern/fArgParse/extern/gFTL-shared/extern/gFTL/include/v1/types && /appl/lumi/SW/CrayEnv/EB/buildtools/25.03/bin/m4 -s -Dparam=value -I/users/olsentim/Projects/neko-top/external/pfunit/extern/fArgParse/extern/gFTL-shared/extern/gFTL/include/v1/types/../templates < /users/olsentim/Projects/neko-top/external/pfunit/extern/fArgParse/extern/gFTL-shared/extern/gFTL/include/v1/types/logical.m4 > value_logical.inc
[  5%] Generating character.inc
cd /users/olsentim/Projects/neko-top/external/pfunit/build/extern/fArgParse/extern/gFTL-shared/extern/gFTL/include/v1/types && /appl/lumi/SW/CrayEnv/EB/buildtools/25.03/bin/m4 -s -Dparam=type -I/users/olsentim/Projects/neko-top/external/pfunit/extern/fArgParse/extern/gFTL-shared/extern/gFTL/include/v1/types/../templates < /users/olsentim/Projects/neko-top/external/pfunit/extern/fArgParse/extern/gFTL-shared/extern/gFTL/include/v1/types/character.m4 > character.inc
[  5%] Generating key_character.inc
cd /users/olsentim/Projects/neko-top/external/pfunit/build/extern/fArgParse/extern/gFTL-shared/extern/gFTL/include/v1/types && /appl/lumi/SW/CrayEnv/EB/buildtools/25.03/bin/m4 -s -Dparam=key -I/users/olsentim/Projects/neko-top/external/pfunit/extern/fArgParse/extern/gFTL-shared/extern/gFTL/include/v1/types/../templates < /users/olsentim/Projects/neko-top/external/pfunit/extern/fArgParse/extern/gFTL-shared/extern/gFTL/include/v1/types/character.m4 > key_character.inc
[  5%] Generating value_character.inc
cd /users/olsentim/Projects/neko-top/external/pfunit/build/extern/fArgParse/extern/gFTL-shared/extern/gFTL/include/v1/types && /appl/lumi/SW/CrayEnv/EB/buildtools/25.03/bin/m4 -s -Dparam=value -I/users/olsentim/Projects/neko-top/external/pfunit/extern/fArgParse/extern/gFTL-shared/extern/gFTL/include/v1/types/../templates < /users/olsentim/Projects/neko-top/external/pfunit/extern/fArgParse/extern/gFTL-shared/extern/gFTL/include/v1/types/character.m4 > value_character.inc
[  5%] Generating deferredLengthString.inc
cd /users/olsentim/Projects/neko-top/external/pfunit/build/extern/fArgParse/extern/gFTL-shared/extern/gFTL/include/v1/types && /appl/lumi/SW/CrayEnv/EB/buildtools/25.03/bin/m4 -s -Dparam=type -I/users/olsentim/Projects/neko-top/external/pfunit/extern/fArgParse/extern/gFTL-shared/extern/gFTL/include/v1/types/../templates < /users/olsentim/Projects/neko-top/external/pfunit/extern/fArgParse/extern/gFTL-shared/extern/gFTL/include/v1/types/deferredLengthString.m4 > deferredLengthString.inc
[  5%] Generating key_deferredLengthString.inc
cd /users/olsentim/Projects/neko-top/external/pfunit/build/extern/fArgParse/extern/gFTL-shared/extern/gFTL/include/v1/types && /appl/lumi/SW/CrayEnv/EB/buildtools/25.03/bin/m4 -s -Dparam=key -I/users/olsentim/Projects/neko-top/external/pfunit/extern/fArgParse/extern/gFTL-shared/extern/gFTL/include/v1/types/../templates < /users/olsentim/Projects/neko-top/external/pfunit/extern/fArgParse/extern/gFTL-shared/extern/gFTL/include/v1/types/deferredLengthString.m4 > key_deferredLengthString.inc
[  5%] Generating value_deferredLengthString.inc
cd /users/olsentim/Projects/neko-top/external/pfunit/build/extern/fArgParse/extern/gFTL-shared/extern/gFTL/include/v1/types && /appl/lumi/SW/CrayEnv/EB/buildtools/25.03/bin/m4 -s -Dparam=value -I/users/olsentim/Projects/neko-top/external/pfunit/extern/fArgParse/extern/gFTL-shared/extern/gFTL/include/v1/types/../templates < /users/olsentim/Projects/neko-top/external/pfunit/extern/fArgParse/extern/gFTL-shared/extern/gFTL/include/v1/types/deferredLengthString.m4 > value_deferredLengthString.inc
[  5%] Generating character17.inc
cd /users/olsentim/Projects/neko-top/external/pfunit/build/extern/fArgParse/extern/gFTL-shared/extern/gFTL/include/v1/types && /appl/lumi/SW/CrayEnv/EB/buildtools/25.03/bin/m4 -s -Dparam=type -I/users/olsentim/Projects/neko-top/external/pfunit/extern/fArgParse/extern/gFTL-shared/extern/gFTL/include/v1/types/../templates < /users/olsentim/Projects/neko-top/external/pfunit/extern/fArgParse/extern/gFTL-shared/extern/gFTL/include/v1/types/character17.m4 > character17.inc
[  5%] Generating key_character17.inc
cd /users/olsentim/Projects/neko-top/external/pfunit/build/extern/fArgParse/extern/gFTL-shared/extern/gFTL/include/v1/types && /appl/lumi/SW/CrayEnv/EB/buildtools/25.03/bin/m4 -s -Dparam=key -I/users/olsentim/Projects/neko-top/external/pfunit/extern/fArgParse/extern/gFTL-shared/extern/gFTL/include/v1/types/../templates < /users/olsentim/Projects/neko-top/external/pfunit/extern/fArgParse/extern/gFTL-shared/extern/gFTL/include/v1/types/character17.m4 > key_character17.inc
[  5%] Generating value_character17.inc
cd /users/olsentim/Projects/neko-top/external/pfunit/build/extern/fArgParse/extern/gFTL-shared/extern/gFTL/include/v1/types && /appl/lumi/SW/CrayEnv/EB/buildtools/25.03/bin/m4 -s -Dparam=value -I/users/olsentim/Projects/neko-top/external/pfunit/extern/fArgParse/extern/gFTL-shared/extern/gFTL/include/v1/types/../templates < /users/olsentim/Projects/neko-top/external/pfunit/extern/fArgParse/extern/gFTL-shared/extern/gFTL/include/v1/types/character17.m4 > value_character17.inc
[  5%] Generating unlimitedPoly.inc
cd /users/olsentim/Projects/neko-top/external/pfunit/build/extern/fArgParse/extern/gFTL-shared/extern/gFTL/include/v1/types && /appl/lumi/SW/CrayEnv/EB/buildtools/25.03/bin/m4 -s -Dparam=type -I/users/olsentim/Projects/neko-top/external/pfunit/extern/fArgParse/extern/gFTL-shared/extern/gFTL/include/v1/types/../templates < /users/olsentim/Projects/neko-top/external/pfunit/extern/fArgParse/extern/gFTL-shared/extern/gFTL/include/v1/types/unlimitedPoly.m4 > unlimitedPoly.inc
[  5%] Generating key_unlimitedPoly.inc
cd /users/olsentim/Projects/neko-top/external/pfunit/build/extern/fArgParse/extern/gFTL-shared/extern/gFTL/include/v1/types && /appl/lumi/SW/CrayEnv/EB/buildtools/25.03/bin/m4 -s -Dparam=key -I/users/olsentim/Projects/neko-top/external/pfunit/extern/fArgParse/extern/gFTL-shared/extern/gFTL/include/v1/types/../templates < /users/olsentim/Projects/neko-top/external/pfunit/extern/fArgParse/extern/gFTL-shared/extern/gFTL/include/v1/types/unlimitedPoly.m4 > key_unlimitedPoly.inc
[  5%] Generating value_unlimitedPoly.inc
cd /users/olsentim/Projects/neko-top/external/pfunit/build/extern/fArgParse/extern/gFTL-shared/extern/gFTL/include/v1/types && /appl/lumi/SW/CrayEnv/EB/buildtools/25.03/bin/m4 -s -Dparam=value -I/users/olsentim/Projects/neko-top/external/pfunit/extern/fArgParse/extern/gFTL-shared/extern/gFTL/include/v1/types/../templates < /users/olsentim/Projects/neko-top/external/pfunit/extern/fArgParse/extern/gFTL-shared/extern/gFTL/include/v1/types/unlimitedPoly.m4 > value_unlimitedPoly.inc
[  6%] Generating unlimitedPolyPtr.inc
cd /users/olsentim/Projects/neko-top/external/pfunit/build/extern/fArgParse/extern/gFTL-shared/extern/gFTL/include/v1/types && /appl/lumi/SW/CrayEnv/EB/buildtools/25.03/bin/m4 -s -Dparam=type -I/users/olsentim/Projects/neko-top/external/pfunit/extern/fArgParse/extern/gFTL-shared/extern/gFTL/include/v1/types/../templates < /users/olsentim/Projects/neko-top/external/pfunit/extern/fArgParse/extern/gFTL-shared/extern/gFTL/include/v1/types/unlimitedPolyPtr.m4 > unlimitedPolyPtr.inc
[  6%] Generating key_unlimitedPolyPtr.inc
cd /users/olsentim/Projects/neko-top/external/pfunit/build/extern/fArgParse/extern/gFTL-shared/extern/gFTL/include/v1/types && /appl/lumi/SW/CrayEnv/EB/buildtools/25.03/bin/m4 -s -Dparam=key -I/users/olsentim/Projects/neko-top/external/pfunit/extern/fArgParse/extern/gFTL-shared/extern/gFTL/include/v1/types/../templates < /users/olsentim/Projects/neko-top/external/pfunit/extern/fArgParse/extern/gFTL-shared/extern/gFTL/include/v1/types/unlimitedPolyPtr.m4 > key_unlimitedPolyPtr.inc
[  6%] Generating value_unlimitedPolyPtr.inc
cd /users/olsentim/Projects/neko-top/external/pfunit/build/extern/fArgParse/extern/gFTL-shared/extern/gFTL/include/v1/types && /appl/lumi/SW/CrayEnv/EB/buildtools/25.03/bin/m4 -s -Dparam=value -I/users/olsentim/Projects/neko-top/external/pfunit/extern/fArgParse/extern/gFTL-shared/extern/gFTL/include/v1/types/../templates < /users/olsentim/Projects/neko-top/external/pfunit/extern/fArgParse/extern/gFTL-shared/extern/gFTL/include/v1/types/unlimitedPolyPtr.m4 > value_unlimitedPolyPtr.inc
[  6%] Generating integer1d.inc
cd /users/olsentim/Projects/neko-top/external/pfunit/build/extern/fArgParse/extern/gFTL-shared/extern/gFTL/include/v1/types && /appl/lumi/SW/CrayEnv/EB/buildtools/25.03/bin/m4 -s -Dparam=type -I/users/olsentim/Projects/neko-top/external/pfunit/extern/fArgParse/extern/gFTL-shared/extern/gFTL/include/v1/types/../templates < /users/olsentim/Projects/neko-top/external/pfunit/extern/fArgParse/extern/gFTL-shared/extern/gFTL/include/v1/types/integer1d.m4 > integer1d.inc
[  6%] Generating key_integer1d.inc
cd /users/olsentim/Projects/neko-top/external/pfunit/build/extern/fArgParse/extern/gFTL-shared/extern/gFTL/include/v1/types && /appl/lumi/SW/CrayEnv/EB/buildtools/25.03/bin/m4 -s -Dparam=key -I/users/olsentim/Projects/neko-top/external/pfunit/extern/fArgParse/extern/gFTL-shared/extern/gFTL/include/v1/types/../templates < /users/olsentim/Projects/neko-top/external/pfunit/extern/fArgParse/extern/gFTL-shared/extern/gFTL/include/v1/types/integer1d.m4 > key_integer1d.inc
[  6%] Generating value_integer1d.inc
cd /users/olsentim/Projects/neko-top/external/pfunit/build/extern/fArgParse/extern/gFTL-shared/extern/gFTL/include/v1/types && /appl/lumi/SW/CrayEnv/EB/buildtools/25.03/bin/m4 -s -Dparam=value -I/users/olsentim/Projects/neko-top/external/pfunit/extern/fArgParse/extern/gFTL-shared/extern/gFTL/include/v1/types/../templates < /users/olsentim/Projects/neko-top/external/pfunit/extern/fArgParse/extern/gFTL-shared/extern/gFTL/include/v1/types/integer1d.m4 > value_integer1d.inc
[  6%] Generating integer2d.inc
cd /users/olsentim/Projects/neko-top/external/pfunit/build/extern/fArgParse/extern/gFTL-shared/extern/gFTL/include/v1/types && /appl/lumi/SW/CrayEnv/EB/buildtools/25.03/bin/m4 -s -Dparam=type -I/users/olsentim/Projects/neko-top/external/pfunit/extern/fArgParse/extern/gFTL-shared/extern/gFTL/include/v1/types/../templates < /users/olsentim/Projects/neko-top/external/pfunit/extern/fArgParse/extern/gFTL-shared/extern/gFTL/include/v1/types/integer2d.m4 > integer2d.inc
[  6%] Generating key_integer2d.inc
cd /users/olsentim/Projects/neko-top/external/pfunit/build/extern/fArgParse/extern/gFTL-shared/extern/gFTL/include/v1/types && /appl/lumi/SW/CrayEnv/EB/buildtools/25.03/bin/m4 -s -Dparam=key -I/users/olsentim/Projects/neko-top/external/pfunit/extern/fArgParse/extern/gFTL-shared/extern/gFTL/include/v1/types/../templates < /users/olsentim/Projects/neko-top/external/pfunit/extern/fArgParse/extern/gFTL-shared/extern/gFTL/include/v1/types/integer2d.m4 > key_integer2d.inc
[  6%] Generating value_integer2d.inc
cd /users/olsentim/Projects/neko-top/external/pfunit/build/extern/fArgParse/extern/gFTL-shared/extern/gFTL/include/v1/types && /appl/lumi/SW/CrayEnv/EB/buildtools/25.03/bin/m4 -s -Dparam=value -I/users/olsentim/Projects/neko-top/external/pfunit/extern/fArgParse/extern/gFTL-shared/extern/gFTL/include/v1/types/../templates < /users/olsentim/Projects/neko-top/external/pfunit/extern/fArgParse/extern/gFTL-shared/extern/gFTL/include/v1/types/integer2d.m4 > value_integer2d.inc
[  6%] Generating integer2d_fixedExtents.inc
cd /users/olsentim/Projects/neko-top/external/pfunit/build/extern/fArgParse/extern/gFTL-shared/extern/gFTL/include/v1/types && /appl/lumi/SW/CrayEnv/EB/buildtools/25.03/bin/m4 -s -Dparam=type -I/users/olsentim/Projects/neko-top/external/pfunit/extern/fArgParse/extern/gFTL-shared/extern/gFTL/include/v1/types/../templates < /users/olsentim/Projects/neko-top/external/pfunit/extern/fArgParse/extern/gFTL-shared/extern/gFTL/include/v1/types/integer2d_fixedExtents.m4 > integer2d_fixedExtents.inc
[  6%] Generating key_integer2d_fixedExtents.inc
cd /users/olsentim/Projects/neko-top/external/pfunit/build/extern/fArgParse/extern/gFTL-shared/extern/gFTL/include/v1/types && /appl/lumi/SW/CrayEnv/EB/buildtools/25.03/bin/m4 -s -Dparam=key -I/users/olsentim/Projects/neko-top/external/pfunit/extern/fArgParse/extern/gFTL-shared/extern/gFTL/include/v1/types/../templates < /users/olsentim/Projects/neko-top/external/pfunit/extern/fArgParse/extern/gFTL-shared/extern/gFTL/include/v1/types/integer2d_fixedExtents.m4 > key_integer2d_fixedExtents.inc
[  6%] Generating value_integer2d_fixedExtents.inc
cd /users/olsentim/Projects/neko-top/external/pfunit/build/extern/fArgParse/extern/gFTL-shared/extern/gFTL/include/v1/types && /appl/lumi/SW/CrayEnv/EB/buildtools/25.03/bin/m4 -s -Dparam=value -I/users/olsentim/Projects/neko-top/external/pfunit/extern/fArgParse/extern/gFTL-shared/extern/gFTL/include/v1/types/../templates < /users/olsentim/Projects/neko-top/external/pfunit/extern/fArgParse/extern/gFTL-shared/extern/gFTL/include/v1/types/integer2d_fixedExtents.m4 > value_integer2d_fixedExtents.inc
[  8%] Generating integerPtr.inc
cd /users/olsentim/Projects/neko-top/external/pfunit/build/extern/fArgParse/extern/gFTL-shared/extern/gFTL/include/v1/types && /appl/lumi/SW/CrayEnv/EB/buildtools/25.03/bin/m4 -s -Dparam=type -I/users/olsentim/Projects/neko-top/external/pfunit/extern/fArgParse/extern/gFTL-shared/extern/gFTL/include/v1/types/../templates < /users/olsentim/Projects/neko-top/external/pfunit/extern/fArgParse/extern/gFTL-shared/extern/gFTL/include/v1/types/integerPtr.m4 > integerPtr.inc
[  8%] Generating key_integerPtr.inc
cd /users/olsentim/Projects/neko-top/external/pfunit/build/extern/fArgParse/extern/gFTL-shared/extern/gFTL/include/v1/types && /appl/lumi/SW/CrayEnv/EB/buildtools/25.03/bin/m4 -s -Dparam=key -I/users/olsentim/Projects/neko-top/external/pfunit/extern/fArgParse/extern/gFTL-shared/extern/gFTL/include/v1/types/../templates < /users/olsentim/Projects/neko-top/external/pfunit/extern/fArgParse/extern/gFTL-shared/extern/gFTL/include/v1/types/integerPtr.m4 > key_integerPtr.inc
[  8%] Generating value_integerPtr.inc
cd /users/olsentim/Projects/neko-top/external/pfunit/build/extern/fArgParse/extern/gFTL-shared/extern/gFTL/include/v1/types && /appl/lumi/SW/CrayEnv/EB/buildtools/25.03/bin/m4 -s -Dparam=value -I/users/olsentim/Projects/neko-top/external/pfunit/extern/fArgParse/extern/gFTL-shared/extern/gFTL/include/v1/types/../templates < /users/olsentim/Projects/neko-top/external/pfunit/extern/fArgParse/extern/gFTL-shared/extern/gFTL/include/v1/types/integerPtr.m4 > value_integerPtr.inc
[  8%] Generating integer2dPtr.inc
cd /users/olsentim/Projects/neko-top/external/pfunit/build/extern/fArgParse/extern/gFTL-shared/extern/gFTL/include/v1/types && /appl/lumi/SW/CrayEnv/EB/buildtools/25.03/bin/m4 -s -Dparam=type -I/users/olsentim/Projects/neko-top/external/pfunit/extern/fArgParse/extern/gFTL-shared/extern/gFTL/include/v1/types/../templates < /users/olsentim/Projects/neko-top/external/pfunit/extern/fArgParse/extern/gFTL-shared/extern/gFTL/include/v1/types/integer2dPtr.m4 > integer2dPtr.inc
[  8%] Generating key_integer2dPtr.inc
cd /users/olsentim/Projects/neko-top/external/pfunit/build/extern/fArgParse/extern/gFTL-shared/extern/gFTL/include/v1/types && /appl/lumi/SW/CrayEnv/EB/buildtools/25.03/bin/m4 -s -Dparam=key -I/users/olsentim/Projects/neko-top/external/pfunit/extern/fArgParse/extern/gFTL-shared/extern/gFTL/include/v1/types/../templates < /users/olsentim/Projects/neko-top/external/pfunit/extern/fArgParse/extern/gFTL-shared/extern/gFTL/include/v1/types/integer2dPtr.m4 > key_integer2dPtr.inc
[  8%] Generating value_integer2dPtr.inc
cd /users/olsentim/Projects/neko-top/external/pfunit/build/extern/fArgParse/extern/gFTL-shared/extern/gFTL/include/v1/types && /appl/lumi/SW/CrayEnv/EB/buildtools/25.03/bin/m4 -s -Dparam=value -I/users/olsentim/Projects/neko-top/external/pfunit/extern/fArgParse/extern/gFTL-shared/extern/gFTL/include/v1/types/../templates < /users/olsentim/Projects/neko-top/external/pfunit/extern/fArgParse/extern/gFTL-shared/extern/gFTL/include/v1/types/integer2dPtr.m4 > value_integer2dPtr.inc
[  8%] Generating integerAlloc.inc
cd /users/olsentim/Projects/neko-top/external/pfunit/build/extern/fArgParse/extern/gFTL-shared/extern/gFTL/include/v1/types && /appl/lumi/SW/CrayEnv/EB/buildtools/25.03/bin/m4 -s -Dparam=type -I/users/olsentim/Projects/neko-top/external/pfunit/extern/fArgParse/extern/gFTL-shared/extern/gFTL/include/v1/types/../templates < /users/olsentim/Projects/neko-top/external/pfunit/extern/fArgParse/extern/gFTL-shared/extern/gFTL/include/v1/types/integerAlloc.m4 > integerAlloc.inc
[  8%] Generating key_integerAlloc.inc
cd /users/olsentim/Projects/neko-top/external/pfunit/build/extern/fArgParse/extern/gFTL-shared/extern/gFTL/include/v1/types && /appl/lumi/SW/CrayEnv/EB/buildtools/25.03/bin/m4 -s -Dparam=key -I/users/olsentim/Projects/neko-top/external/pfunit/extern/fArgParse/extern/gFTL-shared/extern/gFTL/include/v1/types/../templates < /users/olsentim/Projects/neko-top/external/pfunit/extern/fArgParse/extern/gFTL-shared/extern/gFTL/include/v1/types/integerAlloc.m4 > key_integerAlloc.inc
[  8%] Generating value_integerAlloc.inc
cd /users/olsentim/Projects/neko-top/external/pfunit/build/extern/fArgParse/extern/gFTL-shared/extern/gFTL/include/v1/types && /appl/lumi/SW/CrayEnv/EB/buildtools/25.03/bin/m4 -s -Dparam=value -I/users/olsentim/Projects/neko-top/external/pfunit/extern/fArgParse/extern/gFTL-shared/extern/gFTL/include/v1/types/../templates < /users/olsentim/Projects/neko-top/external/pfunit/extern/fArgParse/extern/gFTL-shared/extern/gFTL/include/v1/types/integerAlloc.m4 > value_integerAlloc.inc
[  8%] Generating Foo.inc
cd /users/olsentim/Projects/neko-top/external/pfunit/build/extern/fArgParse/extern/gFTL-shared/extern/gFTL/include/v1/types && /appl/lumi/SW/CrayEnv/EB/buildtools/25.03/bin/m4 -s -Dparam=type -I/users/olsentim/Projects/neko-top/external/pfunit/extern/fArgParse/extern/gFTL-shared/extern/gFTL/include/v1/types/../templates < /users/olsentim/Projects/neko-top/external/pfunit/extern/fArgParse/extern/gFTL-shared/extern/gFTL/include/v1/types/Foo.m4 > Foo.inc
[  8%] Generating key_Foo.inc
cd /users/olsentim/Projects/neko-top/external/pfunit/build/extern/fArgParse/extern/gFTL-shared/extern/gFTL/include/v1/types && /appl/lumi/SW/CrayEnv/EB/buildtools/25.03/bin/m4 -s -Dparam=key -I/users/olsentim/Projects/neko-top/external/pfunit/extern/fArgParse/extern/gFTL-shared/extern/gFTL/include/v1/types/../templates < /users/olsentim/Projects/neko-top/external/pfunit/extern/fArgParse/extern/gFTL-shared/extern/gFTL/include/v1/types/Foo.m4 > key_Foo.inc
[  8%] Generating value_Foo.inc
cd /users/olsentim/Projects/neko-top/external/pfunit/build/extern/fArgParse/extern/gFTL-shared/extern/gFTL/include/v1/types && /appl/lumi/SW/CrayEnv/EB/buildtools/25.03/bin/m4 -s -Dparam=value -I/users/olsentim/Projects/neko-top/external/pfunit/extern/fArgParse/extern/gFTL-shared/extern/gFTL/include/v1/types/../templates < /users/olsentim/Projects/neko-top/external/pfunit/extern/fArgParse/extern/gFTL-shared/extern/gFTL/include/v1/types/Foo.m4 > value_Foo.inc
[  8%] Generating FooPtr.inc
cd /users/olsentim/Projects/neko-top/external/pfunit/build/extern/fArgParse/extern/gFTL-shared/extern/gFTL/include/v1/types && /appl/lumi/SW/CrayEnv/EB/buildtools/25.03/bin/m4 -s -Dparam=type -I/users/olsentim/Projects/neko-top/external/pfunit/extern/fArgParse/extern/gFTL-shared/extern/gFTL/include/v1/types/../templates < /users/olsentim/Projects/neko-top/external/pfunit/extern/fArgParse/extern/gFTL-shared/extern/gFTL/include/v1/types/FooPtr.m4 > FooPtr.inc
[  8%] Generating key_FooPtr.inc
cd /users/olsentim/Projects/neko-top/external/pfunit/build/extern/fArgParse/extern/gFTL-shared/extern/gFTL/include/v1/types && /appl/lumi/SW/CrayEnv/EB/buildtools/25.03/bin/m4 -s -Dparam=key -I/users/olsentim/Projects/neko-top/external/pfunit/extern/fArgParse/extern/gFTL-shared/extern/gFTL/include/v1/types/../templates < /users/olsentim/Projects/neko-top/external/pfunit/extern/fArgParse/extern/gFTL-shared/extern/gFTL/include/v1/types/FooPtr.m4 > key_FooPtr.inc
[  8%] Generating value_FooPtr.inc
cd /users/olsentim/Projects/neko-top/external/pfunit/build/extern/fArgParse/extern/gFTL-shared/extern/gFTL/include/v1/types && /appl/lumi/SW/CrayEnv/EB/buildtools/25.03/bin/m4 -s -Dparam=value -I/users/olsentim/Projects/neko-top/external/pfunit/extern/fArgParse/extern/gFTL-shared/extern/gFTL/include/v1/types/../templates < /users/olsentim/Projects/neko-top/external/pfunit/extern/fArgParse/extern/gFTL-shared/extern/gFTL/include/v1/types/FooPtr.m4 > value_FooPtr.inc
[  8%] Generating FooPoly.inc
cd /users/olsentim/Projects/neko-top/external/pfunit/build/extern/fArgParse/extern/gFTL-shared/extern/gFTL/include/v1/types && /appl/lumi/SW/CrayEnv/EB/buildtools/25.03/bin/m4 -s -Dparam=type -I/users/olsentim/Projects/neko-top/external/pfunit/extern/fArgParse/extern/gFTL-shared/extern/gFTL/include/v1/types/../templates < /users/olsentim/Projects/neko-top/external/pfunit/extern/fArgParse/extern/gFTL-shared/extern/gFTL/include/v1/types/FooPoly.m4 > FooPoly.inc
[  8%] Generating key_FooPoly.inc
cd /users/olsentim/Projects/neko-top/external/pfunit/build/extern/fArgParse/extern/gFTL-shared/extern/gFTL/include/v1/types && /appl/lumi/SW/CrayEnv/EB/buildtools/25.03/bin/m4 -s -Dparam=key -I/users/olsentim/Projects/neko-top/external/pfunit/extern/fArgParse/extern/gFTL-shared/extern/gFTL/include/v1/types/../templates < /users/olsentim/Projects/neko-top/external/pfunit/extern/fArgParse/extern/gFTL-shared/extern/gFTL/include/v1/types/FooPoly.m4 > key_FooPoly.inc
[  8%] Generating value_FooPoly.inc
cd /users/olsentim/Projects/neko-top/external/pfunit/build/extern/fArgParse/extern/gFTL-shared/extern/gFTL/include/v1/types && /appl/lumi/SW/CrayEnv/EB/buildtools/25.03/bin/m4 -s -Dparam=value -I/users/olsentim/Projects/neko-top/external/pfunit/extern/fArgParse/extern/gFTL-shared/extern/gFTL/include/v1/types/../templates < /users/olsentim/Projects/neko-top/external/pfunit/extern/fArgParse/extern/gFTL-shared/extern/gFTL/include/v1/types/FooPoly.m4 > value_FooPoly.inc
[  8%] Generating FooPolyPtr.inc
cd /users/olsentim/Projects/neko-top/external/pfunit/build/extern/fArgParse/extern/gFTL-shared/extern/gFTL/include/v1/types && /appl/lumi/SW/CrayEnv/EB/buildtools/25.03/bin/m4 -s -Dparam=type -I/users/olsentim/Projects/neko-top/external/pfunit/extern/fArgParse/extern/gFTL-shared/extern/gFTL/include/v1/types/../templates < /users/olsentim/Projects/neko-top/external/pfunit/extern/fArgParse/extern/gFTL-shared/extern/gFTL/include/v1/types/FooPolyPtr.m4 > FooPolyPtr.inc
[  8%] Generating key_FooPolyPtr.inc
cd /users/olsentim/Projects/neko-top/external/pfunit/build/extern/fArgParse/extern/gFTL-shared/extern/gFTL/include/v1/types && /appl/lumi/SW/CrayEnv/EB/buildtools/25.03/bin/m4 -s -Dparam=key -I/users/olsentim/Projects/neko-top/external/pfunit/extern/fArgParse/extern/gFTL-shared/extern/gFTL/include/v1/types/../templates < /users/olsentim/Projects/neko-top/external/pfunit/extern/fArgParse/extern/gFTL-shared/extern/gFTL/include/v1/types/FooPolyPtr.m4 > key_FooPolyPtr.inc
[  8%] Generating value_FooPolyPtr.inc
cd /users/olsentim/Projects/neko-top/external/pfunit/build/extern/fArgParse/extern/gFTL-shared/extern/gFTL/include/v1/types && /appl/lumi/SW/CrayEnv/EB/buildtools/25.03/bin/m4 -s -Dparam=value -I/users/olsentim/Projects/neko-top/external/pfunit/extern/fArgParse/extern/gFTL-shared/extern/gFTL/include/v1/types/../templates < /users/olsentim/Projects/neko-top/external/pfunit/extern/fArgParse/extern/gFTL-shared/extern/gFTL/include/v1/types/FooPolyPtr.m4 > value_FooPolyPtr.inc
make[2]: Leaving directory '/pfs/lustrep4/users/olsentim/Projects/neko-top/external/pfunit/build'
[  8%] Built target generate-type-incs
make  -f extern/fArgParse/extern/gFTL-shared/extern/gFTL/include/v1/templates/CMakeFiles/generate-template-incs.dir/build.make extern/fArgParse/extern/gFTL-shared/extern/gFTL/include/v1/templates/CMakeFiles/generate-template-incs.dir/depend
make[2]: Entering directory '/pfs/lustrep4/users/olsentim/Projects/neko-top/external/pfunit/build'
cd /users/olsentim/Projects/neko-top/external/pfunit/build && /pfs/lustrep3/appl/lumi/SW/CrayEnv/EB/buildtools/25.03/bin/cmake -E cmake_depends "Unix Makefiles" /users/olsentim/Projects/neko-top/external/pfunit /users/olsentim/Projects/neko-top/external/pfunit/extern/fArgParse/extern/gFTL-shared/extern/gFTL/include/v1/templates /users/olsentim/Projects/neko-top/external/pfunit/build /users/olsentim/Projects/neko-top/external/pfunit/build/extern/fArgParse/extern/gFTL-shared/extern/gFTL/include/v1/templates /users/olsentim/Projects/neko-top/external/pfunit/build/extern/fArgParse/extern/gFTL-shared/extern/gFTL/include/v1/templates/CMakeFiles/generate-template-incs.dir/DependInfo.cmake "--color="
make[2]: Leaving directory '/pfs/lustrep4/users/olsentim/Projects/neko-top/external/pfunit/build'
make  -f extern/fArgParse/extern/gFTL-shared/extern/gFTL/include/v1/templates/CMakeFiles/generate-template-incs.dir/build.make extern/fArgParse/extern/gFTL-shared/extern/gFTL/include/v1/templates/CMakeFiles/generate-template-incs.dir/build
make[2]: Entering directory '/pfs/lustrep4/users/olsentim/Projects/neko-top/external/pfunit/build'
[  8%] Generating type_template_macros.inc
cd /users/olsentim/Projects/neko-top/external/pfunit/build/extern/fArgParse/extern/gFTL-shared/extern/gFTL/include/v1/templates && /appl/lumi/SW/CrayEnv/EB/buildtools/25.03/bin/m4 -s -Dparam=type -I/users/olsentim/Projects/neko-top/external/pfunit/extern/fArgParse/extern/gFTL-shared/extern/gFTL/include/v1/templates/../templates < /users/olsentim/Projects/neko-top/external/pfunit/extern/fArgParse/extern/gFTL-shared/extern/gFTL/include/v1/templates/template_macros.m4 > type_template_macros.inc
[  8%] Generating key_template_macros.inc
cd /users/olsentim/Projects/neko-top/external/pfunit/build/extern/fArgParse/extern/gFTL-shared/extern/gFTL/include/v1/templates && /appl/lumi/SW/CrayEnv/EB/buildtools/25.03/bin/m4 -s -Dparam=key -I/users/olsentim/Projects/neko-top/external/pfunit/extern/fArgParse/extern/gFTL-shared/extern/gFTL/include/v1/templates/../templates < /users/olsentim/Projects/neko-top/external/pfunit/extern/fArgParse/extern/gFTL-shared/extern/gFTL/include/v1/templates/template_macros.m4 > key_template_macros.inc
[  8%] Generating value_template_macros.inc
cd /users/olsentim/Projects/neko-top/external/pfunit/build/extern/fArgParse/extern/gFTL-shared/extern/gFTL/include/v1/templates && /appl/lumi/SW/CrayEnv/EB/buildtools/25.03/bin/m4 -s -Dparam=value -I/users/olsentim/Projects/neko-top/external/pfunit/extern/fArgParse/extern/gFTL-shared/extern/gFTL/include/v1/templates/../templates < /users/olsentim/Projects/neko-top/external/pfunit/extern/fArgParse/extern/gFTL-shared/extern/gFTL/include/v1/templates/template_macros.m4 > value_template_macros.inc
[  8%] Generating type_template_macros_undefs.inc
cd /users/olsentim/Projects/neko-top/external/pfunit/build/extern/fArgParse/extern/gFTL-shared/extern/gFTL/include/v1/templates && /appl/lumi/SW/CrayEnv/EB/buildtools/25.03/bin/m4 -s -Dparam=type -I/users/olsentim/Projects/neko-top/external/pfunit/extern/fArgParse/extern/gFTL-shared/extern/gFTL/include/v1/templates/../templates < /users/olsentim/Projects/neko-top/external/pfunit/extern/fArgParse/extern/gFTL-shared/extern/gFTL/include/v1/templates/template_macros_undefs.m4 > type_template_macros_undefs.inc
[  8%] Generating key_template_macros_undefs.inc
cd /users/olsentim/Projects/neko-top/external/pfunit/build/extern/fArgParse/extern/gFTL-shared/extern/gFTL/include/v1/templates && /appl/lumi/SW/CrayEnv/EB/buildtools/25.03/bin/m4 -s -Dparam=key -I/users/olsentim/Projects/neko-top/external/pfunit/extern/fArgParse/extern/gFTL-shared/extern/gFTL/include/v1/templates/../templates < /users/olsentim/Projects/neko-top/external/pfunit/extern/fArgParse/extern/gFTL-shared/extern/gFTL/include/v1/templates/template_macros_undefs.m4 > key_template_macros_undefs.inc
[  9%] Generating value_template_macros_undefs.inc
cd /users/olsentim/Projects/neko-top/external/pfunit/build/extern/fArgParse/extern/gFTL-shared/extern/gFTL/include/v1/templates && /appl/lumi/SW/CrayEnv/EB/buildtools/25.03/bin/m4 -s -Dparam=value -I/users/olsentim/Projects/neko-top/external/pfunit/extern/fArgParse/extern/gFTL-shared/extern/gFTL/include/v1/templates/../templates < /users/olsentim/Projects/neko-top/external/pfunit/extern/fArgParse/extern/gFTL-shared/extern/gFTL/include/v1/templates/template_macros_undefs.m4 > value_template_macros_undefs.inc
[  9%] Generating type_testing_macros.inc
cd /users/olsentim/Projects/neko-top/external/pfunit/build/extern/fArgParse/extern/gFTL-shared/extern/gFTL/include/v1/templates && /appl/lumi/SW/CrayEnv/EB/buildtools/25.03/bin/m4 -s -Dparam=type -I/users/olsentim/Projects/neko-top/external/pfunit/extern/fArgParse/extern/gFTL-shared/extern/gFTL/include/v1/templates/../templates < /users/olsentim/Projects/neko-top/external/pfunit/extern/fArgParse/extern/gFTL-shared/extern/gFTL/include/v1/templates/testing_macros.m4 > type_testing_macros.inc
[  9%] Generating key_testing_macros.inc
cd /users/olsentim/Projects/neko-top/external/pfunit/build/extern/fArgParse/extern/gFTL-shared/extern/gFTL/include/v1/templates && /appl/lumi/SW/CrayEnv/EB/buildtools/25.03/bin/m4 -s -Dparam=key -I/users/olsentim/Projects/neko-top/external/pfunit/extern/fArgParse/extern/gFTL-shared/extern/gFTL/include/v1/templates/../templates < /users/olsentim/Projects/neko-top/external/pfunit/extern/fArgParse/extern/gFTL-shared/extern/gFTL/include/v1/templates/testing_macros.m4 > key_testing_macros.inc
[  9%] Generating value_testing_macros.inc
cd /users/olsentim/Projects/neko-top/external/pfunit/build/extern/fArgParse/extern/gFTL-shared/extern/gFTL/include/v1/templates && /appl/lumi/SW/CrayEnv/EB/buildtools/25.03/bin/m4 -s -Dparam=value -I/users/olsentim/Projects/neko-top/external/pfunit/extern/fArgParse/extern/gFTL-shared/extern/gFTL/include/v1/templates/../templates < /users/olsentim/Projects/neko-top/external/pfunit/extern/fArgParse/extern/gFTL-shared/extern/gFTL/include/v1/templates/testing_macros.m4 > value_testing_macros.inc
[  9%] Generating type_set_use_tokens.inc
cd /users/olsentim/Projects/neko-top/external/pfunit/build/extern/fArgParse/extern/gFTL-shared/extern/gFTL/include/v1/templates && /appl/lumi/SW/CrayEnv/EB/buildtools/25.03/bin/m4 -s -Dparam=type -I/users/olsentim/Projects/neko-top/external/pfunit/extern/fArgParse/extern/gFTL-shared/extern/gFTL/include/v1/templates/../templates < /users/olsentim/Projects/neko-top/external/pfunit/extern/fArgParse/extern/gFTL-shared/extern/gFTL/include/v1/templates/set_use_tokens.m4 > type_set_use_tokens.inc
[  9%] Generating key_set_use_tokens.inc
cd /users/olsentim/Projects/neko-top/external/pfunit/build/extern/fArgParse/extern/gFTL-shared/extern/gFTL/include/v1/templates && /appl/lumi/SW/CrayEnv/EB/buildtools/25.03/bin/m4 -s -Dparam=key -I/users/olsentim/Projects/neko-top/external/pfunit/extern/fArgParse/extern/gFTL-shared/extern/gFTL/include/v1/templates/../templates < /users/olsentim/Projects/neko-top/external/pfunit/extern/fArgParse/extern/gFTL-shared/extern/gFTL/include/v1/templates/set_use_tokens.m4 > key_set_use_tokens.inc
[  9%] Generating value_set_use_tokens.inc
cd /users/olsentim/Projects/neko-top/external/pfunit/build/extern/fArgParse/extern/gFTL-shared/extern/gFTL/include/v1/templates && /appl/lumi/SW/CrayEnv/EB/buildtools/25.03/bin/m4 -s -Dparam=value -I/users/olsentim/Projects/neko-top/external/pfunit/extern/fArgParse/extern/gFTL-shared/extern/gFTL/include/v1/templates/../templates < /users/olsentim/Projects/neko-top/external/pfunit/extern/fArgParse/extern/gFTL-shared/extern/gFTL/include/v1/templates/set_use_tokens.m4 > value_set_use_tokens.inc
[  9%] Generating type_use_tokens_undef.inc
cd /users/olsentim/Projects/neko-top/external/pfunit/build/extern/fArgParse/extern/gFTL-shared/extern/gFTL/include/v1/templates && /appl/lumi/SW/CrayEnv/EB/buildtools/25.03/bin/m4 -s -Dparam=type -I/users/olsentim/Projects/neko-top/external/pfunit/extern/fArgParse/extern/gFTL-shared/extern/gFTL/include/v1/templates/../templates < /users/olsentim/Projects/neko-top/external/pfunit/extern/fArgParse/extern/gFTL-shared/extern/gFTL/include/v1/templates/use_tokens_undef.m4 > type_use_tokens_undef.inc
[ 10%] Generating key_use_tokens_undef.inc
cd /users/olsentim/Projects/neko-top/external/pfunit/build/extern/fArgParse/extern/gFTL-shared/extern/gFTL/include/v1/templates && /appl/lumi/SW/CrayEnv/EB/buildtools/25.03/bin/m4 -s -Dparam=key -I/users/olsentim/Projects/neko-top/external/pfunit/extern/fArgParse/extern/gFTL-shared/extern/gFTL/include/v1/templates/../templates < /users/olsentim/Projects/neko-top/external/pfunit/extern/fArgParse/extern/gFTL-shared/extern/gFTL/include/v1/templates/use_tokens_undef.m4 > key_use_tokens_undef.inc
[ 10%] Generating value_use_tokens_undef.inc
cd /users/olsentim/Projects/neko-top/external/pfunit/build/extern/fArgParse/extern/gFTL-shared/extern/gFTL/include/v1/templates && /appl/lumi/SW/CrayEnv/EB/buildtools/25.03/bin/m4 -s -Dparam=value -I/users/olsentim/Projects/neko-top/external/pfunit/extern/fArgParse/extern/gFTL-shared/extern/gFTL/include/v1/templates/../templates < /users/olsentim/Projects/neko-top/external/pfunit/extern/fArgParse/extern/gFTL-shared/extern/gFTL/include/v1/templates/use_tokens_undef.m4 > value_use_tokens_undef.inc
[ 10%] Generating type_macros_undefs.inc
cd /users/olsentim/Projects/neko-top/external/pfunit/build/extern/fArgParse/extern/gFTL-shared/extern/gFTL/include/v1/templates && /appl/lumi/SW/CrayEnv/EB/buildtools/25.03/bin/m4 -s -Dparam=type -I/users/olsentim/Projects/neko-top/external/pfunit/extern/fArgParse/extern/gFTL-shared/extern/gFTL/include/v1/templates/../templates < /users/olsentim/Projects/neko-top/external/pfunit/extern/fArgParse/extern/gFTL-shared/extern/gFTL/include/v1/templates/macros_undefs.m4 > type_macros_undefs.inc
[ 10%] Generating key_macros_undefs.inc
cd /users/olsentim/Projects/neko-top/external/pfunit/build/extern/fArgParse/extern/gFTL-shared/extern/gFTL/include/v1/templates && /appl/lumi/SW/CrayEnv/EB/buildtools/25.03/bin/m4 -s -Dparam=key -I/users/olsentim/Projects/neko-top/external/pfunit/extern/fArgParse/extern/gFTL-shared/extern/gFTL/include/v1/templates/../templates < /users/olsentim/Projects/neko-top/external/pfunit/extern/fArgParse/extern/gFTL-shared/extern/gFTL/include/v1/templates/macros_undefs.m4 > key_macros_undefs.inc
[ 10%] Generating value_macros_undefs.inc
cd /users/olsentim/Projects/neko-top/external/pfunit/build/extern/fArgParse/extern/gFTL-shared/extern/gFTL/include/v1/templates && /appl/lumi/SW/CrayEnv/EB/buildtools/25.03/bin/m4 -s -Dparam=value -I/users/olsentim/Projects/neko-top/external/pfunit/extern/fArgParse/extern/gFTL-shared/extern/gFTL/include/v1/templates/../templates < /users/olsentim/Projects/neko-top/external/pfunit/extern/fArgParse/extern/gFTL-shared/extern/gFTL/include/v1/templates/macros_undefs.m4 > value_macros_undefs.inc
make[2]: Leaving directory '/pfs/lustrep4/users/olsentim/Projects/neko-top/external/pfunit/build'
[ 10%] Built target generate-template-incs
make  -f extern/fArgParse/extern/gFTL-shared/extern/gFTL/include/v1/CMakeFiles/force-generation-of-includes.dir/build.make extern/fArgParse/extern/gFTL-shared/extern/gFTL/include/v1/CMakeFiles/force-generation-of-includes.dir/depend
make[2]: Entering directory '/pfs/lustrep4/users/olsentim/Projects/neko-top/external/pfunit/build'
cd /users/olsentim/Projects/neko-top/external/pfunit/build && /pfs/lustrep3/appl/lumi/SW/CrayEnv/EB/buildtools/25.03/bin/cmake -E cmake_depends "Unix Makefiles" /users/olsentim/Projects/neko-top/external/pfunit /users/olsentim/Projects/neko-top/external/pfunit/extern/fArgParse/extern/gFTL-shared/extern/gFTL/include/v1 /users/olsentim/Projects/neko-top/external/pfunit/build /users/olsentim/Projects/neko-top/external/pfunit/build/extern/fArgParse/extern/gFTL-shared/extern/gFTL/include/v1 /users/olsentim/Projects/neko-top/external/pfunit/build/extern/fArgParse/extern/gFTL-shared/extern/gFTL/include/v1/CMakeFiles/force-generation-of-includes.dir/DependInfo.cmake "--color="
make[2]: Leaving directory '/pfs/lustrep4/users/olsentim/Projects/neko-top/external/pfunit/build'
make  -f extern/fArgParse/extern/gFTL-shared/extern/gFTL/include/v1/CMakeFiles/force-generation-of-includes.dir/build.make extern/fArgParse/extern/gFTL-shared/extern/gFTL/include/v1/CMakeFiles/force-generation-of-includes.dir/build
make[2]: Entering directory '/pfs/lustrep4/users/olsentim/Projects/neko-top/external/pfunit/build'
make[2]: Nothing to be done for 'extern/fArgParse/extern/gFTL-shared/extern/gFTL/include/v1/CMakeFiles/force-generation-of-includes.dir/build'.
make[2]: Leaving directory '/pfs/lustrep4/users/olsentim/Projects/neko-top/external/pfunit/build'
[ 10%] Built target force-generation-of-includes
make  -f extern/fArgParse/extern/gFTL-shared/extern/gFTL/include/v2/parameters/CMakeFiles/m4_type_includes.dir/build.make extern/fArgParse/extern/gFTL-shared/extern/gFTL/include/v2/parameters/CMakeFiles/m4_type_includes.dir/depend
make[2]: Entering directory '/pfs/lustrep4/users/olsentim/Projects/neko-top/external/pfunit/build'
cd /users/olsentim/Projects/neko-top/external/pfunit/build && /pfs/lustrep3/appl/lumi/SW/CrayEnv/EB/buildtools/25.03/bin/cmake -E cmake_depends "Unix Makefiles" /users/olsentim/Projects/neko-top/external/pfunit /users/olsentim/Projects/neko-top/external/pfunit/extern/fArgParse/extern/gFTL-shared/extern/gFTL/include/v2/parameters /users/olsentim/Projects/neko-top/external/pfunit/build /users/olsentim/Projects/neko-top/external/pfunit/build/extern/fArgParse/extern/gFTL-shared/extern/gFTL/include/v2/parameters /users/olsentim/Projects/neko-top/external/pfunit/build/extern/fArgParse/extern/gFTL-shared/extern/gFTL/include/v2/parameters/CMakeFiles/m4_type_includes.dir/DependInfo.cmake "--color="
make[2]: Leaving directory '/pfs/lustrep4/users/olsentim/Projects/neko-top/external/pfunit/build'
make  -f extern/fArgParse/extern/gFTL-shared/extern/gFTL/include/v2/parameters/CMakeFiles/m4_type_includes.dir/build.make extern/fArgParse/extern/gFTL-shared/extern/gFTL/include/v2/parameters/CMakeFiles/m4_type_includes.dir/build
make[2]: Entering directory '/pfs/lustrep4/users/olsentim/Projects/neko-top/external/pfunit/build'
[ 10%] Generating T/undef_internal.inc
cd /users/olsentim/Projects/neko-top/external/pfunit/build/extern/fArgParse/extern/gFTL-shared/extern/gFTL/include/v2/parameters && /appl/lumi/SW/CrayEnv/EB/buildtools/25.03/bin/m4 -s -D_T=T -I. /users/olsentim/Projects/neko-top/external/pfunit/extern/fArgParse/extern/gFTL-shared/extern/gFTL/include/v2/parameters/cpp_undef.m4 > T/undef_internal.inc
[ 10%] Generating T/define_derived_macros.inc
cd /users/olsentim/Projects/neko-top/external/pfunit/build/extern/fArgParse/extern/gFTL-shared/extern/gFTL/include/v2/parameters && /appl/lumi/SW/CrayEnv/EB/buildtools/25.03/bin/m4 -s -D_T=T -I. /users/olsentim/Projects/neko-top/external/pfunit/extern/fArgParse/extern/gFTL-shared/extern/gFTL/include/v2/parameters/define_derived_macros.m4 > T/define_derived_macros.inc
[ 10%] Generating T/undef_derived_macros.inc
cd /users/olsentim/Projects/neko-top/external/pfunit/build/extern/fArgParse/extern/gFTL-shared/extern/gFTL/include/v2/parameters && /appl/lumi/SW/CrayEnv/EB/buildtools/25.03/bin/m4 -s -D_T=T -I. /users/olsentim/Projects/neko-top/external/pfunit/extern/fArgParse/extern/gFTL-shared/extern/gFTL/include/v2/parameters/undef_derived_macros.m4 > T/undef_derived_macros.inc
[ 10%] Generating Key/undef_internal.inc
cd /users/olsentim/Projects/neko-top/external/pfunit/build/extern/fArgParse/extern/gFTL-shared/extern/gFTL/include/v2/parameters && /appl/lumi/SW/CrayEnv/EB/buildtools/25.03/bin/m4 -s -D_T=Key -I. /users/olsentim/Projects/neko-top/external/pfunit/extern/fArgParse/extern/gFTL-shared/extern/gFTL/include/v2/parameters/cpp_undef.m4 > Key/undef_internal.inc
[ 11%] Generating Key/define_derived_macros.inc
cd /users/olsentim/Projects/neko-top/external/pfunit/build/extern/fArgParse/extern/gFTL-shared/extern/gFTL/include/v2/parameters && /appl/lumi/SW/CrayEnv/EB/buildtools/25.03/bin/m4 -s -D_T=Key -I. /users/olsentim/Projects/neko-top/external/pfunit/extern/fArgParse/extern/gFTL-shared/extern/gFTL/include/v2/parameters/define_derived_macros.m4 > Key/define_derived_macros.inc
[ 11%] Generating Key/undef_derived_macros.inc
cd /users/olsentim/Projects/neko-top/external/pfunit/build/extern/fArgParse/extern/gFTL-shared/extern/gFTL/include/v2/parameters && /appl/lumi/SW/CrayEnv/EB/buildtools/25.03/bin/m4 -s -D_T=Key -I. /users/olsentim/Projects/neko-top/external/pfunit/extern/fArgParse/extern/gFTL-shared/extern/gFTL/include/v2/parameters/undef_derived_macros.m4 > Key/undef_derived_macros.inc
[ 11%] Generating T1/undef_internal.inc
cd /users/olsentim/Projects/neko-top/external/pfunit/build/extern/fArgParse/extern/gFTL-shared/extern/gFTL/include/v2/parameters && /appl/lumi/SW/CrayEnv/EB/buildtools/25.03/bin/m4 -s -D_T=T1 -I. /users/olsentim/Projects/neko-top/external/pfunit/extern/fArgParse/extern/gFTL-shared/extern/gFTL/include/v2/parameters/cpp_undef.m4 > T1/undef_internal.inc
[ 12%] Generating T1/define_derived_macros.inc
cd /users/olsentim/Projects/neko-top/external/pfunit/build/extern/fArgParse/extern/gFTL-shared/extern/gFTL/include/v2/parameters && /appl/lumi/SW/CrayEnv/EB/buildtools/25.03/bin/m4 -s -D_T=T1 -I. /users/olsentim/Projects/neko-top/external/pfunit/extern/fArgParse/extern/gFTL-shared/extern/gFTL/include/v2/parameters/define_derived_macros.m4 > T1/define_derived_macros.inc
[ 12%] Generating T1/undef_derived_macros.inc
cd /users/olsentim/Projects/neko-top/external/pfunit/build/extern/fArgParse/extern/gFTL-shared/extern/gFTL/include/v2/parameters && /appl/lumi/SW/CrayEnv/EB/buildtools/25.03/bin/m4 -s -D_T=T1 -I. /users/olsentim/Projects/neko-top/external/pfunit/extern/fArgParse/extern/gFTL-shared/extern/gFTL/include/v2/parameters/undef_derived_macros.m4 > T1/undef_derived_macros.inc
[ 12%] Generating T2/undef_internal.inc
cd /users/olsentim/Projects/neko-top/external/pfunit/build/extern/fArgParse/extern/gFTL-shared/extern/gFTL/include/v2/parameters && /appl/lumi/SW/CrayEnv/EB/buildtools/25.03/bin/m4 -s -D_T=T2 -I. /users/olsentim/Projects/neko-top/external/pfunit/extern/fArgParse/extern/gFTL-shared/extern/gFTL/include/v2/parameters/cpp_undef.m4 > T2/undef_internal.inc
[ 12%] Generating T2/define_derived_macros.inc
cd /users/olsentim/Projects/neko-top/external/pfunit/build/extern/fArgParse/extern/gFTL-shared/extern/gFTL/include/v2/parameters && /appl/lumi/SW/CrayEnv/EB/buildtools/25.03/bin/m4 -s -D_T=T2 -I. /users/olsentim/Projects/neko-top/external/pfunit/extern/fArgParse/extern/gFTL-shared/extern/gFTL/include/v2/parameters/define_derived_macros.m4 > T2/define_derived_macros.inc
[ 12%] Generating T2/undef_derived_macros.inc
cd /users/olsentim/Projects/neko-top/external/pfunit/build/extern/fArgParse/extern/gFTL-shared/extern/gFTL/include/v2/parameters && /appl/lumi/SW/CrayEnv/EB/buildtools/25.03/bin/m4 -s -D_T=T2 -I. /users/olsentim/Projects/neko-top/external/pfunit/extern/fArgParse/extern/gFTL-shared/extern/gFTL/include/v2/parameters/undef_derived_macros.m4 > T2/undef_derived_macros.inc
[ 12%] Generating T1/copy_T1_to_pair_T1.inc
cd /users/olsentim/Projects/neko-top/external/pfunit/build/extern/fArgParse/extern/gFTL-shared/extern/gFTL/include/v2/parameters && /appl/lumi/SW/CrayEnv/EB/buildtools/25.03/bin/m4 -s -D_T_in=T1 -D_T_out=__pair_T1 -I. /users/olsentim/Projects/neko-top/external/pfunit/extern/fArgParse/extern/gFTL-shared/extern/gFTL/include/v2/parameters/cpp_copy.m4 > T1/copy_T1_to_pair_T1.inc
[ 12%] Generating T2/copy_T2_to_pair_T2.inc
cd /users/olsentim/Projects/neko-top/external/pfunit/build/extern/fArgParse/extern/gFTL-shared/extern/gFTL/include/v2/parameters && /appl/lumi/SW/CrayEnv/EB/buildtools/25.03/bin/m4 -s -D_T_in=T2 -D_T_out=__pair_T2 -I. /users/olsentim/Projects/neko-top/external/pfunit/extern/fArgParse/extern/gFTL-shared/extern/gFTL/include/v2/parameters/cpp_copy.m4 > T2/copy_T2_to_pair_T2.inc
[ 12%] Generating T1/copy_pair_T1_to_internal_T1.inc
cd /users/olsentim/Projects/neko-top/external/pfunit/build/extern/fArgParse/extern/gFTL-shared/extern/gFTL/include/v2/parameters && /appl/lumi/SW/CrayEnv/EB/buildtools/25.03/bin/m4 -s -D_T_in=__pair_T1 -D_T_out=__T1 -I. /users/olsentim/Projects/neko-top/external/pfunit/extern/fArgParse/extern/gFTL-shared/extern/gFTL/include/v2/parameters/cpp_copy.m4 > T1/copy_pair_T1_to_internal_T1.inc
[ 12%] Generating T2/copy_pair_T2_to_internal_T2.inc
cd /users/olsentim/Projects/neko-top/external/pfunit/build/extern/fArgParse/extern/gFTL-shared/extern/gFTL/include/v2/parameters && /appl/lumi/SW/CrayEnv/EB/buildtools/25.03/bin/m4 -s -D_T_in=__pair_T2 -D_T_out=__T2 -I. /users/olsentim/Projects/neko-top/external/pfunit/extern/fArgParse/extern/gFTL-shared/extern/gFTL/include/v2/parameters/cpp_copy.m4 > T2/copy_pair_T2_to_internal_T2.inc
[ 12%] Generating T1/undef_pair_T1.inc
cd /users/olsentim/Projects/neko-top/external/pfunit/build/extern/fArgParse/extern/gFTL-shared/extern/gFTL/include/v2/parameters && /appl/lumi/SW/CrayEnv/EB/buildtools/25.03/bin/m4 -s -D_T=pair_T1 -I. /users/olsentim/Projects/neko-top/external/pfunit/extern/fArgParse/extern/gFTL-shared/extern/gFTL/include/v2/parameters/cpp_undef.m4 > T1/undef_pair_T1.inc
[ 13%] Generating T2/undef_pair_T2.inc
cd /users/olsentim/Projects/neko-top/external/pfunit/build/extern/fArgParse/extern/gFTL-shared/extern/gFTL/include/v2/parameters && /appl/lumi/SW/CrayEnv/EB/buildtools/25.03/bin/m4 -s -D_T=pair_T2 -I. /users/olsentim/Projects/neko-top/external/pfunit/extern/fArgParse/extern/gFTL-shared/extern/gFTL/include/v2/parameters/cpp_undef.m4 > T2/undef_pair_T2.inc
[ 13%] Generating T/copy_T_to_ptr_T.inc
cd /users/olsentim/Projects/neko-top/external/pfunit/build/extern/fArgParse/extern/gFTL-shared/extern/gFTL/include/v2/parameters && /appl/lumi/SW/CrayEnv/EB/buildtools/25.03/bin/m4 -s -D_T_in=T -D_T_out=__ptr_T -I. /users/olsentim/Projects/neko-top/external/pfunit/extern/fArgParse/extern/gFTL-shared/extern/gFTL/include/v2/parameters/cpp_copy.m4 > T/copy_T_to_ptr_T.inc
[ 13%] Generating T/copy_ptr_T_to_internal_T.inc
cd /users/olsentim/Projects/neko-top/external/pfunit/build/extern/fArgParse/extern/gFTL-shared/extern/gFTL/include/v2/parameters && /appl/lumi/SW/CrayEnv/EB/buildtools/25.03/bin/m4 -s -D_T_in=__ptr_T -D_T_out=__T -I. /users/olsentim/Projects/neko-top/external/pfunit/extern/fArgParse/extern/gFTL-shared/extern/gFTL/include/v2/parameters/cpp_copy.m4 > T/copy_ptr_T_to_internal_T.inc
[ 13%] Generating T/undef_ptr_T.inc
cd /users/olsentim/Projects/neko-top/external/pfunit/build/extern/fArgParse/extern/gFTL-shared/extern/gFTL/include/v2/parameters && /appl/lumi/SW/CrayEnv/EB/buildtools/25.03/bin/m4 -s -D_T=ptr_T -I. /users/olsentim/Projects/neko-top/external/pfunit/extern/fArgParse/extern/gFTL-shared/extern/gFTL/include/v2/parameters/cpp_undef.m4 > T/undef_ptr_T.inc
[ 13%] Generating T/copy_T_to_vector_T.inc
cd /users/olsentim/Projects/neko-top/external/pfunit/build/extern/fArgParse/extern/gFTL-shared/extern/gFTL/include/v2/parameters && /appl/lumi/SW/CrayEnv/EB/buildtools/25.03/bin/m4 -s -D_T_in=T -D_T_out=__vector_T -I. /users/olsentim/Projects/neko-top/external/pfunit/extern/fArgParse/extern/gFTL-shared/extern/gFTL/include/v2/parameters/cpp_copy.m4 > T/copy_T_to_vector_T.inc
[ 13%] Generating T/copy_vector_T_to_internal_T.inc
cd /users/olsentim/Projects/neko-top/external/pfunit/build/extern/fArgParse/extern/gFTL-shared/extern/gFTL/include/v2/parameters && /appl/lumi/SW/CrayEnv/EB/buildtools/25.03/bin/m4 -s -D_T_in=__vector_T -D_T_out=__T -I. /users/olsentim/Projects/neko-top/external/pfunit/extern/fArgParse/extern/gFTL-shared/extern/gFTL/include/v2/parameters/cpp_copy.m4 > T/copy_vector_T_to_internal_T.inc
[ 13%] Generating T/undef_vector_T.inc
cd /users/olsentim/Projects/neko-top/external/pfunit/build/extern/fArgParse/extern/gFTL-shared/extern/gFTL/include/v2/parameters && /appl/lumi/SW/CrayEnv/EB/buildtools/25.03/bin/m4 -s -D_T=vector_T -I. /users/olsentim/Projects/neko-top/external/pfunit/extern/fArgParse/extern/gFTL-shared/extern/gFTL/include/v2/parameters/cpp_undef.m4 > T/undef_vector_T.inc
[ 13%] Generating T/copy_T_to_deque_T.inc
cd /users/olsentim/Projects/neko-top/external/pfunit/build/extern/fArgParse/extern/gFTL-shared/extern/gFTL/include/v2/parameters && /appl/lumi/SW/CrayEnv/EB/buildtools/25.03/bin/m4 -s -D_T_in=T -D_T_out=__deque_T -I. /users/olsentim/Projects/neko-top/external/pfunit/extern/fArgParse/extern/gFTL-shared/extern/gFTL/include/v2/parameters/cpp_copy.m4 > T/copy_T_to_deque_T.inc
[ 13%] Generating T/copy_deque_T_to_internal_T.inc
cd /users/olsentim/Projects/neko-top/external/pfunit/build/extern/fArgParse/extern/gFTL-shared/extern/gFTL/include/v2/parameters && /appl/lumi/SW/CrayEnv/EB/buildtools/25.03/bin/m4 -s -D_T_in=__deque_T -D_T_out=__T -I. /users/olsentim/Projects/neko-top/external/pfunit/extern/fArgParse/extern/gFTL-shared/extern/gFTL/include/v2/parameters/cpp_copy.m4 > T/copy_deque_T_to_internal_T.inc
[ 13%] Generating T/undef_deque_T.inc
cd /users/olsentim/Projects/neko-top/external/pfunit/build/extern/fArgParse/extern/gFTL-shared/extern/gFTL/include/v2/parameters && /appl/lumi/SW/CrayEnv/EB/buildtools/25.03/bin/m4 -s -D_T=deque_T -I. /users/olsentim/Projects/neko-top/external/pfunit/extern/fArgParse/extern/gFTL-shared/extern/gFTL/include/v2/parameters/cpp_undef.m4 > T/undef_deque_T.inc
[ 14%] Generating T/copy_T_to_queue_T.inc
cd /users/olsentim/Projects/neko-top/external/pfunit/build/extern/fArgParse/extern/gFTL-shared/extern/gFTL/include/v2/parameters && /appl/lumi/SW/CrayEnv/EB/buildtools/25.03/bin/m4 -s -D_T_in=T -D_T_out=__queue_T -I. /users/olsentim/Projects/neko-top/external/pfunit/extern/fArgParse/extern/gFTL-shared/extern/gFTL/include/v2/parameters/cpp_copy.m4 > T/copy_T_to_queue_T.inc
[ 14%] Generating T/copy_queue_T_to_internal_T.inc
cd /users/olsentim/Projects/neko-top/external/pfunit/build/extern/fArgParse/extern/gFTL-shared/extern/gFTL/include/v2/parameters && /appl/lumi/SW/CrayEnv/EB/buildtools/25.03/bin/m4 -s -D_T_in=__queue_T -D_T_out=__T -I. /users/olsentim/Projects/neko-top/external/pfunit/extern/fArgParse/extern/gFTL-shared/extern/gFTL/include/v2/parameters/cpp_copy.m4 > T/copy_queue_T_to_internal_T.inc
[ 14%] Generating T/copy_queue_T_to_deque_T.inc
cd /users/olsentim/Projects/neko-top/external/pfunit/build/extern/fArgParse/extern/gFTL-shared/extern/gFTL/include/v2/parameters && /appl/lumi/SW/CrayEnv/EB/buildtools/25.03/bin/m4 -s -D_T_in=__queue_T -D_T_out=__deque_T -I. /users/olsentim/Projects/neko-top/external/pfunit/extern/fArgParse/extern/gFTL-shared/extern/gFTL/include/v2/parameters/cpp_copy.m4 > T/copy_queue_T_to_deque_T.inc
[ 14%] Generating T/undef_queue_T.inc
cd /users/olsentim/Projects/neko-top/external/pfunit/build/extern/fArgParse/extern/gFTL-shared/extern/gFTL/include/v2/parameters && /appl/lumi/SW/CrayEnv/EB/buildtools/25.03/bin/m4 -s -D_T=queue_T -I. /users/olsentim/Projects/neko-top/external/pfunit/extern/fArgParse/extern/gFTL-shared/extern/gFTL/include/v2/parameters/cpp_undef.m4 > T/undef_queue_T.inc
[ 14%] Generating T/copy_T_to_stack_T.inc
cd /users/olsentim/Projects/neko-top/external/pfunit/build/extern/fArgParse/extern/gFTL-shared/extern/gFTL/include/v2/parameters && /appl/lumi/SW/CrayEnv/EB/buildtools/25.03/bin/m4 -s -D_T_in=T -D_T_out=__stack_T -I. /users/olsentim/Projects/neko-top/external/pfunit/extern/fArgParse/extern/gFTL-shared/extern/gFTL/include/v2/parameters/cpp_copy.m4 > T/copy_T_to_stack_T.inc
[ 16%] Generating T/copy_stack_T_to_internal_T.inc
cd /users/olsentim/Projects/neko-top/external/pfunit/build/extern/fArgParse/extern/gFTL-shared/extern/gFTL/include/v2/parameters && /appl/lumi/SW/CrayEnv/EB/buildtools/25.03/bin/m4 -s -D_T_in=__stack_T -D_T_out=__T -I. /users/olsentim/Projects/neko-top/external/pfunit/extern/fArgParse/extern/gFTL-shared/extern/gFTL/include/v2/parameters/cpp_copy.m4 > T/copy_stack_T_to_internal_T.inc
[ 16%] Generating T/copy_stack_T_to_deque_T.inc
cd /users/olsentim/Projects/neko-top/external/pfunit/build/extern/fArgParse/extern/gFTL-shared/extern/gFTL/include/v2/parameters && /appl/lumi/SW/CrayEnv/EB/buildtools/25.03/bin/m4 -s -D_T_in=__stack_T -D_T_out=__deque_T -I. /users/olsentim/Projects/neko-top/external/pfunit/extern/fArgParse/extern/gFTL-shared/extern/gFTL/include/v2/parameters/cpp_copy.m4 > T/copy_stack_T_to_deque_T.inc
[ 16%] Generating T/undef_stack_T.inc
cd /users/olsentim/Projects/neko-top/external/pfunit/build/extern/fArgParse/extern/gFTL-shared/extern/gFTL/include/v2/parameters && /appl/lumi/SW/CrayEnv/EB/buildtools/25.03/bin/m4 -s -D_T=stack_T -I. /users/olsentim/Projects/neko-top/external/pfunit/extern/fArgParse/extern/gFTL-shared/extern/gFTL/include/v2/parameters/cpp_undef.m4 > T/undef_stack_T.inc
[ 16%] Generating T/copy_T_to_set_T.inc
cd /users/olsentim/Projects/neko-top/external/pfunit/build/extern/fArgParse/extern/gFTL-shared/extern/gFTL/include/v2/parameters && /appl/lumi/SW/CrayEnv/EB/buildtools/25.03/bin/m4 -s -D_T_in=T -D_T_out=__set_T -I. /users/olsentim/Projects/neko-top/external/pfunit/extern/fArgParse/extern/gFTL-shared/extern/gFTL/include/v2/parameters/cpp_copy.m4 > T/copy_T_to_set_T.inc
[ 16%] Generating T/copy_set_T_to_internal_T.inc
cd /users/olsentim/Projects/neko-top/external/pfunit/build/extern/fArgParse/extern/gFTL-shared/extern/gFTL/include/v2/parameters && /appl/lumi/SW/CrayEnv/EB/buildtools/25.03/bin/m4 -s -D_T_in=__set_T -D_T_out=__T -I. /users/olsentim/Projects/neko-top/external/pfunit/extern/fArgParse/extern/gFTL-shared/extern/gFTL/include/v2/parameters/cpp_copy.m4 > T/copy_set_T_to_internal_T.inc
[ 16%] Generating T/undef_set_T.inc
cd /users/olsentim/Projects/neko-top/external/pfunit/build/extern/fArgParse/extern/gFTL-shared/extern/gFTL/include/v2/parameters && /appl/lumi/SW/CrayEnv/EB/buildtools/25.03/bin/m4 -s -D_T=set_T -I. /users/olsentim/Projects/neko-top/external/pfunit/extern/fArgParse/extern/gFTL-shared/extern/gFTL/include/v2/parameters/cpp_undef.m4 > T/undef_set_T.inc
[ 16%] Generating T/copy_T_to_alt_set_T.inc
cd /users/olsentim/Projects/neko-top/external/pfunit/build/extern/fArgParse/extern/gFTL-shared/extern/gFTL/include/v2/parameters && /appl/lumi/SW/CrayEnv/EB/buildtools/25.03/bin/m4 -s -D_T_in=T -D_T_out=__alt_set_T -I. /users/olsentim/Projects/neko-top/external/pfunit/extern/fArgParse/extern/gFTL-shared/extern/gFTL/include/v2/parameters/cpp_copy.m4 > T/copy_T_to_alt_set_T.inc
[ 16%] Generating T/copy_alt_set_T_to_internal_T.inc
cd /users/olsentim/Projects/neko-top/external/pfunit/build/extern/fArgParse/extern/gFTL-shared/extern/gFTL/include/v2/parameters && /appl/lumi/SW/CrayEnv/EB/buildtools/25.03/bin/m4 -s -D_T_in=__alt_set_T -D_T_out=__T -I. /users/olsentim/Projects/neko-top/external/pfunit/extern/fArgParse/extern/gFTL-shared/extern/gFTL/include/v2/parameters/cpp_copy.m4 > T/copy_alt_set_T_to_internal_T.inc
[ 16%] Generating T/undef_alt_set_T.inc
cd /users/olsentim/Projects/neko-top/external/pfunit/build/extern/fArgParse/extern/gFTL-shared/extern/gFTL/include/v2/parameters && /appl/lumi/SW/CrayEnv/EB/buildtools/25.03/bin/m4 -s -D_T=alt_set_T -I. /users/olsentim/Projects/neko-top/external/pfunit/extern/fArgParse/extern/gFTL-shared/extern/gFTL/include/v2/parameters/cpp_undef.m4 > T/undef_alt_set_T.inc
[ 16%] Generating Key/copy_Key_to_map_Key.inc
cd /users/olsentim/Projects/neko-top/external/pfunit/build/extern/fArgParse/extern/gFTL-shared/extern/gFTL/include/v2/parameters && /appl/lumi/SW/CrayEnv/EB/buildtools/25.03/bin/m4 -s -D_T_in=Key -D_T_out=__map_Key -I. /users/olsentim/Projects/neko-top/external/pfunit/extern/fArgParse/extern/gFTL-shared/extern/gFTL/include/v2/parameters/cpp_copy.m4 > Key/copy_Key_to_map_Key.inc
[ 16%] Generating T1/copy_map_Key_to_pair_T1.inc
cd /users/olsentim/Projects/neko-top/external/pfunit/build/extern/fArgParse/extern/gFTL-shared/extern/gFTL/include/v2/parameters && /appl/lumi/SW/CrayEnv/EB/buildtools/25.03/bin/m4 -s -D_T_in=__map_Key -D_T_out=__pair_T1 -I. /users/olsentim/Projects/neko-top/external/pfunit/extern/fArgParse/extern/gFTL-shared/extern/gFTL/include/v2/parameters/cpp_copy.m4 > T1/copy_map_Key_to_pair_T1.inc
[ 16%] Generating Key/copy_map_Key_to_internal_Key.inc
cd /users/olsentim/Projects/neko-top/external/pfunit/build/extern/fArgParse/extern/gFTL-shared/extern/gFTL/include/v2/parameters && /appl/lumi/SW/CrayEnv/EB/buildtools/25.03/bin/m4 -s -D_T_in=__map_Key -D_T_out=__Key -I. /users/olsentim/Projects/neko-top/external/pfunit/extern/fArgParse/extern/gFTL-shared/extern/gFTL/include/v2/parameters/cpp_copy.m4 > Key/copy_map_Key_to_internal_Key.inc
[ 16%] Generating T/copy_T_to_map_T.inc
cd /users/olsentim/Projects/neko-top/external/pfunit/build/extern/fArgParse/extern/gFTL-shared/extern/gFTL/include/v2/parameters && /appl/lumi/SW/CrayEnv/EB/buildtools/25.03/bin/m4 -s -D_T_in=T -D_T_out=__map_T -I. /users/olsentim/Projects/neko-top/external/pfunit/extern/fArgParse/extern/gFTL-shared/extern/gFTL/include/v2/parameters/cpp_copy.m4 > T/copy_T_to_map_T.inc
[ 16%] Generating T2/copy_map_T_to_pair_T2.inc
cd /users/olsentim/Projects/neko-top/external/pfunit/build/extern/fArgParse/extern/gFTL-shared/extern/gFTL/include/v2/parameters && /appl/lumi/SW/CrayEnv/EB/buildtools/25.03/bin/m4 -s -D_T_in=__map_T -D_T_out=__pair_T2 -I. /users/olsentim/Projects/neko-top/external/pfunit/extern/fArgParse/extern/gFTL-shared/extern/gFTL/include/v2/parameters/cpp_copy.m4 > T2/copy_map_T_to_pair_T2.inc
[ 16%] Generating T/copy_map_T_to_internal_T.inc
cd /users/olsentim/Projects/neko-top/external/pfunit/build/extern/fArgParse/extern/gFTL-shared/extern/gFTL/include/v2/parameters && /appl/lumi/SW/CrayEnv/EB/buildtools/25.03/bin/m4 -s -D_T_in=__map_T -D_T_out=__T -I. /users/olsentim/Projects/neko-top/external/pfunit/extern/fArgParse/extern/gFTL-shared/extern/gFTL/include/v2/parameters/cpp_copy.m4 > T/copy_map_T_to_internal_T.inc
[ 16%] Generating Key/undef_map_Key.inc
cd /users/olsentim/Projects/neko-top/external/pfunit/build/extern/fArgParse/extern/gFTL-shared/extern/gFTL/include/v2/parameters && /appl/lumi/SW/CrayEnv/EB/buildtools/25.03/bin/m4 -s -D_T=map_Key -I. /users/olsentim/Projects/neko-top/external/pfunit/extern/fArgParse/extern/gFTL-shared/extern/gFTL/include/v2/parameters/cpp_undef.m4 > Key/undef_map_Key.inc
[ 17%] Generating T/undef_map_T.inc
cd /users/olsentim/Projects/neko-top/external/pfunit/build/extern/fArgParse/extern/gFTL-shared/extern/gFTL/include/v2/parameters && /appl/lumi/SW/CrayEnv/EB/buildtools/25.03/bin/m4 -s -D_T=map_T -I. /users/olsentim/Projects/neko-top/external/pfunit/extern/fArgParse/extern/gFTL-shared/extern/gFTL/include/v2/parameters/cpp_undef.m4 > T/undef_map_T.inc
[ 17%] Generating Key/copy_Key_to_omap_Key.inc
cd /users/olsentim/Projects/neko-top/external/pfunit/build/extern/fArgParse/extern/gFTL-shared/extern/gFTL/include/v2/parameters && /appl/lumi/SW/CrayEnv/EB/buildtools/25.03/bin/m4 -s -D_T_in=Key -D_T_out=__omap_Key -I. /users/olsentim/Projects/neko-top/external/pfunit/extern/fArgParse/extern/gFTL-shared/extern/gFTL/include/v2/parameters/cpp_copy.m4 > Key/copy_Key_to_omap_Key.inc
[ 17%] Generating T/copy_T_to_omap_T.inc
cd /users/olsentim/Projects/neko-top/external/pfunit/build/extern/fArgParse/extern/gFTL-shared/extern/gFTL/include/v2/parameters && /appl/lumi/SW/CrayEnv/EB/buildtools/25.03/bin/m4 -s -D_T_in=T -D_T_out=__omap_T -I. /users/olsentim/Projects/neko-top/external/pfunit/extern/fArgParse/extern/gFTL-shared/extern/gFTL/include/v2/parameters/cpp_copy.m4 > T/copy_T_to_omap_T.inc
[ 17%] Generating Key/copy_omap_Key_to_map_Key.inc
cd /users/olsentim/Projects/neko-top/external/pfunit/build/extern/fArgParse/extern/gFTL-shared/extern/gFTL/include/v2/parameters && /appl/lumi/SW/CrayEnv/EB/buildtools/25.03/bin/m4 -s -D_T_in=__omap_Key -D_T_out=__map_Key -I. /users/olsentim/Projects/neko-top/external/pfunit/extern/fArgParse/extern/gFTL-shared/extern/gFTL/include/v2/parameters/cpp_copy.m4 > Key/copy_omap_Key_to_map_Key.inc
[ 17%] Generating T/copy_omap_T_to_map_T.inc
cd /users/olsentim/Projects/neko-top/external/pfunit/build/extern/fArgParse/extern/gFTL-shared/extern/gFTL/include/v2/parameters && /appl/lumi/SW/CrayEnv/EB/buildtools/25.03/bin/m4 -s -D_T_in=__omap_T -D_T_out=__map_T -I. /users/olsentim/Projects/neko-top/external/pfunit/extern/fArgParse/extern/gFTL-shared/extern/gFTL/include/v2/parameters/cpp_copy.m4 > T/copy_omap_T_to_map_T.inc
[ 17%] Generating T/copy_omap_Key_to_vector_T.inc
cd /users/olsentim/Projects/neko-top/external/pfunit/build/extern/fArgParse/extern/gFTL-shared/extern/gFTL/include/v2/parameters && /appl/lumi/SW/CrayEnv/EB/buildtools/25.03/bin/m4 -s -D_T_in=__omap_Key -D_T_out=__vector_T -I. /users/olsentim/Projects/neko-top/external/pfunit/extern/fArgParse/extern/gFTL-shared/extern/gFTL/include/v2/parameters/cpp_copy.m4 > T/copy_omap_Key_to_vector_T.inc
[ 17%] Generating Key/copy_omap_Key_to_internal_Key.inc
cd /users/olsentim/Projects/neko-top/external/pfunit/build/extern/fArgParse/extern/gFTL-shared/extern/gFTL/include/v2/parameters && /appl/lumi/SW/CrayEnv/EB/buildtools/25.03/bin/m4 -s -D_T_in=__omap_Key -D_T_out=__Key -I. /users/olsentim/Projects/neko-top/external/pfunit/extern/fArgParse/extern/gFTL-shared/extern/gFTL/include/v2/parameters/cpp_copy.m4 > Key/copy_omap_Key_to_internal_Key.inc
[ 17%] Generating T/copy_omap_T_to_internal_T.inc
cd /users/olsentim/Projects/neko-top/external/pfunit/build/extern/fArgParse/extern/gFTL-shared/extern/gFTL/include/v2/parameters && /appl/lumi/SW/CrayEnv/EB/buildtools/25.03/bin/m4 -s -D_T_in=__omap_T -D_T_out=__T -I. /users/olsentim/Projects/neko-top/external/pfunit/extern/fArgParse/extern/gFTL-shared/extern/gFTL/include/v2/parameters/cpp_copy.m4 > T/copy_omap_T_to_internal_T.inc
[ 17%] Generating Key/undef_omap_Key.inc
cd /users/olsentim/Projects/neko-top/external/pfunit/build/extern/fArgParse/extern/gFTL-shared/extern/gFTL/include/v2/parameters && /appl/lumi/SW/CrayEnv/EB/buildtools/25.03/bin/m4 -s -D_T=omap_Key -I. /users/olsentim/Projects/neko-top/external/pfunit/extern/fArgParse/extern/gFTL-shared/extern/gFTL/include/v2/parameters/cpp_undef.m4 > Key/undef_omap_Key.inc
[ 17%] Generating T/undef_omap_T.inc
cd /users/olsentim/Projects/neko-top/external/pfunit/build/extern/fArgParse/extern/gFTL-shared/extern/gFTL/include/v2/parameters && /appl/lumi/SW/CrayEnv/EB/buildtools/25.03/bin/m4 -s -D_T=omap_T -I. /users/olsentim/Projects/neko-top/external/pfunit/extern/fArgParse/extern/gFTL-shared/extern/gFTL/include/v2/parameters/cpp_undef.m4 > T/undef_omap_T.inc
[ 17%] Generating T/copy_algorithm_T_to_internal_T.inc
cd /users/olsentim/Projects/neko-top/external/pfunit/build/extern/fArgParse/extern/gFTL-shared/extern/gFTL/include/v2/parameters && /appl/lumi/SW/CrayEnv/EB/buildtools/25.03/bin/m4 -s -D_T_in=__algorithm_T -D_T_out=__T -I. /users/olsentim/Projects/neko-top/external/pfunit/extern/fArgParse/extern/gFTL-shared/extern/gFTL/include/v2/parameters/cpp_copy.m4 > T/copy_algorithm_T_to_internal_T.inc
[ 17%] Generating T/copy_vector_T_to_algorithm_T.inc
cd /users/olsentim/Projects/neko-top/external/pfunit/build/extern/fArgParse/extern/gFTL-shared/extern/gFTL/include/v2/parameters && /appl/lumi/SW/CrayEnv/EB/buildtools/25.03/bin/m4 -s -D_T_in=__vector_T -D_T_out=__algorithm_T -I. /users/olsentim/Projects/neko-top/external/pfunit/extern/fArgParse/extern/gFTL-shared/extern/gFTL/include/v2/parameters/cpp_copy.m4 > T/copy_vector_T_to_algorithm_T.inc
[ 17%] Generating T/copy_set_T_to_algorithm_T.inc
cd /users/olsentim/Projects/neko-top/external/pfunit/build/extern/fArgParse/extern/gFTL-shared/extern/gFTL/include/v2/parameters && /appl/lumi/SW/CrayEnv/EB/buildtools/25.03/bin/m4 -s -D_T_in=__set_T -D_T_out=__algorithm_T -I. /users/olsentim/Projects/neko-top/external/pfunit/extern/fArgParse/extern/gFTL-shared/extern/gFTL/include/v2/parameters/cpp_copy.m4 > T/copy_set_T_to_algorithm_T.inc
[ 17%] Generating T/copy_alt_set_T_to_algorithm_T.inc
cd /users/olsentim/Projects/neko-top/external/pfunit/build/extern/fArgParse/extern/gFTL-shared/extern/gFTL/include/v2/parameters && /appl/lumi/SW/CrayEnv/EB/buildtools/25.03/bin/m4 -s -D_T_in=__alt_set_T -D_T_out=__algorithm_T -I. /users/olsentim/Projects/neko-top/external/pfunit/extern/fArgParse/extern/gFTL-shared/extern/gFTL/include/v2/parameters/cpp_copy.m4 > T/copy_alt_set_T_to_algorithm_T.inc
[ 18%] Generating T/copy_map_pair_to_algorithm_T.inc
cd /users/olsentim/Projects/neko-top/external/pfunit/build/extern/fArgParse/extern/gFTL-shared/extern/gFTL/include/v2/parameters && /appl/lumi/SW/CrayEnv/EB/buildtools/25.03/bin/m4 -s -D_T_in=__map_pair -D_T_out=__algorithm_T -I. /users/olsentim/Projects/neko-top/external/pfunit/extern/fArgParse/extern/gFTL-shared/extern/gFTL/include/v2/parameters/cpp_copy.m4 > T/copy_map_pair_to_algorithm_T.inc
[ 18%] Generating T/undef_algorithm_T.inc
cd /users/olsentim/Projects/neko-top/external/pfunit/build/extern/fArgParse/extern/gFTL-shared/extern/gFTL/include/v2/parameters && /appl/lumi/SW/CrayEnv/EB/buildtools/25.03/bin/m4 -s -D_T=algorithm_T -I. /users/olsentim/Projects/neko-top/external/pfunit/extern/fArgParse/extern/gFTL-shared/extern/gFTL/include/v2/parameters/cpp_undef.m4 > T/undef_algorithm_T.inc
make[2]: Leaving directory '/pfs/lustrep4/users/olsentim/Projects/neko-top/external/pfunit/build'
[ 18%] Built target m4_type_includes
make  -f extern/fArgParse/extern/gFTL-shared/src/v1/CMakeFiles/gftl-shared-v1.dir/build.make extern/fArgParse/extern/gFTL-shared/src/v1/CMakeFiles/gftl-shared-v1.dir/depend
make[2]: Entering directory '/pfs/lustrep4/users/olsentim/Projects/neko-top/external/pfunit/build'
cd /users/olsentim/Projects/neko-top/external/pfunit/build && /pfs/lustrep3/appl/lumi/SW/CrayEnv/EB/buildtools/25.03/bin/cmake -E cmake_depends "Unix Makefiles" /users/olsentim/Projects/neko-top/external/pfunit /users/olsentim/Projects/neko-top/external/pfunit/extern/fArgParse/extern/gFTL-shared/src/v1 /users/olsentim/Projects/neko-top/external/pfunit/build /users/olsentim/Projects/neko-top/external/pfunit/build/extern/fArgParse/extern/gFTL-shared/src/v1 /users/olsentim/Projects/neko-top/external/pfunit/build/extern/fArgParse/extern/gFTL-shared/src/v1/CMakeFiles/gftl-shared-v1.dir/DependInfo.cmake "--color="
Dependee "extern/fArgParse/extern/gFTL-shared/extern/gFTL/include/v1/templates/key_macros_undefs.inc" is newer than depends file "/users/olsentim/Projects/neko-top/external/pfunit/build/extern/fArgParse/extern/gFTL-shared/src/v1/CMakeFiles/gftl-shared-v1.dir/depend.internal".
Dependee "extern/fArgParse/extern/gFTL-shared/extern/gFTL/include/v1/templates/key_template_macros.inc" is newer than depends file "/users/olsentim/Projects/neko-top/external/pfunit/build/extern/fArgParse/extern/gFTL-shared/src/v1/CMakeFiles/gftl-shared-v1.dir/depend.internal".
Dependee "extern/fArgParse/extern/gFTL-shared/extern/gFTL/include/v1/templates/key_template_macros_undefs.inc" is newer than depends file "/users/olsentim/Projects/neko-top/external/pfunit/build/extern/fArgParse/extern/gFTL-shared/src/v1/CMakeFiles/gftl-shared-v1.dir/depend.internal".
Dependee "extern/fArgParse/extern/gFTL-shared/extern/gFTL/include/v1/templates/type_macros_undefs.inc" is newer than depends file "/users/olsentim/Projects/neko-top/external/pfunit/build/extern/fArgParse/extern/gFTL-shared/src/v1/CMakeFiles/gftl-shared-v1.dir/depend.internal".
Dependee "extern/fArgParse/extern/gFTL-shared/extern/gFTL/include/v1/templates/type_set_use_tokens.inc" is newer than depends file "/users/olsentim/Projects/neko-top/external/pfunit/build/extern/fArgParse/extern/gFTL-shared/src/v1/CMakeFiles/gftl-shared-v1.dir/depend.internal".
Dependee "extern/fArgParse/extern/gFTL-shared/extern/gFTL/include/v1/templates/type_template_macros.inc" is newer than depends file "/users/olsentim/Projects/neko-top/external/pfunit/build/extern/fArgParse/extern/gFTL-shared/src/v1/CMakeFiles/gftl-shared-v1.dir/depend.internal".
Dependee "extern/fArgParse/extern/gFTL-shared/extern/gFTL/include/v1/templates/type_template_macros_undefs.inc" is newer than depends file "/users/olsentim/Projects/neko-top/external/pfunit/build/extern/fArgParse/extern/gFTL-shared/src/v1/CMakeFiles/gftl-shared-v1.dir/depend.internal".
Dependee "extern/fArgParse/extern/gFTL-shared/extern/gFTL/include/v1/templates/type_use_tokens_undef.inc" is newer than depends file "/users/olsentim/Projects/neko-top/external/pfunit/build/extern/fArgParse/extern/gFTL-shared/src/v1/CMakeFiles/gftl-shared-v1.dir/depend.internal".
Dependee "extern/fArgParse/extern/gFTL-shared/extern/gFTL/include/v1/templates/value_macros_undefs.inc" is newer than depends file "/users/olsentim/Projects/neko-top/external/pfunit/build/extern/fArgParse/extern/gFTL-shared/src/v1/CMakeFiles/gftl-shared-v1.dir/depend.internal".
Dependee "extern/fArgParse/extern/gFTL-shared/extern/gFTL/include/v1/templates/value_template_macros.inc" is newer than depends file "/users/olsentim/Projects/neko-top/external/pfunit/build/extern/fArgParse/extern/gFTL-shared/src/v1/CMakeFiles/gftl-shared-v1.dir/depend.internal".
Dependee "extern/fArgParse/extern/gFTL-shared/extern/gFTL/include/v1/templates/value_template_macros_undefs.inc" is newer than depends file "/users/olsentim/Projects/neko-top/external/pfunit/build/extern/fArgParse/extern/gFTL-shared/src/v1/CMakeFiles/gftl-shared-v1.dir/depend.internal".
Dependee "extern/fArgParse/extern/gFTL-shared/extern/gFTL/include/v1/templates/key_macros_undefs.inc" is newer than depends file "/users/olsentim/Projects/neko-top/external/pfunit/build/extern/fArgParse/extern/gFTL-shared/src/v1/CMakeFiles/gftl-shared-v1.dir/depend.internal".
Dependee "extern/fArgParse/extern/gFTL-shared/extern/gFTL/include/v1/templates/key_template_macros.inc" is newer than depends file "/users/olsentim/Projects/neko-top/external/pfunit/build/extern/fArgParse/extern/gFTL-shared/src/v1/CMakeFiles/gftl-shared-v1.dir/depend.internal".
Dependee "extern/fArgParse/extern/gFTL-shared/extern/gFTL/include/v1/templates/key_template_macros_undefs.inc" is newer than depends file "/users/olsentim/Projects/neko-top/external/pfunit/build/extern/fArgParse/extern/gFTL-shared/src/v1/CMakeFiles/gftl-shared-v1.dir/depend.internal".
Dependee "extern/fArgParse/extern/gFTL-shared/extern/gFTL/include/v1/templates/type_macros_undefs.inc" is newer than depends file "/users/olsentim/Projects/neko-top/external/pfunit/build/extern/fArgParse/extern/gFTL-shared/src/v1/CMakeFiles/gftl-shared-v1.dir/depend.internal".
Dependee "extern/fArgParse/extern/gFTL-shared/extern/gFTL/include/v1/templates/type_set_use_tokens.inc" is newer than depends file "/users/olsentim/Projects/neko-top/external/pfunit/build/extern/fArgParse/extern/gFTL-shared/src/v1/CMakeFiles/gftl-shared-v1.dir/depend.internal".
Dependee "extern/fArgParse/extern/gFTL-shared/extern/gFTL/include/v1/templates/type_template_macros.inc" is newer than depends file "/users/olsentim/Projects/neko-top/external/pfunit/build/extern/fArgParse/extern/gFTL-shared/src/v1/CMakeFiles/gftl-shared-v1.dir/depend.internal".
Dependee "extern/fArgParse/extern/gFTL-shared/extern/gFTL/include/v1/templates/type_template_macros_undefs.inc" is newer than depends file "/users/olsentim/Projects/neko-top/external/pfunit/build/extern/fArgParse/extern/gFTL-shared/src/v1/CMakeFiles/gftl-shared-v1.dir/depend.internal".
Dependee "extern/fArgParse/extern/gFTL-shared/extern/gFTL/include/v1/templates/type_use_tokens_undef.inc" is newer than depends file "/users/olsentim/Projects/neko-top/external/pfunit/build/extern/fArgParse/extern/gFTL-shared/src/v1/CMakeFiles/gftl-shared-v1.dir/depend.internal".
Dependee "extern/fArgParse/extern/gFTL-shared/extern/gFTL/include/v1/templates/value_macros_undefs.inc" is newer than depends file "/users/olsentim/Projects/neko-top/external/pfunit/build/extern/fArgParse/extern/gFTL-shared/src/v1/CMakeFiles/gftl-shared-v1.dir/depend.internal".
Dependee "extern/fArgParse/extern/gFTL-shared/extern/gFTL/include/v1/templates/value_template_macros.inc" is newer than depends file "/users/olsentim/Projects/neko-top/external/pfunit/build/extern/fArgParse/extern/gFTL-shared/src/v1/CMakeFiles/gftl-shared-v1.dir/depend.internal".
Dependee "extern/fArgParse/extern/gFTL-shared/extern/gFTL/include/v1/templates/value_template_macros_undefs.inc" is newer than depends file "/users/olsentim/Projects/neko-top/external/pfunit/build/extern/fArgParse/extern/gFTL-shared/src/v1/CMakeFiles/gftl-shared-v1.dir/depend.internal".
Dependee "extern/fArgParse/extern/gFTL-shared/extern/gFTL/include/v1/templates/key_macros_undefs.inc" is newer than depends file "/users/olsentim/Projects/neko-top/external/pfunit/build/extern/fArgParse/extern/gFTL-shared/src/v1/CMakeFiles/gftl-shared-v1.dir/depend.internal".
Dependee "extern/fArgParse/extern/gFTL-shared/extern/gFTL/include/v1/templates/key_template_macros.inc" is newer than depends file "/users/olsentim/Projects/neko-top/external/pfunit/build/extern/fArgParse/extern/gFTL-shared/src/v1/CMakeFiles/gftl-shared-v1.dir/depend.internal".
Dependee "extern/fArgParse/extern/gFTL-shared/extern/gFTL/include/v1/templates/key_template_macros_undefs.inc" is newer than depends file "/users/olsentim/Projects/neko-top/external/pfunit/build/extern/fArgParse/extern/gFTL-shared/src/v1/CMakeFiles/gftl-shared-v1.dir/depend.internal".
Dependee "extern/fArgParse/extern/gFTL-shared/extern/gFTL/include/v1/templates/type_macros_undefs.inc" is newer than depends file "/users/olsentim/Projects/neko-top/external/pfunit/build/extern/fArgParse/extern/gFTL-shared/src/v1/CMakeFiles/gftl-shared-v1.dir/depend.internal".
Dependee "extern/fArgParse/extern/gFTL-shared/extern/gFTL/include/v1/templates/type_set_use_tokens.inc" is newer than depends file "/users/olsentim/Projects/neko-top/external/pfunit/build/extern/fArgParse/extern/gFTL-shared/src/v1/CMakeFiles/gftl-shared-v1.dir/depend.internal".
Dependee "extern/fArgParse/extern/gFTL-shared/extern/gFTL/include/v1/templates/type_template_macros.inc" is newer than depends file "/users/olsentim/Projects/neko-top/external/pfunit/build/extern/fArgParse/extern/gFTL-shared/src/v1/CMakeFiles/gftl-shared-v1.dir/depend.internal".
Dependee "extern/fArgParse/extern/gFTL-shared/extern/gFTL/include/v1/templates/type_template_macros_undefs.inc" is newer than depends file "/users/olsentim/Projects/neko-top/external/pfunit/build/extern/fArgParse/extern/gFTL-shared/src/v1/CMakeFiles/gftl-shared-v1.dir/depend.internal".
Dependee "extern/fArgParse/extern/gFTL-shared/extern/gFTL/include/v1/templates/type_use_tokens_undef.inc" is newer than depends file "/users/olsentim/Projects/neko-top/external/pfunit/build/extern/fArgParse/extern/gFTL-shared/src/v1/CMakeFiles/gftl-shared-v1.dir/depend.internal".
Dependee "extern/fArgParse/extern/gFTL-shared/extern/gFTL/include/v1/templates/value_macros_undefs.inc" is newer than depends file "/users/olsentim/Projects/neko-top/external/pfunit/build/extern/fArgParse/extern/gFTL-shared/src/v1/CMakeFiles/gftl-shared-v1.dir/depend.internal".
Dependee "extern/fArgParse/extern/gFTL-shared/extern/gFTL/include/v1/templates/value_template_macros.inc" is newer than depends file "/users/olsentim/Projects/neko-top/external/pfunit/build/extern/fArgParse/extern/gFTL-shared/src/v1/CMakeFiles/gftl-shared-v1.dir/depend.internal".
Dependee "extern/fArgParse/extern/gFTL-shared/extern/gFTL/include/v1/templates/value_template_macros_undefs.inc" is newer than depends file "/users/olsentim/Projects/neko-top/external/pfunit/build/extern/fArgParse/extern/gFTL-shared/src/v1/CMakeFiles/gftl-shared-v1.dir/depend.internal".
Dependee "extern/fArgParse/extern/gFTL-shared/extern/gFTL/include/v1/templates/key_macros_undefs.inc" is newer than depends file "/users/olsentim/Projects/neko-top/external/pfunit/build/extern/fArgParse/extern/gFTL-shared/src/v1/CMakeFiles/gftl-shared-v1.dir/depend.internal".
Dependee "extern/fArgParse/extern/gFTL-shared/extern/gFTL/include/v1/templates/key_template_macros.inc" is newer than depends file "/users/olsentim/Projects/neko-top/external/pfunit/build/extern/fArgParse/extern/gFTL-shared/src/v1/CMakeFiles/gftl-shared-v1.dir/depend.internal".
Dependee "extern/fArgParse/extern/gFTL-shared/extern/gFTL/include/v1/templates/key_template_macros_undefs.inc" is newer than depends file "/users/olsentim/Projects/neko-top/external/pfunit/build/extern/fArgParse/extern/gFTL-shared/src/v1/CMakeFiles/gftl-shared-v1.dir/depend.internal".
Dependee "extern/fArgParse/extern/gFTL-shared/extern/gFTL/include/v1/templates/type_macros_undefs.inc" is newer than depends file "/users/olsentim/Projects/neko-top/external/pfunit/build/extern/fArgParse/extern/gFTL-shared/src/v1/CMakeFiles/gftl-shared-v1.dir/depend.internal".
Dependee "extern/fArgParse/extern/gFTL-shared/extern/gFTL/include/v1/templates/type_set_use_tokens.inc" is newer than depends file "/users/olsentim/Projects/neko-top/external/pfunit/build/extern/fArgParse/extern/gFTL-shared/src/v1/CMakeFiles/gftl-shared-v1.dir/depend.internal".
Dependee "extern/fArgParse/extern/gFTL-shared/extern/gFTL/include/v1/templates/type_template_macros.inc" is newer than depends file "/users/olsentim/Projects/neko-top/external/pfunit/build/extern/fArgParse/extern/gFTL-shared/src/v1/CMakeFiles/gftl-shared-v1.dir/depend.internal".
Dependee "extern/fArgParse/extern/gFTL-shared/extern/gFTL/include/v1/templates/type_template_macros_undefs.inc" is newer than depends file "/users/olsentim/Projects/neko-top/external/pfunit/build/extern/fArgParse/extern/gFTL-shared/src/v1/CMakeFiles/gftl-shared-v1.dir/depend.internal".
Dependee "extern/fArgParse/extern/gFTL-shared/extern/gFTL/include/v1/templates/type_use_tokens_undef.inc" is newer than depends file "/users/olsentim/Projects/neko-top/external/pfunit/build/extern/fArgParse/extern/gFTL-shared/src/v1/CMakeFiles/gftl-shared-v1.dir/depend.internal".
Dependee "extern/fArgParse/extern/gFTL-shared/extern/gFTL/include/v1/templates/value_macros_undefs.inc" is newer than depends file "/users/olsentim/Projects/neko-top/external/pfunit/build/extern/fArgParse/extern/gFTL-shared/src/v1/CMakeFiles/gftl-shared-v1.dir/depend.internal".
Dependee "extern/fArgParse/extern/gFTL-shared/extern/gFTL/include/v1/templates/value_template_macros.inc" is newer than depends file "/users/olsentim/Projects/neko-top/external/pfunit/build/extern/fArgParse/extern/gFTL-shared/src/v1/CMakeFiles/gftl-shared-v1.dir/depend.internal".
Dependee "extern/fArgParse/extern/gFTL-shared/extern/gFTL/include/v1/templates/value_template_macros_undefs.inc" is newer than depends file "/users/olsentim/Projects/neko-top/external/pfunit/build/extern/fArgParse/extern/gFTL-shared/src/v1/CMakeFiles/gftl-shared-v1.dir/depend.internal".
Dependee "extern/fArgParse/extern/gFTL-shared/extern/gFTL/include/v1/templates/key_macros_undefs.inc" is newer than depends file "/users/olsentim/Projects/neko-top/external/pfunit/build/extern/fArgParse/extern/gFTL-shared/src/v1/CMakeFiles/gftl-shared-v1.dir/depend.internal".
Dependee "extern/fArgParse/extern/gFTL-shared/extern/gFTL/include/v1/templates/key_template_macros.inc" is newer than depends file "/users/olsentim/Projects/neko-top/external/pfunit/build/extern/fArgParse/extern/gFTL-shared/src/v1/CMakeFiles/gftl-shared-v1.dir/depend.internal".
Dependee "extern/fArgParse/extern/gFTL-shared/extern/gFTL/include/v1/templates/key_template_macros_undefs.inc" is newer than depends file "/users/olsentim/Projects/neko-top/external/pfunit/build/extern/fArgParse/extern/gFTL-shared/src/v1/CMakeFiles/gftl-shared-v1.dir/depend.internal".
Dependee "extern/fArgParse/extern/gFTL-shared/extern/gFTL/include/v1/templates/type_macros_undefs.inc" is newer than depends file "/users/olsentim/Projects/neko-top/external/pfunit/build/extern/fArgParse/extern/gFTL-shared/src/v1/CMakeFiles/gftl-shared-v1.dir/depend.internal".
Dependee "extern/fArgParse/extern/gFTL-shared/extern/gFTL/include/v1/templates/type_set_use_tokens.inc" is newer than depends file "/users/olsentim/Projects/neko-top/external/pfunit/build/extern/fArgParse/extern/gFTL-shared/src/v1/CMakeFiles/gftl-shared-v1.dir/depend.internal".
Dependee "extern/fArgParse/extern/gFTL-shared/extern/gFTL/include/v1/templates/type_template_macros.inc" is newer than depends file "/users/olsentim/Projects/neko-top/external/pfunit/build/extern/fArgParse/extern/gFTL-shared/src/v1/CMakeFiles/gftl-shared-v1.dir/depend.internal".
Dependee "extern/fArgParse/extern/gFTL-shared/extern/gFTL/include/v1/templates/type_template_macros_undefs.inc" is newer than depends file "/users/olsentim/Projects/neko-top/external/pfunit/build/extern/fArgParse/extern/gFTL-shared/src/v1/CMakeFiles/gftl-shared-v1.dir/depend.internal".
Dependee "extern/fArgParse/extern/gFTL-shared/extern/gFTL/include/v1/templates/type_use_tokens_undef.inc" is newer than depends file "/users/olsentim/Projects/neko-top/external/pfunit/build/extern/fArgParse/extern/gFTL-shared/src/v1/CMakeFiles/gftl-shared-v1.dir/depend.internal".
Dependee "extern/fArgParse/extern/gFTL-shared/extern/gFTL/include/v1/templates/value_macros_undefs.inc" is newer than depends file "/users/olsentim/Projects/neko-top/external/pfunit/build/extern/fArgParse/extern/gFTL-shared/src/v1/CMakeFiles/gftl-shared-v1.dir/depend.internal".
Dependee "extern/fArgParse/extern/gFTL-shared/extern/gFTL/include/v1/templates/value_template_macros.inc" is newer than depends file "/users/olsentim/Projects/neko-top/external/pfunit/build/extern/fArgParse/extern/gFTL-shared/src/v1/CMakeFiles/gftl-shared-v1.dir/depend.internal".
Dependee "extern/fArgParse/extern/gFTL-shared/extern/gFTL/include/v1/templates/value_template_macros_undefs.inc" is newer than depends file "/users/olsentim/Projects/neko-top/external/pfunit/build/extern/fArgParse/extern/gFTL-shared/src/v1/CMakeFiles/gftl-shared-v1.dir/depend.internal".
Dependee "extern/fArgParse/extern/gFTL-shared/extern/gFTL/include/v1/templates/key_macros_undefs.inc" is newer than depends file "/users/olsentim/Projects/neko-top/external/pfunit/build/extern/fArgParse/extern/gFTL-shared/src/v1/CMakeFiles/gftl-shared-v1.dir/depend.internal".
Dependee "extern/fArgParse/extern/gFTL-shared/extern/gFTL/include/v1/templates/key_template_macros.inc" is newer than depends file "/users/olsentim/Projects/neko-top/external/pfunit/build/extern/fArgParse/extern/gFTL-shared/src/v1/CMakeFiles/gftl-shared-v1.dir/depend.internal".
Dependee "extern/fArgParse/extern/gFTL-shared/extern/gFTL/include/v1/templates/key_template_macros_undefs.inc" is newer than depends file "/users/olsentim/Projects/neko-top/external/pfunit/build/extern/fArgParse/extern/gFTL-shared/src/v1/CMakeFiles/gftl-shared-v1.dir/depend.internal".
Dependee "extern/fArgParse/extern/gFTL-shared/extern/gFTL/include/v1/templates/type_macros_undefs.inc" is newer than depends file "/users/olsentim/Projects/neko-top/external/pfunit/build/extern/fArgParse/extern/gFTL-shared/src/v1/CMakeFiles/gftl-shared-v1.dir/depend.internal".
Dependee "extern/fArgParse/extern/gFTL-shared/extern/gFTL/include/v1/templates/type_set_use_tokens.inc" is newer than depends file "/users/olsentim/Projects/neko-top/external/pfunit/build/extern/fArgParse/extern/gFTL-shared/src/v1/CMakeFiles/gftl-shared-v1.dir/depend.internal".
Dependee "extern/fArgParse/extern/gFTL-shared/extern/gFTL/include/v1/templates/type_template_macros.inc" is newer than depends file "/users/olsentim/Projects/neko-top/external/pfunit/build/extern/fArgParse/extern/gFTL-shared/src/v1/CMakeFiles/gftl-shared-v1.dir/depend.internal".
Dependee "extern/fArgParse/extern/gFTL-shared/extern/gFTL/include/v1/templates/type_template_macros_undefs.inc" is newer than depends file "/users/olsentim/Projects/neko-top/external/pfunit/build/extern/fArgParse/extern/gFTL-shared/src/v1/CMakeFiles/gftl-shared-v1.dir/depend.internal".
Dependee "extern/fArgParse/extern/gFTL-shared/extern/gFTL/include/v1/templates/type_use_tokens_undef.inc" is newer than depends file "/users/olsentim/Projects/neko-top/external/pfunit/build/extern/fArgParse/extern/gFTL-shared/src/v1/CMakeFiles/gftl-shared-v1.dir/depend.internal".
Dependee "extern/fArgParse/extern/gFTL-shared/extern/gFTL/include/v1/templates/value_macros_undefs.inc" is newer than depends file "/users/olsentim/Projects/neko-top/external/pfunit/build/extern/fArgParse/extern/gFTL-shared/src/v1/CMakeFiles/gftl-shared-v1.dir/depend.internal".
Dependee "extern/fArgParse/extern/gFTL-shared/extern/gFTL/include/v1/templates/value_template_macros.inc" is newer than depends file "/users/olsentim/Projects/neko-top/external/pfunit/build/extern/fArgParse/extern/gFTL-shared/src/v1/CMakeFiles/gftl-shared-v1.dir/depend.internal".
Dependee "extern/fArgParse/extern/gFTL-shared/extern/gFTL/include/v1/templates/value_template_macros_undefs.inc" is newer than depends file "/users/olsentim/Projects/neko-top/external/pfunit/build/extern/fArgParse/extern/gFTL-shared/src/v1/CMakeFiles/gftl-shared-v1.dir/depend.internal".
Dependee "extern/fArgParse/extern/gFTL-shared/extern/gFTL/include/v1/templates/key_macros_undefs.inc" is newer than depends file "/users/olsentim/Projects/neko-top/external/pfunit/build/extern/fArgParse/extern/gFTL-shared/src/v1/CMakeFiles/gftl-shared-v1.dir/depend.internal".
Dependee "extern/fArgParse/extern/gFTL-shared/extern/gFTL/include/v1/templates/key_set_use_tokens.inc" is newer than depends file "/users/olsentim/Projects/neko-top/external/pfunit/build/extern/fArgParse/extern/gFTL-shared/src/v1/CMakeFiles/gftl-shared-v1.dir/depend.internal".
Dependee "extern/fArgParse/extern/gFTL-shared/extern/gFTL/include/v1/templates/key_template_macros.inc" is newer than depends file "/users/olsentim/Projects/neko-top/external/pfunit/build/extern/fArgParse/extern/gFTL-shared/src/v1/CMakeFiles/gftl-shared-v1.dir/depend.internal".
Dependee "extern/fArgParse/extern/gFTL-shared/extern/gFTL/include/v1/templates/key_template_macros_undefs.inc" is newer than depends file "/users/olsentim/Projects/neko-top/external/pfunit/build/extern/fArgParse/extern/gFTL-shared/src/v1/CMakeFiles/gftl-shared-v1.dir/depend.internal".
Dependee "extern/fArgParse/extern/gFTL-shared/extern/gFTL/include/v1/templates/key_use_tokens_undef.inc" is newer than depends file "/users/olsentim/Projects/neko-top/external/pfunit/build/extern/fArgParse/extern/gFTL-shared/src/v1/CMakeFiles/gftl-shared-v1.dir/depend.internal".
Dependee "extern/fArgParse/extern/gFTL-shared/extern/gFTL/include/v1/templates/type_macros_undefs.inc" is newer than depends file "/users/olsentim/Projects/neko-top/external/pfunit/build/extern/fArgParse/extern/gFTL-shared/src/v1/CMakeFiles/gftl-shared-v1.dir/depend.internal".
Dependee "extern/fArgParse/extern/gFTL-shared/extern/gFTL/include/v1/templates/type_set_use_tokens.inc" is newer than depends file "/users/olsentim/Projects/neko-top/external/pfunit/build/extern/fArgParse/extern/gFTL-shared/src/v1/CMakeFiles/gftl-shared-v1.dir/depend.internal".
Dependee "extern/fArgParse/extern/gFTL-shared/extern/gFTL/include/v1/templates/type_template_macros.inc" is newer than depends file "/users/olsentim/Projects/neko-top/external/pfunit/build/extern/fArgParse/extern/gFTL-shared/src/v1/CMakeFiles/gftl-shared-v1.dir/depend.internal".
Dependee "extern/fArgParse/extern/gFTL-shared/extern/gFTL/include/v1/templates/type_template_macros_undefs.inc" is newer than depends file "/users/olsentim/Projects/neko-top/external/pfunit/build/extern/fArgParse/extern/gFTL-shared/src/v1/CMakeFiles/gftl-shared-v1.dir/depend.internal".
Dependee "extern/fArgParse/extern/gFTL-shared/extern/gFTL/include/v1/templates/type_use_tokens_undef.inc" is newer than depends file "/users/olsentim/Projects/neko-top/external/pfunit/build/extern/fArgParse/extern/gFTL-shared/src/v1/CMakeFiles/gftl-shared-v1.dir/depend.internal".
Dependee "extern/fArgParse/extern/gFTL-shared/extern/gFTL/include/v1/templates/value_macros_undefs.inc" is newer than depends file "/users/olsentim/Projects/neko-top/external/pfunit/build/extern/fArgParse/extern/gFTL-shared/src/v1/CMakeFiles/gftl-shared-v1.dir/depend.internal".
Dependee "extern/fArgParse/extern/gFTL-shared/extern/gFTL/include/v1/templates/value_set_use_tokens.inc" is newer than depends file "/users/olsentim/Projects/neko-top/external/pfunit/build/extern/fArgParse/extern/gFTL-shared/src/v1/CMakeFiles/gftl-shared-v1.dir/depend.internal".
Dependee "extern/fArgParse/extern/gFTL-shared/extern/gFTL/include/v1/templates/value_template_macros.inc" is newer than depends file "/users/olsentim/Projects/neko-top/external/pfunit/build/extern/fArgParse/extern/gFTL-shared/src/v1/CMakeFiles/gftl-shared-v1.dir/depend.internal".
Dependee "extern/fArgParse/extern/gFTL-shared/extern/gFTL/include/v1/templates/value_template_macros_undefs.inc" is newer than depends file "/users/olsentim/Projects/neko-top/external/pfunit/build/extern/fArgParse/extern/gFTL-shared/src/v1/CMakeFiles/gftl-shared-v1.dir/depend.internal".
Dependee "extern/fArgParse/extern/gFTL-shared/extern/gFTL/include/v1/templates/value_use_tokens_undef.inc" is newer than depends file "/users/olsentim/Projects/neko-top/external/pfunit/build/extern/fArgParse/extern/gFTL-shared/src/v1/CMakeFiles/gftl-shared-v1.dir/depend.internal".
Dependee "extern/fArgParse/extern/gFTL-shared/extern/gFTL/include/v1/templates/key_macros_undefs.inc" is newer than depends file "/users/olsentim/Projects/neko-top/external/pfunit/build/extern/fArgParse/extern/gFTL-shared/src/v1/CMakeFiles/gftl-shared-v1.dir/depend.internal".
Dependee "extern/fArgParse/extern/gFTL-shared/extern/gFTL/include/v1/templates/key_set_use_tokens.inc" is newer than depends file "/users/olsentim/Projects/neko-top/external/pfunit/build/extern/fArgParse/extern/gFTL-shared/src/v1/CMakeFiles/gftl-shared-v1.dir/depend.internal".
Dependee "extern/fArgParse/extern/gFTL-shared/extern/gFTL/include/v1/templates/key_template_macros.inc" is newer than depends file "/users/olsentim/Projects/neko-top/external/pfunit/build/extern/fArgParse/extern/gFTL-shared/src/v1/CMakeFiles/gftl-shared-v1.dir/depend.internal".
Dependee "extern/fArgParse/extern/gFTL-shared/extern/gFTL/include/v1/templates/key_template_macros_undefs.inc" is newer than depends file "/users/olsentim/Projects/neko-top/external/pfunit/build/extern/fArgParse/extern/gFTL-shared/src/v1/CMakeFiles/gftl-shared-v1.dir/depend.internal".
Dependee "extern/fArgParse/extern/gFTL-shared/extern/gFTL/include/v1/templates/key_use_tokens_undef.inc" is newer than depends file "/users/olsentim/Projects/neko-top/external/pfunit/build/extern/fArgParse/extern/gFTL-shared/src/v1/CMakeFiles/gftl-shared-v1.dir/depend.internal".
Dependee "extern/fArgParse/extern/gFTL-shared/extern/gFTL/include/v1/templates/type_macros_undefs.inc" is newer than depends file "/users/olsentim/Projects/neko-top/external/pfunit/build/extern/fArgParse/extern/gFTL-shared/src/v1/CMakeFiles/gftl-shared-v1.dir/depend.internal".
Dependee "extern/fArgParse/extern/gFTL-shared/extern/gFTL/include/v1/templates/type_set_use_tokens.inc" is newer than depends file "/users/olsentim/Projects/neko-top/external/pfunit/build/extern/fArgParse/extern/gFTL-shared/src/v1/CMakeFiles/gftl-shared-v1.dir/depend.internal".
Dependee "extern/fArgParse/extern/gFTL-shared/extern/gFTL/include/v1/templates/type_template_macros.inc" is newer than depends file "/users/olsentim/Projects/neko-top/external/pfunit/build/extern/fArgParse/extern/gFTL-shared/src/v1/CMakeFiles/gftl-shared-v1.dir/depend.internal".
Dependee "extern/fArgParse/extern/gFTL-shared/extern/gFTL/include/v1/templates/type_template_macros_undefs.inc" is newer than depends file "/users/olsentim/Projects/neko-top/external/pfunit/build/extern/fArgParse/extern/gFTL-shared/src/v1/CMakeFiles/gftl-shared-v1.dir/depend.internal".
Dependee "extern/fArgParse/extern/gFTL-shared/extern/gFTL/include/v1/templates/type_use_tokens_undef.inc" is newer than depends file "/users/olsentim/Projects/neko-top/external/pfunit/build/extern/fArgParse/extern/gFTL-shared/src/v1/CMakeFiles/gftl-shared-v1.dir/depend.internal".
Dependee "extern/fArgParse/extern/gFTL-shared/extern/gFTL/include/v1/templates/value_macros_undefs.inc" is newer than depends file "/users/olsentim/Projects/neko-top/external/pfunit/build/extern/fArgParse/extern/gFTL-shared/src/v1/CMakeFiles/gftl-shared-v1.dir/depend.internal".
Dependee "extern/fArgParse/extern/gFTL-shared/extern/gFTL/include/v1/templates/value_set_use_tokens.inc" is newer than depends file "/users/olsentim/Projects/neko-top/external/pfunit/build/extern/fArgParse/extern/gFTL-shared/src/v1/CMakeFiles/gftl-shared-v1.dir/depend.internal".
Dependee "extern/fArgParse/extern/gFTL-shared/extern/gFTL/include/v1/templates/value_template_macros.inc" is newer than depends file "/users/olsentim/Projects/neko-top/external/pfunit/build/extern/fArgParse/extern/gFTL-shared/src/v1/CMakeFiles/gftl-shared-v1.dir/depend.internal".
Dependee "extern/fArgParse/extern/gFTL-shared/extern/gFTL/include/v1/templates/value_template_macros_undefs.inc" is newer than depends file "/users/olsentim/Projects/neko-top/external/pfunit/build/extern/fArgParse/extern/gFTL-shared/src/v1/CMakeFiles/gftl-shared-v1.dir/depend.internal".
Dependee "extern/fArgParse/extern/gFTL-shared/extern/gFTL/include/v1/templates/value_use_tokens_undef.inc" is newer than depends file "/users/olsentim/Projects/neko-top/external/pfunit/build/extern/fArgParse/extern/gFTL-shared/src/v1/CMakeFiles/gftl-shared-v1.dir/depend.internal".
Dependee "extern/fArgParse/extern/gFTL-shared/extern/gFTL/include/v1/templates/key_macros_undefs.inc" is newer than depends file "/users/olsentim/Projects/neko-top/external/pfunit/build/extern/fArgParse/extern/gFTL-shared/src/v1/CMakeFiles/gftl-shared-v1.dir/depend.internal".
Dependee "extern/fArgParse/extern/gFTL-shared/extern/gFTL/include/v1/templates/key_set_use_tokens.inc" is newer than depends file "/users/olsentim/Projects/neko-top/external/pfunit/build/extern/fArgParse/extern/gFTL-shared/src/v1/CMakeFiles/gftl-shared-v1.dir/depend.internal".
Dependee "extern/fArgParse/extern/gFTL-shared/extern/gFTL/include/v1/templates/key_template_macros.inc" is newer than depends file "/users/olsentim/Projects/neko-top/external/pfunit/build/extern/fArgParse/extern/gFTL-shared/src/v1/CMakeFiles/gftl-shared-v1.dir/depend.internal".
Dependee "extern/fArgParse/extern/gFTL-shared/extern/gFTL/include/v1/templates/key_template_macros_undefs.inc" is newer than depends file "/users/olsentim/Projects/neko-top/external/pfunit/build/extern/fArgParse/extern/gFTL-shared/src/v1/CMakeFiles/gftl-shared-v1.dir/depend.internal".
Dependee "extern/fArgParse/extern/gFTL-shared/extern/gFTL/include/v1/templates/key_use_tokens_undef.inc" is newer than depends file "/users/olsentim/Projects/neko-top/external/pfunit/build/extern/fArgParse/extern/gFTL-shared/src/v1/CMakeFiles/gftl-shared-v1.dir/depend.internal".
Dependee "extern/fArgParse/extern/gFTL-shared/extern/gFTL/include/v1/templates/type_macros_undefs.inc" is newer than depends file "/users/olsentim/Projects/neko-top/external/pfunit/build/extern/fArgParse/extern/gFTL-shared/src/v1/CMakeFiles/gftl-shared-v1.dir/depend.internal".
Dependee "extern/fArgParse/extern/gFTL-shared/extern/gFTL/include/v1/templates/type_set_use_tokens.inc" is newer than depends file "/users/olsentim/Projects/neko-top/external/pfunit/build/extern/fArgParse/extern/gFTL-shared/src/v1/CMakeFiles/gftl-shared-v1.dir/depend.internal".
Dependee "extern/fArgParse/extern/gFTL-shared/extern/gFTL/include/v1/templates/type_template_macros.inc" is newer than depends file "/users/olsentim/Projects/neko-top/external/pfunit/build/extern/fArgParse/extern/gFTL-shared/src/v1/CMakeFiles/gftl-shared-v1.dir/depend.internal".
Dependee "extern/fArgParse/extern/gFTL-shared/extern/gFTL/include/v1/templates/type_template_macros_undefs.inc" is newer than depends file "/users/olsentim/Projects/neko-top/external/pfunit/build/extern/fArgParse/extern/gFTL-shared/src/v1/CMakeFiles/gftl-shared-v1.dir/depend.internal".
Dependee "extern/fArgParse/extern/gFTL-shared/extern/gFTL/include/v1/templates/type_use_tokens_undef.inc" is newer than depends file "/users/olsentim/Projects/neko-top/external/pfunit/build/extern/fArgParse/extern/gFTL-shared/src/v1/CMakeFiles/gftl-shared-v1.dir/depend.internal".
Dependee "extern/fArgParse/extern/gFTL-shared/extern/gFTL/include/v1/templates/value_macros_undefs.inc" is newer than depends file "/users/olsentim/Projects/neko-top/external/pfunit/build/extern/fArgParse/extern/gFTL-shared/src/v1/CMakeFiles/gftl-shared-v1.dir/depend.internal".
Dependee "extern/fArgParse/extern/gFTL-shared/extern/gFTL/include/v1/templates/value_set_use_tokens.inc" is newer than depends file "/users/olsentim/Projects/neko-top/external/pfunit/build/extern/fArgParse/extern/gFTL-shared/src/v1/CMakeFiles/gftl-shared-v1.dir/depend.internal".
Dependee "extern/fArgParse/extern/gFTL-shared/extern/gFTL/include/v1/templates/value_template_macros.inc" is newer than depends file "/users/olsentim/Projects/neko-top/external/pfunit/build/extern/fArgParse/extern/gFTL-shared/src/v1/CMakeFiles/gftl-shared-v1.dir/depend.internal".
Dependee "extern/fArgParse/extern/gFTL-shared/extern/gFTL/include/v1/templates/value_template_macros_undefs.inc" is newer than depends file "/users/olsentim/Projects/neko-top/external/pfunit/build/extern/fArgParse/extern/gFTL-shared/src/v1/CMakeFiles/gftl-shared-v1.dir/depend.internal".
Dependee "extern/fArgParse/extern/gFTL-shared/extern/gFTL/include/v1/templates/value_use_tokens_undef.inc" is newer than depends file "/users/olsentim/Projects/neko-top/external/pfunit/build/extern/fArgParse/extern/gFTL-shared/src/v1/CMakeFiles/gftl-shared-v1.dir/depend.internal".
Dependee "extern/fArgParse/extern/gFTL-shared/extern/gFTL/include/v1/templates/key_macros_undefs.inc" is newer than depends file "/users/olsentim/Projects/neko-top/external/pfunit/build/extern/fArgParse/extern/gFTL-shared/src/v1/CMakeFiles/gftl-shared-v1.dir/depend.internal".
Dependee "extern/fArgParse/extern/gFTL-shared/extern/gFTL/include/v1/templates/key_set_use_tokens.inc" is newer than depends file "/users/olsentim/Projects/neko-top/external/pfunit/build/extern/fArgParse/extern/gFTL-shared/src/v1/CMakeFiles/gftl-shared-v1.dir/depend.internal".
Dependee "extern/fArgParse/extern/gFTL-shared/extern/gFTL/include/v1/templates/key_template_macros.inc" is newer than depends file "/users/olsentim/Projects/neko-top/external/pfunit/build/extern/fArgParse/extern/gFTL-shared/src/v1/CMakeFiles/gftl-shared-v1.dir/depend.internal".
Dependee "extern/fArgParse/extern/gFTL-shared/extern/gFTL/include/v1/templates/key_template_macros_undefs.inc" is newer than depends file "/users/olsentim/Projects/neko-top/external/pfunit/build/extern/fArgParse/extern/gFTL-shared/src/v1/CMakeFiles/gftl-shared-v1.dir/depend.internal".
Dependee "extern/fArgParse/extern/gFTL-shared/extern/gFTL/include/v1/templates/key_use_tokens_undef.inc" is newer than depends file "/users/olsentim/Projects/neko-top/external/pfunit/build/extern/fArgParse/extern/gFTL-shared/src/v1/CMakeFiles/gftl-shared-v1.dir/depend.internal".
Dependee "extern/fArgParse/extern/gFTL-shared/extern/gFTL/include/v1/templates/type_macros_undefs.inc" is newer than depends file "/users/olsentim/Projects/neko-top/external/pfunit/build/extern/fArgParse/extern/gFTL-shared/src/v1/CMakeFiles/gftl-shared-v1.dir/depend.internal".
Dependee "extern/fArgParse/extern/gFTL-shared/extern/gFTL/include/v1/templates/type_set_use_tokens.inc" is newer than depends file "/users/olsentim/Projects/neko-top/external/pfunit/build/extern/fArgParse/extern/gFTL-shared/src/v1/CMakeFiles/gftl-shared-v1.dir/depend.internal".
Dependee "extern/fArgParse/extern/gFTL-shared/extern/gFTL/include/v1/templates/type_template_macros.inc" is newer than depends file "/users/olsentim/Projects/neko-top/external/pfunit/build/extern/fArgParse/extern/gFTL-shared/src/v1/CMakeFiles/gftl-shared-v1.dir/depend.internal".
Dependee "extern/fArgParse/extern/gFTL-shared/extern/gFTL/include/v1/templates/type_template_macros_undefs.inc" is newer than depends file "/users/olsentim/Projects/neko-top/external/pfunit/build/extern/fArgParse/extern/gFTL-shared/src/v1/CMakeFiles/gftl-shared-v1.dir/depend.internal".
Dependee "extern/fArgParse/extern/gFTL-shared/extern/gFTL/include/v1/templates/type_use_tokens_undef.inc" is newer than depends file "/users/olsentim/Projects/neko-top/external/pfunit/build/extern/fArgParse/extern/gFTL-shared/src/v1/CMakeFiles/gftl-shared-v1.dir/depend.internal".
Dependee "extern/fArgParse/extern/gFTL-shared/extern/gFTL/include/v1/templates/value_macros_undefs.inc" is newer than depends file "/users/olsentim/Projects/neko-top/external/pfunit/build/extern/fArgParse/extern/gFTL-shared/src/v1/CMakeFiles/gftl-shared-v1.dir/depend.internal".
Dependee "extern/fArgParse/extern/gFTL-shared/extern/gFTL/include/v1/templates/value_set_use_tokens.inc" is newer than depends file "/users/olsentim/Projects/neko-top/external/pfunit/build/extern/fArgParse/extern/gFTL-shared/src/v1/CMakeFiles/gftl-shared-v1.dir/depend.internal".
Dependee "extern/fArgParse/extern/gFTL-shared/extern/gFTL/include/v1/templates/value_template_macros.inc" is newer than depends file "/users/olsentim/Projects/neko-top/external/pfunit/build/extern/fArgParse/extern/gFTL-shared/src/v1/CMakeFiles/gftl-shared-v1.dir/depend.internal".
Dependee "extern/fArgParse/extern/gFTL-shared/extern/gFTL/include/v1/templates/value_template_macros_undefs.inc" is newer than depends file "/users/olsentim/Projects/neko-top/external/pfunit/build/extern/fArgParse/extern/gFTL-shared/src/v1/CMakeFiles/gftl-shared-v1.dir/depend.internal".
Dependee "extern/fArgParse/extern/gFTL-shared/extern/gFTL/include/v1/templates/value_use_tokens_undef.inc" is newer than depends file "/users/olsentim/Projects/neko-top/external/pfunit/build/extern/fArgParse/extern/gFTL-shared/src/v1/CMakeFiles/gftl-shared-v1.dir/depend.internal".
Dependee "extern/fArgParse/extern/gFTL-shared/extern/gFTL/include/v1/templates/key_macros_undefs.inc" is newer than depends file "/users/olsentim/Projects/neko-top/external/pfunit/build/extern/fArgParse/extern/gFTL-shared/src/v1/CMakeFiles/gftl-shared-v1.dir/depend.internal".
Dependee "extern/fArgParse/extern/gFTL-shared/extern/gFTL/include/v1/templates/key_set_use_tokens.inc" is newer than depends file "/users/olsentim/Projects/neko-top/external/pfunit/build/extern/fArgParse/extern/gFTL-shared/src/v1/CMakeFiles/gftl-shared-v1.dir/depend.internal".
Dependee "extern/fArgParse/extern/gFTL-shared/extern/gFTL/include/v1/templates/key_template_macros.inc" is newer than depends file "/users/olsentim/Projects/neko-top/external/pfunit/build/extern/fArgParse/extern/gFTL-shared/src/v1/CMakeFiles/gftl-shared-v1.dir/depend.internal".
Dependee "extern/fArgParse/extern/gFTL-shared/extern/gFTL/include/v1/templates/key_template_macros_undefs.inc" is newer than depends file "/users/olsentim/Projects/neko-top/external/pfunit/build/extern/fArgParse/extern/gFTL-shared/src/v1/CMakeFiles/gftl-shared-v1.dir/depend.internal".
Dependee "extern/fArgParse/extern/gFTL-shared/extern/gFTL/include/v1/templates/key_use_tokens_undef.inc" is newer than depends file "/users/olsentim/Projects/neko-top/external/pfunit/build/extern/fArgParse/extern/gFTL-shared/src/v1/CMakeFiles/gftl-shared-v1.dir/depend.internal".
Dependee "extern/fArgParse/extern/gFTL-shared/extern/gFTL/include/v1/templates/type_macros_undefs.inc" is newer than depends file "/users/olsentim/Projects/neko-top/external/pfunit/build/extern/fArgParse/extern/gFTL-shared/src/v1/CMakeFiles/gftl-shared-v1.dir/depend.internal".
Dependee "extern/fArgParse/extern/gFTL-shared/extern/gFTL/include/v1/templates/type_set_use_tokens.inc" is newer than depends file "/users/olsentim/Projects/neko-top/external/pfunit/build/extern/fArgParse/extern/gFTL-shared/src/v1/CMakeFiles/gftl-shared-v1.dir/depend.internal".
Dependee "extern/fArgParse/extern/gFTL-shared/extern/gFTL/include/v1/templates/type_template_macros.inc" is newer than depends file "/users/olsentim/Projects/neko-top/external/pfunit/build/extern/fArgParse/extern/gFTL-shared/src/v1/CMakeFiles/gftl-shared-v1.dir/depend.internal".
Dependee "extern/fArgParse/extern/gFTL-shared/extern/gFTL/include/v1/templates/type_template_macros_undefs.inc" is newer than depends file "/users/olsentim/Projects/neko-top/external/pfunit/build/extern/fArgParse/extern/gFTL-shared/src/v1/CMakeFiles/gftl-shared-v1.dir/depend.internal".
Dependee "extern/fArgParse/extern/gFTL-shared/extern/gFTL/include/v1/templates/type_use_tokens_undef.inc" is newer than depends file "/users/olsentim/Projects/neko-top/external/pfunit/build/extern/fArgParse/extern/gFTL-shared/src/v1/CMakeFiles/gftl-shared-v1.dir/depend.internal".
Dependee "extern/fArgParse/extern/gFTL-shared/extern/gFTL/include/v1/templates/value_macros_undefs.inc" is newer than depends file "/users/olsentim/Projects/neko-top/external/pfunit/build/extern/fArgParse/extern/gFTL-shared/src/v1/CMakeFiles/gftl-shared-v1.dir/depend.internal".
Dependee "extern/fArgParse/extern/gFTL-shared/extern/gFTL/include/v1/templates/value_set_use_tokens.inc" is newer than depends file "/users/olsentim/Projects/neko-top/external/pfunit/build/extern/fArgParse/extern/gFTL-shared/src/v1/CMakeFiles/gftl-shared-v1.dir/depend.internal".
Dependee "extern/fArgParse/extern/gFTL-shared/extern/gFTL/include/v1/templates/value_template_macros.inc" is newer than depends file "/users/olsentim/Projects/neko-top/external/pfunit/build/extern/fArgParse/extern/gFTL-shared/src/v1/CMakeFiles/gftl-shared-v1.dir/depend.internal".
Dependee "extern/fArgParse/extern/gFTL-shared/extern/gFTL/include/v1/templates/value_template_macros_undefs.inc" is newer than depends file "/users/olsentim/Projects/neko-top/external/pfunit/build/extern/fArgParse/extern/gFTL-shared/src/v1/CMakeFiles/gftl-shared-v1.dir/depend.internal".
Dependee "extern/fArgParse/extern/gFTL-shared/extern/gFTL/include/v1/templates/value_use_tokens_undef.inc" is newer than depends file "/users/olsentim/Projects/neko-top/external/pfunit/build/extern/fArgParse/extern/gFTL-shared/src/v1/CMakeFiles/gftl-shared-v1.dir/depend.internal".
Dependee "extern/fArgParse/extern/gFTL-shared/extern/gFTL/include/v1/templates/key_macros_undefs.inc" is newer than depends file "/users/olsentim/Projects/neko-top/external/pfunit/build/extern/fArgParse/extern/gFTL-shared/src/v1/CMakeFiles/gftl-shared-v1.dir/depend.internal".
Dependee "extern/fArgParse/extern/gFTL-shared/extern/gFTL/include/v1/templates/key_set_use_tokens.inc" is newer than depends file "/users/olsentim/Projects/neko-top/external/pfunit/build/extern/fArgParse/extern/gFTL-shared/src/v1/CMakeFiles/gftl-shared-v1.dir/depend.internal".
Dependee "extern/fArgParse/extern/gFTL-shared/extern/gFTL/include/v1/templates/key_template_macros.inc" is newer than depends file "/users/olsentim/Projects/neko-top/external/pfunit/build/extern/fArgParse/extern/gFTL-shared/src/v1/CMakeFiles/gftl-shared-v1.dir/depend.internal".
Dependee "extern/fArgParse/extern/gFTL-shared/extern/gFTL/include/v1/templates/key_template_macros_undefs.inc" is newer than depends file "/users/olsentim/Projects/neko-top/external/pfunit/build/extern/fArgParse/extern/gFTL-shared/src/v1/CMakeFiles/gftl-shared-v1.dir/depend.internal".
Dependee "extern/fArgParse/extern/gFTL-shared/extern/gFTL/include/v1/templates/key_use_tokens_undef.inc" is newer than depends file "/users/olsentim/Projects/neko-top/external/pfunit/build/extern/fArgParse/extern/gFTL-shared/src/v1/CMakeFiles/gftl-shared-v1.dir/depend.internal".
Dependee "extern/fArgParse/extern/gFTL-shared/extern/gFTL/include/v1/templates/type_macros_undefs.inc" is newer than depends file "/users/olsentim/Projects/neko-top/external/pfunit/build/extern/fArgParse/extern/gFTL-shared/src/v1/CMakeFiles/gftl-shared-v1.dir/depend.internal".
Dependee "extern/fArgParse/extern/gFTL-shared/extern/gFTL/include/v1/templates/type_set_use_tokens.inc" is newer than depends file "/users/olsentim/Projects/neko-top/external/pfunit/build/extern/fArgParse/extern/gFTL-shared/src/v1/CMakeFiles/gftl-shared-v1.dir/depend.internal".
Dependee "extern/fArgParse/extern/gFTL-shared/extern/gFTL/include/v1/templates/type_template_macros.inc" is newer than depends file "/users/olsentim/Projects/neko-top/external/pfunit/build/extern/fArgParse/extern/gFTL-shared/src/v1/CMakeFiles/gftl-shared-v1.dir/depend.internal".
Dependee "extern/fArgParse/extern/gFTL-shared/extern/gFTL/include/v1/templates/type_template_macros_undefs.inc" is newer than depends file "/users/olsentim/Projects/neko-top/external/pfunit/build/extern/fArgParse/extern/gFTL-shared/src/v1/CMakeFiles/gftl-shared-v1.dir/depend.internal".
Dependee "extern/fArgParse/extern/gFTL-shared/extern/gFTL/include/v1/templates/type_use_tokens_undef.inc" is newer than depends file "/users/olsentim/Projects/neko-top/external/pfunit/build/extern/fArgParse/extern/gFTL-shared/src/v1/CMakeFiles/gftl-shared-v1.dir/depend.internal".
Dependee "extern/fArgParse/extern/gFTL-shared/extern/gFTL/include/v1/templates/value_macros_undefs.inc" is newer than depends file "/users/olsentim/Projects/neko-top/external/pfunit/build/extern/fArgParse/extern/gFTL-shared/src/v1/CMakeFiles/gftl-shared-v1.dir/depend.internal".
Dependee "extern/fArgParse/extern/gFTL-shared/extern/gFTL/include/v1/templates/value_set_use_tokens.inc" is newer than depends file "/users/olsentim/Projects/neko-top/external/pfunit/build/extern/fArgParse/extern/gFTL-shared/src/v1/CMakeFiles/gftl-shared-v1.dir/depend.internal".
Dependee "extern/fArgParse/extern/gFTL-shared/extern/gFTL/include/v1/templates/value_template_macros.inc" is newer than depends file "/users/olsentim/Projects/neko-top/external/pfunit/build/extern/fArgParse/extern/gFTL-shared/src/v1/CMakeFiles/gftl-shared-v1.dir/depend.internal".
Dependee "extern/fArgParse/extern/gFTL-shared/extern/gFTL/include/v1/templates/value_template_macros_undefs.inc" is newer than depends file "/users/olsentim/Projects/neko-top/external/pfunit/build/extern/fArgParse/extern/gFTL-shared/src/v1/CMakeFiles/gftl-shared-v1.dir/depend.internal".
Dependee "extern/fArgParse/extern/gFTL-shared/extern/gFTL/include/v1/templates/value_use_tokens_undef.inc" is newer than depends file "/users/olsentim/Projects/neko-top/external/pfunit/build/extern/fArgParse/extern/gFTL-shared/src/v1/CMakeFiles/gftl-shared-v1.dir/depend.internal".
Dependee "extern/fArgParse/extern/gFTL-shared/extern/gFTL/include/v1/templates/key_macros_undefs.inc" is newer than depends file "/users/olsentim/Projects/neko-top/external/pfunit/build/extern/fArgParse/extern/gFTL-shared/src/v1/CMakeFiles/gftl-shared-v1.dir/depend.internal".
Dependee "extern/fArgParse/extern/gFTL-shared/extern/gFTL/include/v1/templates/key_set_use_tokens.inc" is newer than depends file "/users/olsentim/Projects/neko-top/external/pfunit/build/extern/fArgParse/extern/gFTL-shared/src/v1/CMakeFiles/gftl-shared-v1.dir/depend.internal".
Dependee "extern/fArgParse/extern/gFTL-shared/extern/gFTL/include/v1/templates/key_template_macros.inc" is newer than depends file "/users/olsentim/Projects/neko-top/external/pfunit/build/extern/fArgParse/extern/gFTL-shared/src/v1/CMakeFiles/gftl-shared-v1.dir/depend.internal".
Dependee "extern/fArgParse/extern/gFTL-shared/extern/gFTL/include/v1/templates/key_template_macros_undefs.inc" is newer than depends file "/users/olsentim/Projects/neko-top/external/pfunit/build/extern/fArgParse/extern/gFTL-shared/src/v1/CMakeFiles/gftl-shared-v1.dir/depend.internal".
Dependee "extern/fArgParse/extern/gFTL-shared/extern/gFTL/include/v1/templates/key_use_tokens_undef.inc" is newer than depends file "/users/olsentim/Projects/neko-top/external/pfunit/build/extern/fArgParse/extern/gFTL-shared/src/v1/CMakeFiles/gftl-shared-v1.dir/depend.internal".
Dependee "extern/fArgParse/extern/gFTL-shared/extern/gFTL/include/v1/templates/type_macros_undefs.inc" is newer than depends file "/users/olsentim/Projects/neko-top/external/pfunit/build/extern/fArgParse/extern/gFTL-shared/src/v1/CMakeFiles/gftl-shared-v1.dir/depend.internal".
Dependee "extern/fArgParse/extern/gFTL-shared/extern/gFTL/include/v1/templates/type_set_use_tokens.inc" is newer than depends file "/users/olsentim/Projects/neko-top/external/pfunit/build/extern/fArgParse/extern/gFTL-shared/src/v1/CMakeFiles/gftl-shared-v1.dir/depend.internal".
Dependee "extern/fArgParse/extern/gFTL-shared/extern/gFTL/include/v1/templates/type_template_macros.inc" is newer than depends file "/users/olsentim/Projects/neko-top/external/pfunit/build/extern/fArgParse/extern/gFTL-shared/src/v1/CMakeFiles/gftl-shared-v1.dir/depend.internal".
Dependee "extern/fArgParse/extern/gFTL-shared/extern/gFTL/include/v1/templates/type_template_macros_undefs.inc" is newer than depends file "/users/olsentim/Projects/neko-top/external/pfunit/build/extern/fArgParse/extern/gFTL-shared/src/v1/CMakeFiles/gftl-shared-v1.dir/depend.internal".
Dependee "extern/fArgParse/extern/gFTL-shared/extern/gFTL/include/v1/templates/type_use_tokens_undef.inc" is newer than depends file "/users/olsentim/Projects/neko-top/external/pfunit/build/extern/fArgParse/extern/gFTL-shared/src/v1/CMakeFiles/gftl-shared-v1.dir/depend.internal".
Dependee "extern/fArgParse/extern/gFTL-shared/extern/gFTL/include/v1/templates/value_macros_undefs.inc" is newer than depends file "/users/olsentim/Projects/neko-top/external/pfunit/build/extern/fArgParse/extern/gFTL-shared/src/v1/CMakeFiles/gftl-shared-v1.dir/depend.internal".
Dependee "extern/fArgParse/extern/gFTL-shared/extern/gFTL/include/v1/templates/value_set_use_tokens.inc" is newer than depends file "/users/olsentim/Projects/neko-top/external/pfunit/build/extern/fArgParse/extern/gFTL-shared/src/v1/CMakeFiles/gftl-shared-v1.dir/depend.internal".
Dependee "extern/fArgParse/extern/gFTL-shared/extern/gFTL/include/v1/templates/value_template_macros.inc" is newer than depends file "/users/olsentim/Projects/neko-top/external/pfunit/build/extern/fArgParse/extern/gFTL-shared/src/v1/CMakeFiles/gftl-shared-v1.dir/depend.internal".
Dependee "extern/fArgParse/extern/gFTL-shared/extern/gFTL/include/v1/templates/value_template_macros_undefs.inc" is newer than depends file "/users/olsentim/Projects/neko-top/external/pfunit/build/extern/fArgParse/extern/gFTL-shared/src/v1/CMakeFiles/gftl-shared-v1.dir/depend.internal".
Dependee "extern/fArgParse/extern/gFTL-shared/extern/gFTL/include/v1/templates/value_use_tokens_undef.inc" is newer than depends file "/users/olsentim/Projects/neko-top/external/pfunit/build/extern/fArgParse/extern/gFTL-shared/src/v1/CMakeFiles/gftl-shared-v1.dir/depend.internal".
Dependee "extern/fArgParse/extern/gFTL-shared/extern/gFTL/include/v1/templates/key_macros_undefs.inc" is newer than depends file "/users/olsentim/Projects/neko-top/external/pfunit/build/extern/fArgParse/extern/gFTL-shared/src/v1/CMakeFiles/gftl-shared-v1.dir/depend.internal".
Dependee "extern/fArgParse/extern/gFTL-shared/extern/gFTL/include/v1/templates/key_set_use_tokens.inc" is newer than depends file "/users/olsentim/Projects/neko-top/external/pfunit/build/extern/fArgParse/extern/gFTL-shared/src/v1/CMakeFiles/gftl-shared-v1.dir/depend.internal".
Dependee "extern/fArgParse/extern/gFTL-shared/extern/gFTL/include/v1/templates/key_template_macros.inc" is newer than depends file "/users/olsentim/Projects/neko-top/external/pfunit/build/extern/fArgParse/extern/gFTL-shared/src/v1/CMakeFiles/gftl-shared-v1.dir/depend.internal".
Dependee "extern/fArgParse/extern/gFTL-shared/extern/gFTL/include/v1/templates/key_template_macros_undefs.inc" is newer than depends file "/users/olsentim/Projects/neko-top/external/pfunit/build/extern/fArgParse/extern/gFTL-shared/src/v1/CMakeFiles/gftl-shared-v1.dir/depend.internal".
Dependee "extern/fArgParse/extern/gFTL-shared/extern/gFTL/include/v1/templates/key_use_tokens_undef.inc" is newer than depends file "/users/olsentim/Projects/neko-top/external/pfunit/build/extern/fArgParse/extern/gFTL-shared/src/v1/CMakeFiles/gftl-shared-v1.dir/depend.internal".
Dependee "extern/fArgParse/extern/gFTL-shared/extern/gFTL/include/v1/templates/type_macros_undefs.inc" is newer than depends file "/users/olsentim/Projects/neko-top/external/pfunit/build/extern/fArgParse/extern/gFTL-shared/src/v1/CMakeFiles/gftl-shared-v1.dir/depend.internal".
Dependee "extern/fArgParse/extern/gFTL-shared/extern/gFTL/include/v1/templates/type_set_use_tokens.inc" is newer than depends file "/users/olsentim/Projects/neko-top/external/pfunit/build/extern/fArgParse/extern/gFTL-shared/src/v1/CMakeFiles/gftl-shared-v1.dir/depend.internal".
Dependee "extern/fArgParse/extern/gFTL-shared/extern/gFTL/include/v1/templates/type_template_macros.inc" is newer than depends file "/users/olsentim/Projects/neko-top/external/pfunit/build/extern/fArgParse/extern/gFTL-shared/src/v1/CMakeFiles/gftl-shared-v1.dir/depend.internal".
Dependee "extern/fArgParse/extern/gFTL-shared/extern/gFTL/include/v1/templates/type_template_macros_undefs.inc" is newer than depends file "/users/olsentim/Projects/neko-top/external/pfunit/build/extern/fArgParse/extern/gFTL-shared/src/v1/CMakeFiles/gftl-shared-v1.dir/depend.internal".
Dependee "extern/fArgParse/extern/gFTL-shared/extern/gFTL/include/v1/templates/type_use_tokens_undef.inc" is newer than depends file "/users/olsentim/Projects/neko-top/external/pfunit/build/extern/fArgParse/extern/gFTL-shared/src/v1/CMakeFiles/gftl-shared-v1.dir/depend.internal".
Dependee "extern/fArgParse/extern/gFTL-shared/extern/gFTL/include/v1/templates/value_macros_undefs.inc" is newer than depends file "/users/olsentim/Projects/neko-top/external/pfunit/build/extern/fArgParse/extern/gFTL-shared/src/v1/CMakeFiles/gftl-shared-v1.dir/depend.internal".
Dependee "extern/fArgParse/extern/gFTL-shared/extern/gFTL/include/v1/templates/value_set_use_tokens.inc" is newer than depends file "/users/olsentim/Projects/neko-top/external/pfunit/build/extern/fArgParse/extern/gFTL-shared/src/v1/CMakeFiles/gftl-shared-v1.dir/depend.internal".
Dependee "extern/fArgParse/extern/gFTL-shared/extern/gFTL/include/v1/templates/value_template_macros.inc" is newer than depends file "/users/olsentim/Projects/neko-top/external/pfunit/build/extern/fArgParse/extern/gFTL-shared/src/v1/CMakeFiles/gftl-shared-v1.dir/depend.internal".
Dependee "extern/fArgParse/extern/gFTL-shared/extern/gFTL/include/v1/templates/value_template_macros_undefs.inc" is newer than depends file "/users/olsentim/Projects/neko-top/external/pfunit/build/extern/fArgParse/extern/gFTL-shared/src/v1/CMakeFiles/gftl-shared-v1.dir/depend.internal".
Dependee "extern/fArgParse/extern/gFTL-shared/extern/gFTL/include/v1/templates/value_use_tokens_undef.inc" is newer than depends file "/users/olsentim/Projects/neko-top/external/pfunit/build/extern/fArgParse/extern/gFTL-shared/src/v1/CMakeFiles/gftl-shared-v1.dir/depend.internal".
Dependee "extern/fArgParse/extern/gFTL-shared/extern/gFTL/include/v1/templates/key_macros_undefs.inc" is newer than depends file "/users/olsentim/Projects/neko-top/external/pfunit/build/extern/fArgParse/extern/gFTL-shared/src/v1/CMakeFiles/gftl-shared-v1.dir/depend.internal".
Dependee "extern/fArgParse/extern/gFTL-shared/extern/gFTL/include/v1/templates/key_set_use_tokens.inc" is newer than depends file "/users/olsentim/Projects/neko-top/external/pfunit/build/extern/fArgParse/extern/gFTL-shared/src/v1/CMakeFiles/gftl-shared-v1.dir/depend.internal".
Dependee "extern/fArgParse/extern/gFTL-shared/extern/gFTL/include/v1/templates/key_template_macros.inc" is newer than depends file "/users/olsentim/Projects/neko-top/external/pfunit/build/extern/fArgParse/extern/gFTL-shared/src/v1/CMakeFiles/gftl-shared-v1.dir/depend.internal".
Dependee "extern/fArgParse/extern/gFTL-shared/extern/gFTL/include/v1/templates/key_template_macros_undefs.inc" is newer than depends file "/users/olsentim/Projects/neko-top/external/pfunit/build/extern/fArgParse/extern/gFTL-shared/src/v1/CMakeFiles/gftl-shared-v1.dir/depend.internal".
Dependee "extern/fArgParse/extern/gFTL-shared/extern/gFTL/include/v1/templates/key_use_tokens_undef.inc" is newer than depends file "/users/olsentim/Projects/neko-top/external/pfunit/build/extern/fArgParse/extern/gFTL-shared/src/v1/CMakeFiles/gftl-shared-v1.dir/depend.internal".
Dependee "extern/fArgParse/extern/gFTL-shared/extern/gFTL/include/v1/templates/type_macros_undefs.inc" is newer than depends file "/users/olsentim/Projects/neko-top/external/pfunit/build/extern/fArgParse/extern/gFTL-shared/src/v1/CMakeFiles/gftl-shared-v1.dir/depend.internal".
Dependee "extern/fArgParse/extern/gFTL-shared/extern/gFTL/include/v1/templates/type_set_use_tokens.inc" is newer than depends file "/users/olsentim/Projects/neko-top/external/pfunit/build/extern/fArgParse/extern/gFTL-shared/src/v1/CMakeFiles/gftl-shared-v1.dir/depend.internal".
Dependee "extern/fArgParse/extern/gFTL-shared/extern/gFTL/include/v1/templates/type_template_macros.inc" is newer than depends file "/users/olsentim/Projects/neko-top/external/pfunit/build/extern/fArgParse/extern/gFTL-shared/src/v1/CMakeFiles/gftl-shared-v1.dir/depend.internal".
Dependee "extern/fArgParse/extern/gFTL-shared/extern/gFTL/include/v1/templates/type_template_macros_undefs.inc" is newer than depends file "/users/olsentim/Projects/neko-top/external/pfunit/build/extern/fArgParse/extern/gFTL-shared/src/v1/CMakeFiles/gftl-shared-v1.dir/depend.internal".
Dependee "extern/fArgParse/extern/gFTL-shared/extern/gFTL/include/v1/templates/type_use_tokens_undef.inc" is newer than depends file "/users/olsentim/Projects/neko-top/external/pfunit/build/extern/fArgParse/extern/gFTL-shared/src/v1/CMakeFiles/gftl-shared-v1.dir/depend.internal".
Dependee "extern/fArgParse/extern/gFTL-shared/extern/gFTL/include/v1/templates/value_macros_undefs.inc" is newer than depends file "/users/olsentim/Projects/neko-top/external/pfunit/build/extern/fArgParse/extern/gFTL-shared/src/v1/CMakeFiles/gftl-shared-v1.dir/depend.internal".
Dependee "extern/fArgParse/extern/gFTL-shared/extern/gFTL/include/v1/templates/value_set_use_tokens.inc" is newer than depends file "/users/olsentim/Projects/neko-top/external/pfunit/build/extern/fArgParse/extern/gFTL-shared/src/v1/CMakeFiles/gftl-shared-v1.dir/depend.internal".
Dependee "extern/fArgParse/extern/gFTL-shared/extern/gFTL/include/v1/templates/value_template_macros.inc" is newer than depends file "/users/olsentim/Projects/neko-top/external/pfunit/build/extern/fArgParse/extern/gFTL-shared/src/v1/CMakeFiles/gftl-shared-v1.dir/depend.internal".
Dependee "extern/fArgParse/extern/gFTL-shared/extern/gFTL/include/v1/templates/value_template_macros_undefs.inc" is newer than depends file "/users/olsentim/Projects/neko-top/external/pfunit/build/extern/fArgParse/extern/gFTL-shared/src/v1/CMakeFiles/gftl-shared-v1.dir/depend.internal".
Dependee "extern/fArgParse/extern/gFTL-shared/extern/gFTL/include/v1/templates/value_use_tokens_undef.inc" is newer than depends file "/users/olsentim/Projects/neko-top/external/pfunit/build/extern/fArgParse/extern/gFTL-shared/src/v1/CMakeFiles/gftl-shared-v1.dir/depend.internal".
Dependee "extern/fArgParse/extern/gFTL-shared/extern/gFTL/include/v1/templates/key_macros_undefs.inc" is newer than depends file "/users/olsentim/Projects/neko-top/external/pfunit/build/extern/fArgParse/extern/gFTL-shared/src/v1/CMakeFiles/gftl-shared-v1.dir/depend.internal".
Dependee "extern/fArgParse/extern/gFTL-shared/extern/gFTL/include/v1/templates/key_set_use_tokens.inc" is newer than depends file "/users/olsentim/Projects/neko-top/external/pfunit/build/extern/fArgParse/extern/gFTL-shared/src/v1/CMakeFiles/gftl-shared-v1.dir/depend.internal".
Dependee "extern/fArgParse/extern/gFTL-shared/extern/gFTL/include/v1/templates/key_template_macros.inc" is newer than depends file "/users/olsentim/Projects/neko-top/external/pfunit/build/extern/fArgParse/extern/gFTL-shared/src/v1/CMakeFiles/gftl-shared-v1.dir/depend.internal".
Dependee "extern/fArgParse/extern/gFTL-shared/extern/gFTL/include/v1/templates/key_template_macros_undefs.inc" is newer than depends file "/users/olsentim/Projects/neko-top/external/pfunit/build/extern/fArgParse/extern/gFTL-shared/src/v1/CMakeFiles/gftl-shared-v1.dir/depend.internal".
Dependee "extern/fArgParse/extern/gFTL-shared/extern/gFTL/include/v1/templates/key_use_tokens_undef.inc" is newer than depends file "/users/olsentim/Projects/neko-top/external/pfunit/build/extern/fArgParse/extern/gFTL-shared/src/v1/CMakeFiles/gftl-shared-v1.dir/depend.internal".
Dependee "extern/fArgParse/extern/gFTL-shared/extern/gFTL/include/v1/templates/type_macros_undefs.inc" is newer than depends file "/users/olsentim/Projects/neko-top/external/pfunit/build/extern/fArgParse/extern/gFTL-shared/src/v1/CMakeFiles/gftl-shared-v1.dir/depend.internal".
Dependee "extern/fArgParse/extern/gFTL-shared/extern/gFTL/include/v1/templates/type_set_use_tokens.inc" is newer than depends file "/users/olsentim/Projects/neko-top/external/pfunit/build/extern/fArgParse/extern/gFTL-shared/src/v1/CMakeFiles/gftl-shared-v1.dir/depend.internal".
Dependee "extern/fArgParse/extern/gFTL-shared/extern/gFTL/include/v1/templates/type_template_macros.inc" is newer than depends file "/users/olsentim/Projects/neko-top/external/pfunit/build/extern/fArgParse/extern/gFTL-shared/src/v1/CMakeFiles/gftl-shared-v1.dir/depend.internal".
Dependee "extern/fArgParse/extern/gFTL-shared/extern/gFTL/include/v1/templates/type_template_macros_undefs.inc" is newer than depends file "/users/olsentim/Projects/neko-top/external/pfunit/build/extern/fArgParse/extern/gFTL-shared/src/v1/CMakeFiles/gftl-shared-v1.dir/depend.internal".
Dependee "extern/fArgParse/extern/gFTL-shared/extern/gFTL/include/v1/templates/type_use_tokens_undef.inc" is newer than depends file "/users/olsentim/Projects/neko-top/external/pfunit/build/extern/fArgParse/extern/gFTL-shared/src/v1/CMakeFiles/gftl-shared-v1.dir/depend.internal".
Dependee "extern/fArgParse/extern/gFTL-shared/extern/gFTL/include/v1/templates/value_macros_undefs.inc" is newer than depends file "/users/olsentim/Projects/neko-top/external/pfunit/build/extern/fArgParse/extern/gFTL-shared/src/v1/CMakeFiles/gftl-shared-v1.dir/depend.internal".
Dependee "extern/fArgParse/extern/gFTL-shared/extern/gFTL/include/v1/templates/value_set_use_tokens.inc" is newer than depends file "/users/olsentim/Projects/neko-top/external/pfunit/build/extern/fArgParse/extern/gFTL-shared/src/v1/CMakeFiles/gftl-shared-v1.dir/depend.internal".
Dependee "extern/fArgParse/extern/gFTL-shared/extern/gFTL/include/v1/templates/value_template_macros.inc" is newer than depends file "/users/olsentim/Projects/neko-top/external/pfunit/build/extern/fArgParse/extern/gFTL-shared/src/v1/CMakeFiles/gftl-shared-v1.dir/depend.internal".
Dependee "extern/fArgParse/extern/gFTL-shared/extern/gFTL/include/v1/templates/value_template_macros_undefs.inc" is newer than depends file "/users/olsentim/Projects/neko-top/external/pfunit/build/extern/fArgParse/extern/gFTL-shared/src/v1/CMakeFiles/gftl-shared-v1.dir/depend.internal".
Dependee "extern/fArgParse/extern/gFTL-shared/extern/gFTL/include/v1/templates/value_use_tokens_undef.inc" is newer than depends file "/users/olsentim/Projects/neko-top/external/pfunit/build/extern/fArgParse/extern/gFTL-shared/src/v1/CMakeFiles/gftl-shared-v1.dir/depend.internal".
Dependee "extern/fArgParse/extern/gFTL-shared/extern/gFTL/include/v1/templates/key_macros_undefs.inc" is newer than depends file "/users/olsentim/Projects/neko-top/external/pfunit/build/extern/fArgParse/extern/gFTL-shared/src/v1/CMakeFiles/gftl-shared-v1.dir/depend.internal".
Dependee "extern/fArgParse/extern/gFTL-shared/extern/gFTL/include/v1/templates/key_set_use_tokens.inc" is newer than depends file "/users/olsentim/Projects/neko-top/external/pfunit/build/extern/fArgParse/extern/gFTL-shared/src/v1/CMakeFiles/gftl-shared-v1.dir/depend.internal".
Dependee "extern/fArgParse/extern/gFTL-shared/extern/gFTL/include/v1/templates/key_template_macros.inc" is newer than depends file "/users/olsentim/Projects/neko-top/external/pfunit/build/extern/fArgParse/extern/gFTL-shared/src/v1/CMakeFiles/gftl-shared-v1.dir/depend.internal".
Dependee "extern/fArgParse/extern/gFTL-shared/extern/gFTL/include/v1/templates/key_template_macros_undefs.inc" is newer than depends file "/users/olsentim/Projects/neko-top/external/pfunit/build/extern/fArgParse/extern/gFTL-shared/src/v1/CMakeFiles/gftl-shared-v1.dir/depend.internal".
Dependee "extern/fArgParse/extern/gFTL-shared/extern/gFTL/include/v1/templates/key_use_tokens_undef.inc" is newer than depends file "/users/olsentim/Projects/neko-top/external/pfunit/build/extern/fArgParse/extern/gFTL-shared/src/v1/CMakeFiles/gftl-shared-v1.dir/depend.internal".
Dependee "extern/fArgParse/extern/gFTL-shared/extern/gFTL/include/v1/templates/type_macros_undefs.inc" is newer than depends file "/users/olsentim/Projects/neko-top/external/pfunit/build/extern/fArgParse/extern/gFTL-shared/src/v1/CMakeFiles/gftl-shared-v1.dir/depend.internal".
Dependee "extern/fArgParse/extern/gFTL-shared/extern/gFTL/include/v1/templates/type_set_use_tokens.inc" is newer than depends file "/users/olsentim/Projects/neko-top/external/pfunit/build/extern/fArgParse/extern/gFTL-shared/src/v1/CMakeFiles/gftl-shared-v1.dir/depend.internal".
Dependee "extern/fArgParse/extern/gFTL-shared/extern/gFTL/include/v1/templates/type_template_macros.inc" is newer than depends file "/users/olsentim/Projects/neko-top/external/pfunit/build/extern/fArgParse/extern/gFTL-shared/src/v1/CMakeFiles/gftl-shared-v1.dir/depend.internal".
Dependee "extern/fArgParse/extern/gFTL-shared/extern/gFTL/include/v1/templates/type_template_macros_undefs.inc" is newer than depends file "/users/olsentim/Projects/neko-top/external/pfunit/build/extern/fArgParse/extern/gFTL-shared/src/v1/CMakeFiles/gftl-shared-v1.dir/depend.internal".
Dependee "extern/fArgParse/extern/gFTL-shared/extern/gFTL/include/v1/templates/type_use_tokens_undef.inc" is newer than depends file "/users/olsentim/Projects/neko-top/external/pfunit/build/extern/fArgParse/extern/gFTL-shared/src/v1/CMakeFiles/gftl-shared-v1.dir/depend.internal".
Dependee "extern/fArgParse/extern/gFTL-shared/extern/gFTL/include/v1/templates/value_macros_undefs.inc" is newer than depends file "/users/olsentim/Projects/neko-top/external/pfunit/build/extern/fArgParse/extern/gFTL-shared/src/v1/CMakeFiles/gftl-shared-v1.dir/depend.internal".
Dependee "extern/fArgParse/extern/gFTL-shared/extern/gFTL/include/v1/templates/value_set_use_tokens.inc" is newer than depends file "/users/olsentim/Projects/neko-top/external/pfunit/build/extern/fArgParse/extern/gFTL-shared/src/v1/CMakeFiles/gftl-shared-v1.dir/depend.internal".
Dependee "extern/fArgParse/extern/gFTL-shared/extern/gFTL/include/v1/templates/value_template_macros.inc" is newer than depends file "/users/olsentim/Projects/neko-top/external/pfunit/build/extern/fArgParse/extern/gFTL-shared/src/v1/CMakeFiles/gftl-shared-v1.dir/depend.internal".
Dependee "extern/fArgParse/extern/gFTL-shared/extern/gFTL/include/v1/templates/value_template_macros_undefs.inc" is newer than depends file "/users/olsentim/Projects/neko-top/external/pfunit/build/extern/fArgParse/extern/gFTL-shared/src/v1/CMakeFiles/gftl-shared-v1.dir/depend.internal".
Dependee "extern/fArgParse/extern/gFTL-shared/extern/gFTL/include/v1/templates/value_use_tokens_undef.inc" is newer than depends file "/users/olsentim/Projects/neko-top/external/pfunit/build/extern/fArgParse/extern/gFTL-shared/src/v1/CMakeFiles/gftl-shared-v1.dir/depend.internal".
Dependee "extern/fArgParse/extern/gFTL-shared/extern/gFTL/include/v1/templates/key_macros_undefs.inc" is newer than depends file "/users/olsentim/Projects/neko-top/external/pfunit/build/extern/fArgParse/extern/gFTL-shared/src/v1/CMakeFiles/gftl-shared-v1.dir/depend.internal".
Dependee "extern/fArgParse/extern/gFTL-shared/extern/gFTL/include/v1/templates/key_set_use_tokens.inc" is newer than depends file "/users/olsentim/Projects/neko-top/external/pfunit/build/extern/fArgParse/extern/gFTL-shared/src/v1/CMakeFiles/gftl-shared-v1.dir/depend.internal".
Dependee "extern/fArgParse/extern/gFTL-shared/extern/gFTL/include/v1/templates/key_template_macros.inc" is newer than depends file "/users/olsentim/Projects/neko-top/external/pfunit/build/extern/fArgParse/extern/gFTL-shared/src/v1/CMakeFiles/gftl-shared-v1.dir/depend.internal".
Dependee "extern/fArgParse/extern/gFTL-shared/extern/gFTL/include/v1/templates/key_template_macros_undefs.inc" is newer than depends file "/users/olsentim/Projects/neko-top/external/pfunit/build/extern/fArgParse/extern/gFTL-shared/src/v1/CMakeFiles/gftl-shared-v1.dir/depend.internal".
Dependee "extern/fArgParse/extern/gFTL-shared/extern/gFTL/include/v1/templates/key_use_tokens_undef.inc" is newer than depends file "/users/olsentim/Projects/neko-top/external/pfunit/build/extern/fArgParse/extern/gFTL-shared/src/v1/CMakeFiles/gftl-shared-v1.dir/depend.internal".
Dependee "extern/fArgParse/extern/gFTL-shared/extern/gFTL/include/v1/templates/type_macros_undefs.inc" is newer than depends file "/users/olsentim/Projects/neko-top/external/pfunit/build/extern/fArgParse/extern/gFTL-shared/src/v1/CMakeFiles/gftl-shared-v1.dir/depend.internal".
Dependee "extern/fArgParse/extern/gFTL-shared/extern/gFTL/include/v1/templates/type_set_use_tokens.inc" is newer than depends file "/users/olsentim/Projects/neko-top/external/pfunit/build/extern/fArgParse/extern/gFTL-shared/src/v1/CMakeFiles/gftl-shared-v1.dir/depend.internal".
Dependee "extern/fArgParse/extern/gFTL-shared/extern/gFTL/include/v1/templates/type_template_macros.inc" is newer than depends file "/users/olsentim/Projects/neko-top/external/pfunit/build/extern/fArgParse/extern/gFTL-shared/src/v1/CMakeFiles/gftl-shared-v1.dir/depend.internal".
Dependee "extern/fArgParse/extern/gFTL-shared/extern/gFTL/include/v1/templates/type_template_macros_undefs.inc" is newer than depends file "/users/olsentim/Projects/neko-top/external/pfunit/build/extern/fArgParse/extern/gFTL-shared/src/v1/CMakeFiles/gftl-shared-v1.dir/depend.internal".
Dependee "extern/fArgParse/extern/gFTL-shared/extern/gFTL/include/v1/templates/type_use_tokens_undef.inc" is newer than depends file "/users/olsentim/Projects/neko-top/external/pfunit/build/extern/fArgParse/extern/gFTL-shared/src/v1/CMakeFiles/gftl-shared-v1.dir/depend.internal".
Dependee "extern/fArgParse/extern/gFTL-shared/extern/gFTL/include/v1/templates/value_macros_undefs.inc" is newer than depends file "/users/olsentim/Projects/neko-top/external/pfunit/build/extern/fArgParse/extern/gFTL-shared/src/v1/CMakeFiles/gftl-shared-v1.dir/depend.internal".
Dependee "extern/fArgParse/extern/gFTL-shared/extern/gFTL/include/v1/templates/value_set_use_tokens.inc" is newer than depends file "/users/olsentim/Projects/neko-top/external/pfunit/build/extern/fArgParse/extern/gFTL-shared/src/v1/CMakeFiles/gftl-shared-v1.dir/depend.internal".
Dependee "extern/fArgParse/extern/gFTL-shared/extern/gFTL/include/v1/templates/value_template_macros.inc" is newer than depends file "/users/olsentim/Projects/neko-top/external/pfunit/build/extern/fArgParse/extern/gFTL-shared/src/v1/CMakeFiles/gftl-shared-v1.dir/depend.internal".
Dependee "extern/fArgParse/extern/gFTL-shared/extern/gFTL/include/v1/templates/value_template_macros_undefs.inc" is newer than depends file "/users/olsentim/Projects/neko-top/external/pfunit/build/extern/fArgParse/extern/gFTL-shared/src/v1/CMakeFiles/gftl-shared-v1.dir/depend.internal".
Dependee "extern/fArgParse/extern/gFTL-shared/extern/gFTL/include/v1/templates/value_use_tokens_undef.inc" is newer than depends file "/users/olsentim/Projects/neko-top/external/pfunit/build/extern/fArgParse/extern/gFTL-shared/src/v1/CMakeFiles/gftl-shared-v1.dir/depend.internal".
Dependee "extern/fArgParse/extern/gFTL-shared/extern/gFTL/include/v1/templates/key_macros_undefs.inc" is newer than depends file "/users/olsentim/Projects/neko-top/external/pfunit/build/extern/fArgParse/extern/gFTL-shared/src/v1/CMakeFiles/gftl-shared-v1.dir/depend.internal".
Dependee "extern/fArgParse/extern/gFTL-shared/extern/gFTL/include/v1/templates/key_set_use_tokens.inc" is newer than depends file "/users/olsentim/Projects/neko-top/external/pfunit/build/extern/fArgParse/extern/gFTL-shared/src/v1/CMakeFiles/gftl-shared-v1.dir/depend.internal".
Dependee "extern/fArgParse/extern/gFTL-shared/extern/gFTL/include/v1/templates/key_template_macros.inc" is newer than depends file "/users/olsentim/Projects/neko-top/external/pfunit/build/extern/fArgParse/extern/gFTL-shared/src/v1/CMakeFiles/gftl-shared-v1.dir/depend.internal".
Dependee "extern/fArgParse/extern/gFTL-shared/extern/gFTL/include/v1/templates/key_template_macros_undefs.inc" is newer than depends file "/users/olsentim/Projects/neko-top/external/pfunit/build/extern/fArgParse/extern/gFTL-shared/src/v1/CMakeFiles/gftl-shared-v1.dir/depend.internal".
Dependee "extern/fArgParse/extern/gFTL-shared/extern/gFTL/include/v1/templates/key_use_tokens_undef.inc" is newer than depends file "/users/olsentim/Projects/neko-top/external/pfunit/build/extern/fArgParse/extern/gFTL-shared/src/v1/CMakeFiles/gftl-shared-v1.dir/depend.internal".
Dependee "extern/fArgParse/extern/gFTL-shared/extern/gFTL/include/v1/templates/type_macros_undefs.inc" is newer than depends file "/users/olsentim/Projects/neko-top/external/pfunit/build/extern/fArgParse/extern/gFTL-shared/src/v1/CMakeFiles/gftl-shared-v1.dir/depend.internal".
Dependee "extern/fArgParse/extern/gFTL-shared/extern/gFTL/include/v1/templates/type_set_use_tokens.inc" is newer than depends file "/users/olsentim/Projects/neko-top/external/pfunit/build/extern/fArgParse/extern/gFTL-shared/src/v1/CMakeFiles/gftl-shared-v1.dir/depend.internal".
Dependee "extern/fArgParse/extern/gFTL-shared/extern/gFTL/include/v1/templates/type_template_macros.inc" is newer than depends file "/users/olsentim/Projects/neko-top/external/pfunit/build/extern/fArgParse/extern/gFTL-shared/src/v1/CMakeFiles/gftl-shared-v1.dir/depend.internal".
Dependee "extern/fArgParse/extern/gFTL-shared/extern/gFTL/include/v1/templates/type_template_macros_undefs.inc" is newer than depends file "/users/olsentim/Projects/neko-top/external/pfunit/build/extern/fArgParse/extern/gFTL-shared/src/v1/CMakeFiles/gftl-shared-v1.dir/depend.internal".
Dependee "extern/fArgParse/extern/gFTL-shared/extern/gFTL/include/v1/templates/type_use_tokens_undef.inc" is newer than depends file "/users/olsentim/Projects/neko-top/external/pfunit/build/extern/fArgParse/extern/gFTL-shared/src/v1/CMakeFiles/gftl-shared-v1.dir/depend.internal".
Dependee "extern/fArgParse/extern/gFTL-shared/extern/gFTL/include/v1/templates/value_macros_undefs.inc" is newer than depends file "/users/olsentim/Projects/neko-top/external/pfunit/build/extern/fArgParse/extern/gFTL-shared/src/v1/CMakeFiles/gftl-shared-v1.dir/depend.internal".
Dependee "extern/fArgParse/extern/gFTL-shared/extern/gFTL/include/v1/templates/value_set_use_tokens.inc" is newer than depends file "/users/olsentim/Projects/neko-top/external/pfunit/build/extern/fArgParse/extern/gFTL-shared/src/v1/CMakeFiles/gftl-shared-v1.dir/depend.internal".
Dependee "extern/fArgParse/extern/gFTL-shared/extern/gFTL/include/v1/templates/value_template_macros.inc" is newer than depends file "/users/olsentim/Projects/neko-top/external/pfunit/build/extern/fArgParse/extern/gFTL-shared/src/v1/CMakeFiles/gftl-shared-v1.dir/depend.internal".
Dependee "extern/fArgParse/extern/gFTL-shared/extern/gFTL/include/v1/templates/value_template_macros_undefs.inc" is newer than depends file "/users/olsentim/Projects/neko-top/external/pfunit/build/extern/fArgParse/extern/gFTL-shared/src/v1/CMakeFiles/gftl-shared-v1.dir/depend.internal".
Dependee "extern/fArgParse/extern/gFTL-shared/extern/gFTL/include/v1/templates/value_use_tokens_undef.inc" is newer than depends file "/users/olsentim/Projects/neko-top/external/pfunit/build/extern/fArgParse/extern/gFTL-shared/src/v1/CMakeFiles/gftl-shared-v1.dir/depend.internal".
Dependee "extern/fArgParse/extern/gFTL-shared/extern/gFTL/include/v1/templates/key_macros_undefs.inc" is newer than depends file "/users/olsentim/Projects/neko-top/external/pfunit/build/extern/fArgParse/extern/gFTL-shared/src/v1/CMakeFiles/gftl-shared-v1.dir/depend.internal".
Dependee "extern/fArgParse/extern/gFTL-shared/extern/gFTL/include/v1/templates/key_set_use_tokens.inc" is newer than depends file "/users/olsentim/Projects/neko-top/external/pfunit/build/extern/fArgParse/extern/gFTL-shared/src/v1/CMakeFiles/gftl-shared-v1.dir/depend.internal".
Dependee "extern/fArgParse/extern/gFTL-shared/extern/gFTL/include/v1/templates/key_template_macros.inc" is newer than depends file "/users/olsentim/Projects/neko-top/external/pfunit/build/extern/fArgParse/extern/gFTL-shared/src/v1/CMakeFiles/gftl-shared-v1.dir/depend.internal".
Dependee "extern/fArgParse/extern/gFTL-shared/extern/gFTL/include/v1/templates/key_template_macros_undefs.inc" is newer than depends file "/users/olsentim/Projects/neko-top/external/pfunit/build/extern/fArgParse/extern/gFTL-shared/src/v1/CMakeFiles/gftl-shared-v1.dir/depend.internal".
Dependee "extern/fArgParse/extern/gFTL-shared/extern/gFTL/include/v1/templates/key_use_tokens_undef.inc" is newer than depends file "/users/olsentim/Projects/neko-top/external/pfunit/build/extern/fArgParse/extern/gFTL-shared/src/v1/CMakeFiles/gftl-shared-v1.dir/depend.internal".
Dependee "extern/fArgParse/extern/gFTL-shared/extern/gFTL/include/v1/templates/type_macros_undefs.inc" is newer than depends file "/users/olsentim/Projects/neko-top/external/pfunit/build/extern/fArgParse/extern/gFTL-shared/src/v1/CMakeFiles/gftl-shared-v1.dir/depend.internal".
Dependee "extern/fArgParse/extern/gFTL-shared/extern/gFTL/include/v1/templates/type_set_use_tokens.inc" is newer than depends file "/users/olsentim/Projects/neko-top/external/pfunit/build/extern/fArgParse/extern/gFTL-shared/src/v1/CMakeFiles/gftl-shared-v1.dir/depend.internal".
Dependee "extern/fArgParse/extern/gFTL-shared/extern/gFTL/include/v1/templates/type_template_macros.inc" is newer than depends file "/users/olsentim/Projects/neko-top/external/pfunit/build/extern/fArgParse/extern/gFTL-shared/src/v1/CMakeFiles/gftl-shared-v1.dir/depend.internal".
Dependee "extern/fArgParse/extern/gFTL-shared/extern/gFTL/include/v1/templates/type_template_macros_undefs.inc" is newer than depends file "/users/olsentim/Projects/neko-top/external/pfunit/build/extern/fArgParse/extern/gFTL-shared/src/v1/CMakeFiles/gftl-shared-v1.dir/depend.internal".
Dependee "extern/fArgParse/extern/gFTL-shared/extern/gFTL/include/v1/templates/type_use_tokens_undef.inc" is newer than depends file "/users/olsentim/Projects/neko-top/external/pfunit/build/extern/fArgParse/extern/gFTL-shared/src/v1/CMakeFiles/gftl-shared-v1.dir/depend.internal".
Dependee "extern/fArgParse/extern/gFTL-shared/extern/gFTL/include/v1/templates/value_macros_undefs.inc" is newer than depends file "/users/olsentim/Projects/neko-top/external/pfunit/build/extern/fArgParse/extern/gFTL-shared/src/v1/CMakeFiles/gftl-shared-v1.dir/depend.internal".
Dependee "extern/fArgParse/extern/gFTL-shared/extern/gFTL/include/v1/templates/value_set_use_tokens.inc" is newer than depends file "/users/olsentim/Projects/neko-top/external/pfunit/build/extern/fArgParse/extern/gFTL-shared/src/v1/CMakeFiles/gftl-shared-v1.dir/depend.internal".
Dependee "extern/fArgParse/extern/gFTL-shared/extern/gFTL/include/v1/templates/value_template_macros.inc" is newer than depends file "/users/olsentim/Projects/neko-top/external/pfunit/build/extern/fArgParse/extern/gFTL-shared/src/v1/CMakeFiles/gftl-shared-v1.dir/depend.internal".
Dependee "extern/fArgParse/extern/gFTL-shared/extern/gFTL/include/v1/templates/value_template_macros_undefs.inc" is newer than depends file "/users/olsentim/Projects/neko-top/external/pfunit/build/extern/fArgParse/extern/gFTL-shared/src/v1/CMakeFiles/gftl-shared-v1.dir/depend.internal".
Dependee "extern/fArgParse/extern/gFTL-shared/extern/gFTL/include/v1/templates/value_use_tokens_undef.inc" is newer than depends file "/users/olsentim/Projects/neko-top/external/pfunit/build/extern/fArgParse/extern/gFTL-shared/src/v1/CMakeFiles/gftl-shared-v1.dir/depend.internal".
Dependee "extern/fArgParse/extern/gFTL-shared/extern/gFTL/include/v1/templates/key_macros_undefs.inc" is newer than depends file "/users/olsentim/Projects/neko-top/external/pfunit/build/extern/fArgParse/extern/gFTL-shared/src/v1/CMakeFiles/gftl-shared-v1.dir/depend.internal".
Dependee "extern/fArgParse/extern/gFTL-shared/extern/gFTL/include/v1/templates/key_set_use_tokens.inc" is newer than depends file "/users/olsentim/Projects/neko-top/external/pfunit/build/extern/fArgParse/extern/gFTL-shared/src/v1/CMakeFiles/gftl-shared-v1.dir/depend.internal".
Dependee "extern/fArgParse/extern/gFTL-shared/extern/gFTL/include/v1/templates/key_template_macros.inc" is newer than depends file "/users/olsentim/Projects/neko-top/external/pfunit/build/extern/fArgParse/extern/gFTL-shared/src/v1/CMakeFiles/gftl-shared-v1.dir/depend.internal".
Dependee "extern/fArgParse/extern/gFTL-shared/extern/gFTL/include/v1/templates/key_template_macros_undefs.inc" is newer than depends file "/users/olsentim/Projects/neko-top/external/pfunit/build/extern/fArgParse/extern/gFTL-shared/src/v1/CMakeFiles/gftl-shared-v1.dir/depend.internal".
Dependee "extern/fArgParse/extern/gFTL-shared/extern/gFTL/include/v1/templates/key_use_tokens_undef.inc" is newer than depends file "/users/olsentim/Projects/neko-top/external/pfunit/build/extern/fArgParse/extern/gFTL-shared/src/v1/CMakeFiles/gftl-shared-v1.dir/depend.internal".
Dependee "extern/fArgParse/extern/gFTL-shared/extern/gFTL/include/v1/templates/type_macros_undefs.inc" is newer than depends file "/users/olsentim/Projects/neko-top/external/pfunit/build/extern/fArgParse/extern/gFTL-shared/src/v1/CMakeFiles/gftl-shared-v1.dir/depend.internal".
Dependee "extern/fArgParse/extern/gFTL-shared/extern/gFTL/include/v1/templates/type_set_use_tokens.inc" is newer than depends file "/users/olsentim/Projects/neko-top/external/pfunit/build/extern/fArgParse/extern/gFTL-shared/src/v1/CMakeFiles/gftl-shared-v1.dir/depend.internal".
Dependee "extern/fArgParse/extern/gFTL-shared/extern/gFTL/include/v1/templates/type_template_macros.inc" is newer than depends file "/users/olsentim/Projects/neko-top/external/pfunit/build/extern/fArgParse/extern/gFTL-shared/src/v1/CMakeFiles/gftl-shared-v1.dir/depend.internal".
Dependee "extern/fArgParse/extern/gFTL-shared/extern/gFTL/include/v1/templates/type_template_macros_undefs.inc" is newer than depends file "/users/olsentim/Projects/neko-top/external/pfunit/build/extern/fArgParse/extern/gFTL-shared/src/v1/CMakeFiles/gftl-shared-v1.dir/depend.internal".
Dependee "extern/fArgParse/extern/gFTL-shared/extern/gFTL/include/v1/templates/type_use_tokens_undef.inc" is newer than depends file "/users/olsentim/Projects/neko-top/external/pfunit/build/extern/fArgParse/extern/gFTL-shared/src/v1/CMakeFiles/gftl-shared-v1.dir/depend.internal".
Dependee "extern/fArgParse/extern/gFTL-shared/extern/gFTL/include/v1/templates/value_macros_undefs.inc" is newer than depends file "/users/olsentim/Projects/neko-top/external/pfunit/build/extern/fArgParse/extern/gFTL-shared/src/v1/CMakeFiles/gftl-shared-v1.dir/depend.internal".
Dependee "extern/fArgParse/extern/gFTL-shared/extern/gFTL/include/v1/templates/value_set_use_tokens.inc" is newer than depends file "/users/olsentim/Projects/neko-top/external/pfunit/build/extern/fArgParse/extern/gFTL-shared/src/v1/CMakeFiles/gftl-shared-v1.dir/depend.internal".
Dependee "extern/fArgParse/extern/gFTL-shared/extern/gFTL/include/v1/templates/value_template_macros.inc" is newer than depends file "/users/olsentim/Projects/neko-top/external/pfunit/build/extern/fArgParse/extern/gFTL-shared/src/v1/CMakeFiles/gftl-shared-v1.dir/depend.internal".
Dependee "extern/fArgParse/extern/gFTL-shared/extern/gFTL/include/v1/templates/value_template_macros_undefs.inc" is newer than depends file "/users/olsentim/Projects/neko-top/external/pfunit/build/extern/fArgParse/extern/gFTL-shared/src/v1/CMakeFiles/gftl-shared-v1.dir/depend.internal".
Dependee "extern/fArgParse/extern/gFTL-shared/extern/gFTL/include/v1/templates/value_use_tokens_undef.inc" is newer than depends file "/users/olsentim/Projects/neko-top/external/pfunit/build/extern/fArgParse/extern/gFTL-shared/src/v1/CMakeFiles/gftl-shared-v1.dir/depend.internal".
Dependee "extern/fArgParse/extern/gFTL-shared/extern/gFTL/include/v1/types/value_deferredLengthString.inc" is newer than depends file "/users/olsentim/Projects/neko-top/external/pfunit/build/extern/fArgParse/extern/gFTL-shared/src/v1/CMakeFiles/gftl-shared-v1.dir/depend.internal".
Dependee "extern/fArgParse/extern/gFTL-shared/extern/gFTL/include/v1/templates/key_macros_undefs.inc" is newer than depends file "/users/olsentim/Projects/neko-top/external/pfunit/build/extern/fArgParse/extern/gFTL-shared/src/v1/CMakeFiles/gftl-shared-v1.dir/depend.internal".
Dependee "extern/fArgParse/extern/gFTL-shared/extern/gFTL/include/v1/templates/key_set_use_tokens.inc" is newer than depends file "/users/olsentim/Projects/neko-top/external/pfunit/build/extern/fArgParse/extern/gFTL-shared/src/v1/CMakeFiles/gftl-shared-v1.dir/depend.internal".
Dependee "extern/fArgParse/extern/gFTL-shared/extern/gFTL/include/v1/templates/key_template_macros.inc" is newer than depends file "/users/olsentim/Projects/neko-top/external/pfunit/build/extern/fArgParse/extern/gFTL-shared/src/v1/CMakeFiles/gftl-shared-v1.dir/depend.internal".
Dependee "extern/fArgParse/extern/gFTL-shared/extern/gFTL/include/v1/templates/key_template_macros_undefs.inc" is newer than depends file "/users/olsentim/Projects/neko-top/external/pfunit/build/extern/fArgParse/extern/gFTL-shared/src/v1/CMakeFiles/gftl-shared-v1.dir/depend.internal".
Dependee "extern/fArgParse/extern/gFTL-shared/extern/gFTL/include/v1/templates/key_use_tokens_undef.inc" is newer than depends file "/users/olsentim/Projects/neko-top/external/pfunit/build/extern/fArgParse/extern/gFTL-shared/src/v1/CMakeFiles/gftl-shared-v1.dir/depend.internal".
Dependee "extern/fArgParse/extern/gFTL-shared/extern/gFTL/include/v1/templates/type_macros_undefs.inc" is newer than depends file "/users/olsentim/Projects/neko-top/external/pfunit/build/extern/fArgParse/extern/gFTL-shared/src/v1/CMakeFiles/gftl-shared-v1.dir/depend.internal".
Dependee "extern/fArgParse/extern/gFTL-shared/extern/gFTL/include/v1/templates/type_set_use_tokens.inc" is newer than depends file "/users/olsentim/Projects/neko-top/external/pfunit/build/extern/fArgParse/extern/gFTL-shared/src/v1/CMakeFiles/gftl-shared-v1.dir/depend.internal".
Dependee "extern/fArgParse/extern/gFTL-shared/extern/gFTL/include/v1/templates/type_template_macros.inc" is newer than depends file "/users/olsentim/Projects/neko-top/external/pfunit/build/extern/fArgParse/extern/gFTL-shared/src/v1/CMakeFiles/gftl-shared-v1.dir/depend.internal".
Dependee "extern/fArgParse/extern/gFTL-shared/extern/gFTL/include/v1/templates/type_template_macros_undefs.inc" is newer than depends file "/users/olsentim/Projects/neko-top/external/pfunit/build/extern/fArgParse/extern/gFTL-shared/src/v1/CMakeFiles/gftl-shared-v1.dir/depend.internal".
Dependee "extern/fArgParse/extern/gFTL-shared/extern/gFTL/include/v1/templates/type_use_tokens_undef.inc" is newer than depends file "/users/olsentim/Projects/neko-top/external/pfunit/build/extern/fArgParse/extern/gFTL-shared/src/v1/CMakeFiles/gftl-shared-v1.dir/depend.internal".
Dependee "extern/fArgParse/extern/gFTL-shared/extern/gFTL/include/v1/templates/value_macros_undefs.inc" is newer than depends file "/users/olsentim/Projects/neko-top/external/pfunit/build/extern/fArgParse/extern/gFTL-shared/src/v1/CMakeFiles/gftl-shared-v1.dir/depend.internal".
Dependee "extern/fArgParse/extern/gFTL-shared/extern/gFTL/include/v1/templates/value_set_use_tokens.inc" is newer than depends file "/users/olsentim/Projects/neko-top/external/pfunit/build/extern/fArgParse/extern/gFTL-shared/src/v1/CMakeFiles/gftl-shared-v1.dir/depend.internal".
Dependee "extern/fArgParse/extern/gFTL-shared/extern/gFTL/include/v1/templates/value_template_macros.inc" is newer than depends file "/users/olsentim/Projects/neko-top/external/pfunit/build/extern/fArgParse/extern/gFTL-shared/src/v1/CMakeFiles/gftl-shared-v1.dir/depend.internal".
Dependee "extern/fArgParse/extern/gFTL-shared/extern/gFTL/include/v1/templates/value_template_macros_undefs.inc" is newer than depends file "/users/olsentim/Projects/neko-top/external/pfunit/build/extern/fArgParse/extern/gFTL-shared/src/v1/CMakeFiles/gftl-shared-v1.dir/depend.internal".
Dependee "extern/fArgParse/extern/gFTL-shared/extern/gFTL/include/v1/templates/value_use_tokens_undef.inc" is newer than depends file "/users/olsentim/Projects/neko-top/external/pfunit/build/extern/fArgParse/extern/gFTL-shared/src/v1/CMakeFiles/gftl-shared-v1.dir/depend.internal".
Dependee "extern/fArgParse/extern/gFTL-shared/extern/gFTL/include/v1/types/value_unlimitedPoly.inc" is newer than depends file "/users/olsentim/Projects/neko-top/external/pfunit/build/extern/fArgParse/extern/gFTL-shared/src/v1/CMakeFiles/gftl-shared-v1.dir/depend.internal".
Dependee "extern/fArgParse/extern/gFTL-shared/extern/gFTL/include/v1/templates/key_macros_undefs.inc" is newer than depends file "/users/olsentim/Projects/neko-top/external/pfunit/build/extern/fArgParse/extern/gFTL-shared/src/v1/CMakeFiles/gftl-shared-v1.dir/depend.internal".
Dependee "extern/fArgParse/extern/gFTL-shared/extern/gFTL/include/v1/templates/key_template_macros.inc" is newer than depends file "/users/olsentim/Projects/neko-top/external/pfunit/build/extern/fArgParse/extern/gFTL-shared/src/v1/CMakeFiles/gftl-shared-v1.dir/depend.internal".
Dependee "extern/fArgParse/extern/gFTL-shared/extern/gFTL/include/v1/templates/key_template_macros_undefs.inc" is newer than depends file "/users/olsentim/Projects/neko-top/external/pfunit/build/extern/fArgParse/extern/gFTL-shared/src/v1/CMakeFiles/gftl-shared-v1.dir/depend.internal".
Dependee "extern/fArgParse/extern/gFTL-shared/extern/gFTL/include/v1/templates/type_macros_undefs.inc" is newer than depends file "/users/olsentim/Projects/neko-top/external/pfunit/build/extern/fArgParse/extern/gFTL-shared/src/v1/CMakeFiles/gftl-shared-v1.dir/depend.internal".
Dependee "extern/fArgParse/extern/gFTL-shared/extern/gFTL/include/v1/templates/type_set_use_tokens.inc" is newer than depends file "/users/olsentim/Projects/neko-top/external/pfunit/build/extern/fArgParse/extern/gFTL-shared/src/v1/CMakeFiles/gftl-shared-v1.dir/depend.internal".
Dependee "extern/fArgParse/extern/gFTL-shared/extern/gFTL/include/v1/templates/type_template_macros.inc" is newer than depends file "/users/olsentim/Projects/neko-top/external/pfunit/build/extern/fArgParse/extern/gFTL-shared/src/v1/CMakeFiles/gftl-shared-v1.dir/depend.internal".
Dependee "extern/fArgParse/extern/gFTL-shared/extern/gFTL/include/v1/templates/type_template_macros_undefs.inc" is newer than depends file "/users/olsentim/Projects/neko-top/external/pfunit/build/extern/fArgParse/extern/gFTL-shared/src/v1/CMakeFiles/gftl-shared-v1.dir/depend.internal".
Dependee "extern/fArgParse/extern/gFTL-shared/extern/gFTL/include/v1/templates/type_use_tokens_undef.inc" is newer than depends file "/users/olsentim/Projects/neko-top/external/pfunit/build/extern/fArgParse/extern/gFTL-shared/src/v1/CMakeFiles/gftl-shared-v1.dir/depend.internal".
Dependee "extern/fArgParse/extern/gFTL-shared/extern/gFTL/include/v1/templates/value_macros_undefs.inc" is newer than depends file "/users/olsentim/Projects/neko-top/external/pfunit/build/extern/fArgParse/extern/gFTL-shared/src/v1/CMakeFiles/gftl-shared-v1.dir/depend.internal".
Dependee "extern/fArgParse/extern/gFTL-shared/extern/gFTL/include/v1/templates/value_template_macros.inc" is newer than depends file "/users/olsentim/Projects/neko-top/external/pfunit/build/extern/fArgParse/extern/gFTL-shared/src/v1/CMakeFiles/gftl-shared-v1.dir/depend.internal".
Dependee "extern/fArgParse/extern/gFTL-shared/extern/gFTL/include/v1/templates/value_template_macros_undefs.inc" is newer than depends file "/users/olsentim/Projects/neko-top/external/pfunit/build/extern/fArgParse/extern/gFTL-shared/src/v1/CMakeFiles/gftl-shared-v1.dir/depend.internal".
Dependee "extern/fArgParse/extern/gFTL-shared/extern/gFTL/include/v1/templates/key_macros_undefs.inc" is newer than depends file "/users/olsentim/Projects/neko-top/external/pfunit/build/extern/fArgParse/extern/gFTL-shared/src/v1/CMakeFiles/gftl-shared-v1.dir/depend.internal".
Dependee "extern/fArgParse/extern/gFTL-shared/extern/gFTL/include/v1/templates/key_set_use_tokens.inc" is newer than depends file "/users/olsentim/Projects/neko-top/external/pfunit/build/extern/fArgParse/extern/gFTL-shared/src/v1/CMakeFiles/gftl-shared-v1.dir/depend.internal".
Dependee "extern/fArgParse/extern/gFTL-shared/extern/gFTL/include/v1/templates/key_template_macros.inc" is newer than depends file "/users/olsentim/Projects/neko-top/external/pfunit/build/extern/fArgParse/extern/gFTL-shared/src/v1/CMakeFiles/gftl-shared-v1.dir/depend.internal".
Dependee "extern/fArgParse/extern/gFTL-shared/extern/gFTL/include/v1/templates/key_template_macros_undefs.inc" is newer than depends file "/users/olsentim/Projects/neko-top/external/pfunit/build/extern/fArgParse/extern/gFTL-shared/src/v1/CMakeFiles/gftl-shared-v1.dir/depend.internal".
Dependee "extern/fArgParse/extern/gFTL-shared/extern/gFTL/include/v1/templates/key_use_tokens_undef.inc" is newer than depends file "/users/olsentim/Projects/neko-top/external/pfunit/build/extern/fArgParse/extern/gFTL-shared/src/v1/CMakeFiles/gftl-shared-v1.dir/depend.internal".
Dependee "extern/fArgParse/extern/gFTL-shared/extern/gFTL/include/v1/templates/type_macros_undefs.inc" is newer than depends file "/users/olsentim/Projects/neko-top/external/pfunit/build/extern/fArgParse/extern/gFTL-shared/src/v1/CMakeFiles/gftl-shared-v1.dir/depend.internal".
Dependee "extern/fArgParse/extern/gFTL-shared/extern/gFTL/include/v1/templates/type_set_use_tokens.inc" is newer than depends file "/users/olsentim/Projects/neko-top/external/pfunit/build/extern/fArgParse/extern/gFTL-shared/src/v1/CMakeFiles/gftl-shared-v1.dir/depend.internal".
Dependee "extern/fArgParse/extern/gFTL-shared/extern/gFTL/include/v1/templates/type_template_macros.inc" is newer than depends file "/users/olsentim/Projects/neko-top/external/pfunit/build/extern/fArgParse/extern/gFTL-shared/src/v1/CMakeFiles/gftl-shared-v1.dir/depend.internal".
Dependee "extern/fArgParse/extern/gFTL-shared/extern/gFTL/include/v1/templates/type_template_macros_undefs.inc" is newer than depends file "/users/olsentim/Projects/neko-top/external/pfunit/build/extern/fArgParse/extern/gFTL-shared/src/v1/CMakeFiles/gftl-shared-v1.dir/depend.internal".
Dependee "extern/fArgParse/extern/gFTL-shared/extern/gFTL/include/v1/templates/type_use_tokens_undef.inc" is newer than depends file "/users/olsentim/Projects/neko-top/external/pfunit/build/extern/fArgParse/extern/gFTL-shared/src/v1/CMakeFiles/gftl-shared-v1.dir/depend.internal".
Dependee "extern/fArgParse/extern/gFTL-shared/extern/gFTL/include/v1/templates/value_macros_undefs.inc" is newer than depends file "/users/olsentim/Projects/neko-top/external/pfunit/build/extern/fArgParse/extern/gFTL-shared/src/v1/CMakeFiles/gftl-shared-v1.dir/depend.internal".
Dependee "extern/fArgParse/extern/gFTL-shared/extern/gFTL/include/v1/templates/value_set_use_tokens.inc" is newer than depends file "/users/olsentim/Projects/neko-top/external/pfunit/build/extern/fArgParse/extern/gFTL-shared/src/v1/CMakeFiles/gftl-shared-v1.dir/depend.internal".
Dependee "extern/fArgParse/extern/gFTL-shared/extern/gFTL/include/v1/templates/value_template_macros.inc" is newer than depends file "/users/olsentim/Projects/neko-top/external/pfunit/build/extern/fArgParse/extern/gFTL-shared/src/v1/CMakeFiles/gftl-shared-v1.dir/depend.internal".
Dependee "extern/fArgParse/extern/gFTL-shared/extern/gFTL/include/v1/templates/value_template_macros_undefs.inc" is newer than depends file "/users/olsentim/Projects/neko-top/external/pfunit/build/extern/fArgParse/extern/gFTL-shared/src/v1/CMakeFiles/gftl-shared-v1.dir/depend.internal".
Dependee "extern/fArgParse/extern/gFTL-shared/extern/gFTL/include/v1/templates/value_use_tokens_undef.inc" is newer than depends file "/users/olsentim/Projects/neko-top/external/pfunit/build/extern/fArgParse/extern/gFTL-shared/src/v1/CMakeFiles/gftl-shared-v1.dir/depend.internal".
Dependee "extern/fArgParse/extern/gFTL-shared/extern/gFTL/include/v1/templates/key_macros_undefs.inc" is newer than depends file "/users/olsentim/Projects/neko-top/external/pfunit/build/extern/fArgParse/extern/gFTL-shared/src/v1/CMakeFiles/gftl-shared-v1.dir/depend.internal".
Dependee "extern/fArgParse/extern/gFTL-shared/extern/gFTL/include/v1/templates/key_set_use_tokens.inc" is newer than depends file "/users/olsentim/Projects/neko-top/external/pfunit/build/extern/fArgParse/extern/gFTL-shared/src/v1/CMakeFiles/gftl-shared-v1.dir/depend.internal".
Dependee "extern/fArgParse/extern/gFTL-shared/extern/gFTL/include/v1/templates/key_template_macros.inc" is newer than depends file "/users/olsentim/Projects/neko-top/external/pfunit/build/extern/fArgParse/extern/gFTL-shared/src/v1/CMakeFiles/gftl-shared-v1.dir/depend.internal".
Dependee "extern/fArgParse/extern/gFTL-shared/extern/gFTL/include/v1/templates/key_template_macros_undefs.inc" is newer than depends file "/users/olsentim/Projects/neko-top/external/pfunit/build/extern/fArgParse/extern/gFTL-shared/src/v1/CMakeFiles/gftl-shared-v1.dir/depend.internal".
Dependee "extern/fArgParse/extern/gFTL-shared/extern/gFTL/include/v1/templates/key_use_tokens_undef.inc" is newer than depends file "/users/olsentim/Projects/neko-top/external/pfunit/build/extern/fArgParse/extern/gFTL-shared/src/v1/CMakeFiles/gftl-shared-v1.dir/depend.internal".
Dependee "extern/fArgParse/extern/gFTL-shared/extern/gFTL/include/v1/templates/type_macros_undefs.inc" is newer than depends file "/users/olsentim/Projects/neko-top/external/pfunit/build/extern/fArgParse/extern/gFTL-shared/src/v1/CMakeFiles/gftl-shared-v1.dir/depend.internal".
Dependee "extern/fArgParse/extern/gFTL-shared/extern/gFTL/include/v1/templates/type_set_use_tokens.inc" is newer than depends file "/users/olsentim/Projects/neko-top/external/pfunit/build/extern/fArgParse/extern/gFTL-shared/src/v1/CMakeFiles/gftl-shared-v1.dir/depend.internal".
Dependee "extern/fArgParse/extern/gFTL-shared/extern/gFTL/include/v1/templates/type_template_macros.inc" is newer than depends file "/users/olsentim/Projects/neko-top/external/pfunit/build/extern/fArgParse/extern/gFTL-shared/src/v1/CMakeFiles/gftl-shared-v1.dir/depend.internal".
Dependee "extern/fArgParse/extern/gFTL-shared/extern/gFTL/include/v1/templates/type_template_macros_undefs.inc" is newer than depends file "/users/olsentim/Projects/neko-top/external/pfunit/build/extern/fArgParse/extern/gFTL-shared/src/v1/CMakeFiles/gftl-shared-v1.dir/depend.internal".
Dependee "extern/fArgParse/extern/gFTL-shared/extern/gFTL/include/v1/templates/type_use_tokens_undef.inc" is newer than depends file "/users/olsentim/Projects/neko-top/external/pfunit/build/extern/fArgParse/extern/gFTL-shared/src/v1/CMakeFiles/gftl-shared-v1.dir/depend.internal".
Dependee "extern/fArgParse/extern/gFTL-shared/extern/gFTL/include/v1/templates/value_macros_undefs.inc" is newer than depends file "/users/olsentim/Projects/neko-top/external/pfunit/build/extern/fArgParse/extern/gFTL-shared/src/v1/CMakeFiles/gftl-shared-v1.dir/depend.internal".
Dependee "extern/fArgParse/extern/gFTL-shared/extern/gFTL/include/v1/templates/value_set_use_tokens.inc" is newer than depends file "/users/olsentim/Projects/neko-top/external/pfunit/build/extern/fArgParse/extern/gFTL-shared/src/v1/CMakeFiles/gftl-shared-v1.dir/depend.internal".
Dependee "extern/fArgParse/extern/gFTL-shared/extern/gFTL/include/v1/templates/value_template_macros.inc" is newer than depends file "/users/olsentim/Projects/neko-top/external/pfunit/build/extern/fArgParse/extern/gFTL-shared/src/v1/CMakeFiles/gftl-shared-v1.dir/depend.internal".
Dependee "extern/fArgParse/extern/gFTL-shared/extern/gFTL/include/v1/templates/value_template_macros_undefs.inc" is newer than depends file "/users/olsentim/Projects/neko-top/external/pfunit/build/extern/fArgParse/extern/gFTL-shared/src/v1/CMakeFiles/gftl-shared-v1.dir/depend.internal".
Dependee "extern/fArgParse/extern/gFTL-shared/extern/gFTL/include/v1/templates/value_use_tokens_undef.inc" is newer than depends file "/users/olsentim/Projects/neko-top/external/pfunit/build/extern/fArgParse/extern/gFTL-shared/src/v1/CMakeFiles/gftl-shared-v1.dir/depend.internal".
Dependee "extern/fArgParse/extern/gFTL-shared/extern/gFTL/include/v1/templates/key_macros_undefs.inc" is newer than depends file "/users/olsentim/Projects/neko-top/external/pfunit/build/extern/fArgParse/extern/gFTL-shared/src/v1/CMakeFiles/gftl-shared-v1.dir/depend.internal".
Dependee "extern/fArgParse/extern/gFTL-shared/extern/gFTL/include/v1/templates/key_set_use_tokens.inc" is newer than depends file "/users/olsentim/Projects/neko-top/external/pfunit/build/extern/fArgParse/extern/gFTL-shared/src/v1/CMakeFiles/gftl-shared-v1.dir/depend.internal".
Dependee "extern/fArgParse/extern/gFTL-shared/extern/gFTL/include/v1/templates/key_template_macros.inc" is newer than depends file "/users/olsentim/Projects/neko-top/external/pfunit/build/extern/fArgParse/extern/gFTL-shared/src/v1/CMakeFiles/gftl-shared-v1.dir/depend.internal".
Dependee "extern/fArgParse/extern/gFTL-shared/extern/gFTL/include/v1/templates/key_template_macros_undefs.inc" is newer than depends file "/users/olsentim/Projects/neko-top/external/pfunit/build/extern/fArgParse/extern/gFTL-shared/src/v1/CMakeFiles/gftl-shared-v1.dir/depend.internal".
Dependee "extern/fArgParse/extern/gFTL-shared/extern/gFTL/include/v1/templates/key_use_tokens_undef.inc" is newer than depends file "/users/olsentim/Projects/neko-top/external/pfunit/build/extern/fArgParse/extern/gFTL-shared/src/v1/CMakeFiles/gftl-shared-v1.dir/depend.internal".
Dependee "extern/fArgParse/extern/gFTL-shared/extern/gFTL/include/v1/templates/type_macros_undefs.inc" is newer than depends file "/users/olsentim/Projects/neko-top/external/pfunit/build/extern/fArgParse/extern/gFTL-shared/src/v1/CMakeFiles/gftl-shared-v1.dir/depend.internal".
Dependee "extern/fArgParse/extern/gFTL-shared/extern/gFTL/include/v1/templates/type_set_use_tokens.inc" is newer than depends file "/users/olsentim/Projects/neko-top/external/pfunit/build/extern/fArgParse/extern/gFTL-shared/src/v1/CMakeFiles/gftl-shared-v1.dir/depend.internal".
Dependee "extern/fArgParse/extern/gFTL-shared/extern/gFTL/include/v1/templates/type_template_macros.inc" is newer than depends file "/users/olsentim/Projects/neko-top/external/pfunit/build/extern/fArgParse/extern/gFTL-shared/src/v1/CMakeFiles/gftl-shared-v1.dir/depend.internal".
Dependee "extern/fArgParse/extern/gFTL-shared/extern/gFTL/include/v1/templates/type_template_macros_undefs.inc" is newer than depends file "/users/olsentim/Projects/neko-top/external/pfunit/build/extern/fArgParse/extern/gFTL-shared/src/v1/CMakeFiles/gftl-shared-v1.dir/depend.internal".
Dependee "extern/fArgParse/extern/gFTL-shared/extern/gFTL/include/v1/templates/type_use_tokens_undef.inc" is newer than depends file "/users/olsentim/Projects/neko-top/external/pfunit/build/extern/fArgParse/extern/gFTL-shared/src/v1/CMakeFiles/gftl-shared-v1.dir/depend.internal".
Dependee "extern/fArgParse/extern/gFTL-shared/extern/gFTL/include/v1/templates/value_macros_undefs.inc" is newer than depends file "/users/olsentim/Projects/neko-top/external/pfunit/build/extern/fArgParse/extern/gFTL-shared/src/v1/CMakeFiles/gftl-shared-v1.dir/depend.internal".
Dependee "extern/fArgParse/extern/gFTL-shared/extern/gFTL/include/v1/templates/value_set_use_tokens.inc" is newer than depends file "/users/olsentim/Projects/neko-top/external/pfunit/build/extern/fArgParse/extern/gFTL-shared/src/v1/CMakeFiles/gftl-shared-v1.dir/depend.internal".
Dependee "extern/fArgParse/extern/gFTL-shared/extern/gFTL/include/v1/templates/value_template_macros.inc" is newer than depends file "/users/olsentim/Projects/neko-top/external/pfunit/build/extern/fArgParse/extern/gFTL-shared/src/v1/CMakeFiles/gftl-shared-v1.dir/depend.internal".
Dependee "extern/fArgParse/extern/gFTL-shared/extern/gFTL/include/v1/templates/value_template_macros_undefs.inc" is newer than depends file "/users/olsentim/Projects/neko-top/external/pfunit/build/extern/fArgParse/extern/gFTL-shared/src/v1/CMakeFiles/gftl-shared-v1.dir/depend.internal".
Dependee "extern/fArgParse/extern/gFTL-shared/extern/gFTL/include/v1/templates/value_use_tokens_undef.inc" is newer than depends file "/users/olsentim/Projects/neko-top/external/pfunit/build/extern/fArgParse/extern/gFTL-shared/src/v1/CMakeFiles/gftl-shared-v1.dir/depend.internal".
Dependee "extern/fArgParse/extern/gFTL-shared/extern/gFTL/include/v1/templates/key_macros_undefs.inc" is newer than depends file "/users/olsentim/Projects/neko-top/external/pfunit/build/extern/fArgParse/extern/gFTL-shared/src/v1/CMakeFiles/gftl-shared-v1.dir/depend.internal".
Dependee "extern/fArgParse/extern/gFTL-shared/extern/gFTL/include/v1/templates/key_set_use_tokens.inc" is newer than depends file "/users/olsentim/Projects/neko-top/external/pfunit/build/extern/fArgParse/extern/gFTL-shared/src/v1/CMakeFiles/gftl-shared-v1.dir/depend.internal".
Dependee "extern/fArgParse/extern/gFTL-shared/extern/gFTL/include/v1/templates/key_template_macros.inc" is newer than depends file "/users/olsentim/Projects/neko-top/external/pfunit/build/extern/fArgParse/extern/gFTL-shared/src/v1/CMakeFiles/gftl-shared-v1.dir/depend.internal".
Dependee "extern/fArgParse/extern/gFTL-shared/extern/gFTL/include/v1/templates/key_template_macros_undefs.inc" is newer than depends file "/users/olsentim/Projects/neko-top/external/pfunit/build/extern/fArgParse/extern/gFTL-shared/src/v1/CMakeFiles/gftl-shared-v1.dir/depend.internal".
Dependee "extern/fArgParse/extern/gFTL-shared/extern/gFTL/include/v1/templates/key_use_tokens_undef.inc" is newer than depends file "/users/olsentim/Projects/neko-top/external/pfunit/build/extern/fArgParse/extern/gFTL-shared/src/v1/CMakeFiles/gftl-shared-v1.dir/depend.internal".
Dependee "extern/fArgParse/extern/gFTL-shared/extern/gFTL/include/v1/templates/type_macros_undefs.inc" is newer than depends file "/users/olsentim/Projects/neko-top/external/pfunit/build/extern/fArgParse/extern/gFTL-shared/src/v1/CMakeFiles/gftl-shared-v1.dir/depend.internal".
Dependee "extern/fArgParse/extern/gFTL-shared/extern/gFTL/include/v1/templates/type_set_use_tokens.inc" is newer than depends file "/users/olsentim/Projects/neko-top/external/pfunit/build/extern/fArgParse/extern/gFTL-shared/src/v1/CMakeFiles/gftl-shared-v1.dir/depend.internal".
Dependee "extern/fArgParse/extern/gFTL-shared/extern/gFTL/include/v1/templates/type_template_macros.inc" is newer than depends file "/users/olsentim/Projects/neko-top/external/pfunit/build/extern/fArgParse/extern/gFTL-shared/src/v1/CMakeFiles/gftl-shared-v1.dir/depend.internal".
Dependee "extern/fArgParse/extern/gFTL-shared/extern/gFTL/include/v1/templates/type_template_macros_undefs.inc" is newer than depends file "/users/olsentim/Projects/neko-top/external/pfunit/build/extern/fArgParse/extern/gFTL-shared/src/v1/CMakeFiles/gftl-shared-v1.dir/depend.internal".
Dependee "extern/fArgParse/extern/gFTL-shared/extern/gFTL/include/v1/templates/type_use_tokens_undef.inc" is newer than depends file "/users/olsentim/Projects/neko-top/external/pfunit/build/extern/fArgParse/extern/gFTL-shared/src/v1/CMakeFiles/gftl-shared-v1.dir/depend.internal".
Dependee "extern/fArgParse/extern/gFTL-shared/extern/gFTL/include/v1/templates/value_macros_undefs.inc" is newer than depends file "/users/olsentim/Projects/neko-top/external/pfunit/build/extern/fArgParse/extern/gFTL-shared/src/v1/CMakeFiles/gftl-shared-v1.dir/depend.internal".
Dependee "extern/fArgParse/extern/gFTL-shared/extern/gFTL/include/v1/templates/value_set_use_tokens.inc" is newer than depends file "/users/olsentim/Projects/neko-top/external/pfunit/build/extern/fArgParse/extern/gFTL-shared/src/v1/CMakeFiles/gftl-shared-v1.dir/depend.internal".
Dependee "extern/fArgParse/extern/gFTL-shared/extern/gFTL/include/v1/templates/value_template_macros.inc" is newer than depends file "/users/olsentim/Projects/neko-top/external/pfunit/build/extern/fArgParse/extern/gFTL-shared/src/v1/CMakeFiles/gftl-shared-v1.dir/depend.internal".
Dependee "extern/fArgParse/extern/gFTL-shared/extern/gFTL/include/v1/templates/value_template_macros_undefs.inc" is newer than depends file "/users/olsentim/Projects/neko-top/external/pfunit/build/extern/fArgParse/extern/gFTL-shared/src/v1/CMakeFiles/gftl-shared-v1.dir/depend.internal".
Dependee "extern/fArgParse/extern/gFTL-shared/extern/gFTL/include/v1/templates/value_use_tokens_undef.inc" is newer than depends file "/users/olsentim/Projects/neko-top/external/pfunit/build/extern/fArgParse/extern/gFTL-shared/src/v1/CMakeFiles/gftl-shared-v1.dir/depend.internal".
Dependee "extern/fArgParse/extern/gFTL-shared/extern/gFTL/include/v1/templates/key_macros_undefs.inc" is newer than depends file "/users/olsentim/Projects/neko-top/external/pfunit/build/extern/fArgParse/extern/gFTL-shared/src/v1/CMakeFiles/gftl-shared-v1.dir/depend.internal".
Dependee "extern/fArgParse/extern/gFTL-shared/extern/gFTL/include/v1/templates/key_set_use_tokens.inc" is newer than depends file "/users/olsentim/Projects/neko-top/external/pfunit/build/extern/fArgParse/extern/gFTL-shared/src/v1/CMakeFiles/gftl-shared-v1.dir/depend.internal".
Dependee "extern/fArgParse/extern/gFTL-shared/extern/gFTL/include/v1/templates/key_template_macros.inc" is newer than depends file "/users/olsentim/Projects/neko-top/external/pfunit/build/extern/fArgParse/extern/gFTL-shared/src/v1/CMakeFiles/gftl-shared-v1.dir/depend.internal".
Dependee "extern/fArgParse/extern/gFTL-shared/extern/gFTL/include/v1/templates/key_template_macros_undefs.inc" is newer than depends file "/users/olsentim/Projects/neko-top/external/pfunit/build/extern/fArgParse/extern/gFTL-shared/src/v1/CMakeFiles/gftl-shared-v1.dir/depend.internal".
Dependee "extern/fArgParse/extern/gFTL-shared/extern/gFTL/include/v1/templates/key_use_tokens_undef.inc" is newer than depends file "/users/olsentim/Projects/neko-top/external/pfunit/build/extern/fArgParse/extern/gFTL-shared/src/v1/CMakeFiles/gftl-shared-v1.dir/depend.internal".
Dependee "extern/fArgParse/extern/gFTL-shared/extern/gFTL/include/v1/templates/type_macros_undefs.inc" is newer than depends file "/users/olsentim/Projects/neko-top/external/pfunit/build/extern/fArgParse/extern/gFTL-shared/src/v1/CMakeFiles/gftl-shared-v1.dir/depend.internal".
Dependee "extern/fArgParse/extern/gFTL-shared/extern/gFTL/include/v1/templates/type_set_use_tokens.inc" is newer than depends file "/users/olsentim/Projects/neko-top/external/pfunit/build/extern/fArgParse/extern/gFTL-shared/src/v1/CMakeFiles/gftl-shared-v1.dir/depend.internal".
Dependee "extern/fArgParse/extern/gFTL-shared/extern/gFTL/include/v1/templates/type_template_macros.inc" is newer than depends file "/users/olsentim/Projects/neko-top/external/pfunit/build/extern/fArgParse/extern/gFTL-shared/src/v1/CMakeFiles/gftl-shared-v1.dir/depend.internal".
Dependee "extern/fArgParse/extern/gFTL-shared/extern/gFTL/include/v1/templates/type_template_macros_undefs.inc" is newer than depends file "/users/olsentim/Projects/neko-top/external/pfunit/build/extern/fArgParse/extern/gFTL-shared/src/v1/CMakeFiles/gftl-shared-v1.dir/depend.internal".
Dependee "extern/fArgParse/extern/gFTL-shared/extern/gFTL/include/v1/templates/type_use_tokens_undef.inc" is newer than depends file "/users/olsentim/Projects/neko-top/external/pfunit/build/extern/fArgParse/extern/gFTL-shared/src/v1/CMakeFiles/gftl-shared-v1.dir/depend.internal".
Dependee "extern/fArgParse/extern/gFTL-shared/extern/gFTL/include/v1/templates/value_macros_undefs.inc" is newer than depends file "/users/olsentim/Projects/neko-top/external/pfunit/build/extern/fArgParse/extern/gFTL-shared/src/v1/CMakeFiles/gftl-shared-v1.dir/depend.internal".
Dependee "extern/fArgParse/extern/gFTL-shared/extern/gFTL/include/v1/templates/value_set_use_tokens.inc" is newer than depends file "/users/olsentim/Projects/neko-top/external/pfunit/build/extern/fArgParse/extern/gFTL-shared/src/v1/CMakeFiles/gftl-shared-v1.dir/depend.internal".
Dependee "extern/fArgParse/extern/gFTL-shared/extern/gFTL/include/v1/templates/value_template_macros.inc" is newer than depends file "/users/olsentim/Projects/neko-top/external/pfunit/build/extern/fArgParse/extern/gFTL-shared/src/v1/CMakeFiles/gftl-shared-v1.dir/depend.internal".
Dependee "extern/fArgParse/extern/gFTL-shared/extern/gFTL/include/v1/templates/value_template_macros_undefs.inc" is newer than depends file "/users/olsentim/Projects/neko-top/external/pfunit/build/extern/fArgParse/extern/gFTL-shared/src/v1/CMakeFiles/gftl-shared-v1.dir/depend.internal".
Dependee "extern/fArgParse/extern/gFTL-shared/extern/gFTL/include/v1/templates/value_use_tokens_undef.inc" is newer than depends file "/users/olsentim/Projects/neko-top/external/pfunit/build/extern/fArgParse/extern/gFTL-shared/src/v1/CMakeFiles/gftl-shared-v1.dir/depend.internal".
Dependee "extern/fArgParse/extern/gFTL-shared/extern/gFTL/include/v1/templates/key_macros_undefs.inc" is newer than depends file "/users/olsentim/Projects/neko-top/external/pfunit/build/extern/fArgParse/extern/gFTL-shared/src/v1/CMakeFiles/gftl-shared-v1.dir/depend.internal".
Dependee "extern/fArgParse/extern/gFTL-shared/extern/gFTL/include/v1/templates/key_set_use_tokens.inc" is newer than depends file "/users/olsentim/Projects/neko-top/external/pfunit/build/extern/fArgParse/extern/gFTL-shared/src/v1/CMakeFiles/gftl-shared-v1.dir/depend.internal".
Dependee "extern/fArgParse/extern/gFTL-shared/extern/gFTL/include/v1/templates/key_template_macros.inc" is newer than depends file "/users/olsentim/Projects/neko-top/external/pfunit/build/extern/fArgParse/extern/gFTL-shared/src/v1/CMakeFiles/gftl-shared-v1.dir/depend.internal".
Dependee "extern/fArgParse/extern/gFTL-shared/extern/gFTL/include/v1/templates/key_template_macros_undefs.inc" is newer than depends file "/users/olsentim/Projects/neko-top/external/pfunit/build/extern/fArgParse/extern/gFTL-shared/src/v1/CMakeFiles/gftl-shared-v1.dir/depend.internal".
Dependee "extern/fArgParse/extern/gFTL-shared/extern/gFTL/include/v1/templates/key_use_tokens_undef.inc" is newer than depends file "/users/olsentim/Projects/neko-top/external/pfunit/build/extern/fArgParse/extern/gFTL-shared/src/v1/CMakeFiles/gftl-shared-v1.dir/depend.internal".
Dependee "extern/fArgParse/extern/gFTL-shared/extern/gFTL/include/v1/templates/type_macros_undefs.inc" is newer than depends file "/users/olsentim/Projects/neko-top/external/pfunit/build/extern/fArgParse/extern/gFTL-shared/src/v1/CMakeFiles/gftl-shared-v1.dir/depend.internal".
Dependee "extern/fArgParse/extern/gFTL-shared/extern/gFTL/include/v1/templates/type_set_use_tokens.inc" is newer than depends file "/users/olsentim/Projects/neko-top/external/pfunit/build/extern/fArgParse/extern/gFTL-shared/src/v1/CMakeFiles/gftl-shared-v1.dir/depend.internal".
Dependee "extern/fArgParse/extern/gFTL-shared/extern/gFTL/include/v1/templates/type_template_macros.inc" is newer than depends file "/users/olsentim/Projects/neko-top/external/pfunit/build/extern/fArgParse/extern/gFTL-shared/src/v1/CMakeFiles/gftl-shared-v1.dir/depend.internal".
Dependee "extern/fArgParse/extern/gFTL-shared/extern/gFTL/include/v1/templates/type_template_macros_undefs.inc" is newer than depends file "/users/olsentim/Projects/neko-top/external/pfunit/build/extern/fArgParse/extern/gFTL-shared/src/v1/CMakeFiles/gftl-shared-v1.dir/depend.internal".
Dependee "extern/fArgParse/extern/gFTL-shared/extern/gFTL/include/v1/templates/type_use_tokens_undef.inc" is newer than depends file "/users/olsentim/Projects/neko-top/external/pfunit/build/extern/fArgParse/extern/gFTL-shared/src/v1/CMakeFiles/gftl-shared-v1.dir/depend.internal".
Dependee "extern/fArgParse/extern/gFTL-shared/extern/gFTL/include/v1/templates/value_macros_undefs.inc" is newer than depends file "/users/olsentim/Projects/neko-top/external/pfunit/build/extern/fArgParse/extern/gFTL-shared/src/v1/CMakeFiles/gftl-shared-v1.dir/depend.internal".
Dependee "extern/fArgParse/extern/gFTL-shared/extern/gFTL/include/v1/templates/value_set_use_tokens.inc" is newer than depends file "/users/olsentim/Projects/neko-top/external/pfunit/build/extern/fArgParse/extern/gFTL-shared/src/v1/CMakeFiles/gftl-shared-v1.dir/depend.internal".
Dependee "extern/fArgParse/extern/gFTL-shared/extern/gFTL/include/v1/templates/value_template_macros.inc" is newer than depends file "/users/olsentim/Projects/neko-top/external/pfunit/build/extern/fArgParse/extern/gFTL-shared/src/v1/CMakeFiles/gftl-shared-v1.dir/depend.internal".
Dependee "extern/fArgParse/extern/gFTL-shared/extern/gFTL/include/v1/templates/value_template_macros_undefs.inc" is newer than depends file "/users/olsentim/Projects/neko-top/external/pfunit/build/extern/fArgParse/extern/gFTL-shared/src/v1/CMakeFiles/gftl-shared-v1.dir/depend.internal".
Dependee "extern/fArgParse/extern/gFTL-shared/extern/gFTL/include/v1/templates/value_use_tokens_undef.inc" is newer than depends file "/users/olsentim/Projects/neko-top/external/pfunit/build/extern/fArgParse/extern/gFTL-shared/src/v1/CMakeFiles/gftl-shared-v1.dir/depend.internal".
Dependee "extern/fArgParse/extern/gFTL-shared/extern/gFTL/include/v1/templates/key_macros_undefs.inc" is newer than depends file "/users/olsentim/Projects/neko-top/external/pfunit/build/extern/fArgParse/extern/gFTL-shared/src/v1/CMakeFiles/gftl-shared-v1.dir/depend.internal".
Dependee "extern/fArgParse/extern/gFTL-shared/extern/gFTL/include/v1/templates/key_set_use_tokens.inc" is newer than depends file "/users/olsentim/Projects/neko-top/external/pfunit/build/extern/fArgParse/extern/gFTL-shared/src/v1/CMakeFiles/gftl-shared-v1.dir/depend.internal".
Dependee "extern/fArgParse/extern/gFTL-shared/extern/gFTL/include/v1/templates/key_template_macros.inc" is newer than depends file "/users/olsentim/Projects/neko-top/external/pfunit/build/extern/fArgParse/extern/gFTL-shared/src/v1/CMakeFiles/gftl-shared-v1.dir/depend.internal".
Dependee "extern/fArgParse/extern/gFTL-shared/extern/gFTL/include/v1/templates/key_template_macros_undefs.inc" is newer than depends file "/users/olsentim/Projects/neko-top/external/pfunit/build/extern/fArgParse/extern/gFTL-shared/src/v1/CMakeFiles/gftl-shared-v1.dir/depend.internal".
Dependee "extern/fArgParse/extern/gFTL-shared/extern/gFTL/include/v1/templates/key_use_tokens_undef.inc" is newer than depends file "/users/olsentim/Projects/neko-top/external/pfunit/build/extern/fArgParse/extern/gFTL-shared/src/v1/CMakeFiles/gftl-shared-v1.dir/depend.internal".
Dependee "extern/fArgParse/extern/gFTL-shared/extern/gFTL/include/v1/templates/type_macros_undefs.inc" is newer than depends file "/users/olsentim/Projects/neko-top/external/pfunit/build/extern/fArgParse/extern/gFTL-shared/src/v1/CMakeFiles/gftl-shared-v1.dir/depend.internal".
Dependee "extern/fArgParse/extern/gFTL-shared/extern/gFTL/include/v1/templates/type_set_use_tokens.inc" is newer than depends file "/users/olsentim/Projects/neko-top/external/pfunit/build/extern/fArgParse/extern/gFTL-shared/src/v1/CMakeFiles/gftl-shared-v1.dir/depend.internal".
Dependee "extern/fArgParse/extern/gFTL-shared/extern/gFTL/include/v1/templates/type_template_macros.inc" is newer than depends file "/users/olsentim/Projects/neko-top/external/pfunit/build/extern/fArgParse/extern/gFTL-shared/src/v1/CMakeFiles/gftl-shared-v1.dir/depend.internal".
Dependee "extern/fArgParse/extern/gFTL-shared/extern/gFTL/include/v1/templates/type_template_macros_undefs.inc" is newer than depends file "/users/olsentim/Projects/neko-top/external/pfunit/build/extern/fArgParse/extern/gFTL-shared/src/v1/CMakeFiles/gftl-shared-v1.dir/depend.internal".
Dependee "extern/fArgParse/extern/gFTL-shared/extern/gFTL/include/v1/templates/type_use_tokens_undef.inc" is newer than depends file "/users/olsentim/Projects/neko-top/external/pfunit/build/extern/fArgParse/extern/gFTL-shared/src/v1/CMakeFiles/gftl-shared-v1.dir/depend.internal".
Dependee "extern/fArgParse/extern/gFTL-shared/extern/gFTL/include/v1/templates/value_macros_undefs.inc" is newer than depends file "/users/olsentim/Projects/neko-top/external/pfunit/build/extern/fArgParse/extern/gFTL-shared/src/v1/CMakeFiles/gftl-shared-v1.dir/depend.internal".
Dependee "extern/fArgParse/extern/gFTL-shared/extern/gFTL/include/v1/templates/value_set_use_tokens.inc" is newer than depends file "/users/olsentim/Projects/neko-top/external/pfunit/build/extern/fArgParse/extern/gFTL-shared/src/v1/CMakeFiles/gftl-shared-v1.dir/depend.internal".
Dependee "extern/fArgParse/extern/gFTL-shared/extern/gFTL/include/v1/templates/value_template_macros.inc" is newer than depends file "/users/olsentim/Projects/neko-top/external/pfunit/build/extern/fArgParse/extern/gFTL-shared/src/v1/CMakeFiles/gftl-shared-v1.dir/depend.internal".
Dependee "extern/fArgParse/extern/gFTL-shared/extern/gFTL/include/v1/templates/value_template_macros_undefs.inc" is newer than depends file "/users/olsentim/Projects/neko-top/external/pfunit/build/extern/fArgParse/extern/gFTL-shared/src/v1/CMakeFiles/gftl-shared-v1.dir/depend.internal".
Dependee "extern/fArgParse/extern/gFTL-shared/extern/gFTL/include/v1/templates/value_use_tokens_undef.inc" is newer than depends file "/users/olsentim/Projects/neko-top/external/pfunit/build/extern/fArgParse/extern/gFTL-shared/src/v1/CMakeFiles/gftl-shared-v1.dir/depend.internal".
Dependee "extern/fArgParse/extern/gFTL-shared/extern/gFTL/include/v1/templates/key_macros_undefs.inc" is newer than depends file "/users/olsentim/Projects/neko-top/external/pfunit/build/extern/fArgParse/extern/gFTL-shared/src/v1/CMakeFiles/gftl-shared-v1.dir/depend.internal".
Dependee "extern/fArgParse/extern/gFTL-shared/extern/gFTL/include/v1/templates/key_set_use_tokens.inc" is newer than depends file "/users/olsentim/Projects/neko-top/external/pfunit/build/extern/fArgParse/extern/gFTL-shared/src/v1/CMakeFiles/gftl-shared-v1.dir/depend.internal".
Dependee "extern/fArgParse/extern/gFTL-shared/extern/gFTL/include/v1/templates/key_template_macros.inc" is newer than depends file "/users/olsentim/Projects/neko-top/external/pfunit/build/extern/fArgParse/extern/gFTL-shared/src/v1/CMakeFiles/gftl-shared-v1.dir/depend.internal".
Dependee "extern/fArgParse/extern/gFTL-shared/extern/gFTL/include/v1/templates/key_template_macros_undefs.inc" is newer than depends file "/users/olsentim/Projects/neko-top/external/pfunit/build/extern/fArgParse/extern/gFTL-shared/src/v1/CMakeFiles/gftl-shared-v1.dir/depend.internal".
Dependee "extern/fArgParse/extern/gFTL-shared/extern/gFTL/include/v1/templates/key_use_tokens_undef.inc" is newer than depends file "/users/olsentim/Projects/neko-top/external/pfunit/build/extern/fArgParse/extern/gFTL-shared/src/v1/CMakeFiles/gftl-shared-v1.dir/depend.internal".
Dependee "extern/fArgParse/extern/gFTL-shared/extern/gFTL/include/v1/templates/type_macros_undefs.inc" is newer than depends file "/users/olsentim/Projects/neko-top/external/pfunit/build/extern/fArgParse/extern/gFTL-shared/src/v1/CMakeFiles/gftl-shared-v1.dir/depend.internal".
Dependee "extern/fArgParse/extern/gFTL-shared/extern/gFTL/include/v1/templates/type_set_use_tokens.inc" is newer than depends file "/users/olsentim/Projects/neko-top/external/pfunit/build/extern/fArgParse/extern/gFTL-shared/src/v1/CMakeFiles/gftl-shared-v1.dir/depend.internal".
Dependee "extern/fArgParse/extern/gFTL-shared/extern/gFTL/include/v1/templates/type_template_macros.inc" is newer than depends file "/users/olsentim/Projects/neko-top/external/pfunit/build/extern/fArgParse/extern/gFTL-shared/src/v1/CMakeFiles/gftl-shared-v1.dir/depend.internal".
Dependee "extern/fArgParse/extern/gFTL-shared/extern/gFTL/include/v1/templates/type_template_macros_undefs.inc" is newer than depends file "/users/olsentim/Projects/neko-top/external/pfunit/build/extern/fArgParse/extern/gFTL-shared/src/v1/CMakeFiles/gftl-shared-v1.dir/depend.internal".
Dependee "extern/fArgParse/extern/gFTL-shared/extern/gFTL/include/v1/templates/type_use_tokens_undef.inc" is newer than depends file "/users/olsentim/Projects/neko-top/external/pfunit/build/extern/fArgParse/extern/gFTL-shared/src/v1/CMakeFiles/gftl-shared-v1.dir/depend.internal".
Dependee "extern/fArgParse/extern/gFTL-shared/extern/gFTL/include/v1/templates/value_macros_undefs.inc" is newer than depends file "/users/olsentim/Projects/neko-top/external/pfunit/build/extern/fArgParse/extern/gFTL-shared/src/v1/CMakeFiles/gftl-shared-v1.dir/depend.internal".
Dependee "extern/fArgParse/extern/gFTL-shared/extern/gFTL/include/v1/templates/value_set_use_tokens.inc" is newer than depends file "/users/olsentim/Projects/neko-top/external/pfunit/build/extern/fArgParse/extern/gFTL-shared/src/v1/CMakeFiles/gftl-shared-v1.dir/depend.internal".
Dependee "extern/fArgParse/extern/gFTL-shared/extern/gFTL/include/v1/templates/value_template_macros.inc" is newer than depends file "/users/olsentim/Projects/neko-top/external/pfunit/build/extern/fArgParse/extern/gFTL-shared/src/v1/CMakeFiles/gftl-shared-v1.dir/depend.internal".
Dependee "extern/fArgParse/extern/gFTL-shared/extern/gFTL/include/v1/templates/value_template_macros_undefs.inc" is newer than depends file "/users/olsentim/Projects/neko-top/external/pfunit/build/extern/fArgParse/extern/gFTL-shared/src/v1/CMakeFiles/gftl-shared-v1.dir/depend.internal".
Dependee "extern/fArgParse/extern/gFTL-shared/extern/gFTL/include/v1/templates/value_use_tokens_undef.inc" is newer than depends file "/users/olsentim/Projects/neko-top/external/pfunit/build/extern/fArgParse/extern/gFTL-shared/src/v1/CMakeFiles/gftl-shared-v1.dir/depend.internal".
Dependee "extern/fArgParse/extern/gFTL-shared/extern/gFTL/include/v1/templates/key_macros_undefs.inc" is newer than depends file "/users/olsentim/Projects/neko-top/external/pfunit/build/extern/fArgParse/extern/gFTL-shared/src/v1/CMakeFiles/gftl-shared-v1.dir/depend.internal".
Dependee "extern/fArgParse/extern/gFTL-shared/extern/gFTL/include/v1/templates/key_set_use_tokens.inc" is newer than depends file "/users/olsentim/Projects/neko-top/external/pfunit/build/extern/fArgParse/extern/gFTL-shared/src/v1/CMakeFiles/gftl-shared-v1.dir/depend.internal".
Dependee "extern/fArgParse/extern/gFTL-shared/extern/gFTL/include/v1/templates/key_template_macros.inc" is newer than depends file "/users/olsentim/Projects/neko-top/external/pfunit/build/extern/fArgParse/extern/gFTL-shared/src/v1/CMakeFiles/gftl-shared-v1.dir/depend.internal".
Dependee "extern/fArgParse/extern/gFTL-shared/extern/gFTL/include/v1/templates/key_template_macros_undefs.inc" is newer than depends file "/users/olsentim/Projects/neko-top/external/pfunit/build/extern/fArgParse/extern/gFTL-shared/src/v1/CMakeFiles/gftl-shared-v1.dir/depend.internal".
Dependee "extern/fArgParse/extern/gFTL-shared/extern/gFTL/include/v1/templates/key_use_tokens_undef.inc" is newer than depends file "/users/olsentim/Projects/neko-top/external/pfunit/build/extern/fArgParse/extern/gFTL-shared/src/v1/CMakeFiles/gftl-shared-v1.dir/depend.internal".
Dependee "extern/fArgParse/extern/gFTL-shared/extern/gFTL/include/v1/templates/type_macros_undefs.inc" is newer than depends file "/users/olsentim/Projects/neko-top/external/pfunit/build/extern/fArgParse/extern/gFTL-shared/src/v1/CMakeFiles/gftl-shared-v1.dir/depend.internal".
Dependee "extern/fArgParse/extern/gFTL-shared/extern/gFTL/include/v1/templates/type_set_use_tokens.inc" is newer than depends file "/users/olsentim/Projects/neko-top/external/pfunit/build/extern/fArgParse/extern/gFTL-shared/src/v1/CMakeFiles/gftl-shared-v1.dir/depend.internal".
Dependee "extern/fArgParse/extern/gFTL-shared/extern/gFTL/include/v1/templates/type_template_macros.inc" is newer than depends file "/users/olsentim/Projects/neko-top/external/pfunit/build/extern/fArgParse/extern/gFTL-shared/src/v1/CMakeFiles/gftl-shared-v1.dir/depend.internal".
Dependee "extern/fArgParse/extern/gFTL-shared/extern/gFTL/include/v1/templates/type_template_macros_undefs.inc" is newer than depends file "/users/olsentim/Projects/neko-top/external/pfunit/build/extern/fArgParse/extern/gFTL-shared/src/v1/CMakeFiles/gftl-shared-v1.dir/depend.internal".
Dependee "extern/fArgParse/extern/gFTL-shared/extern/gFTL/include/v1/templates/type_use_tokens_undef.inc" is newer than depends file "/users/olsentim/Projects/neko-top/external/pfunit/build/extern/fArgParse/extern/gFTL-shared/src/v1/CMakeFiles/gftl-shared-v1.dir/depend.internal".
Dependee "extern/fArgParse/extern/gFTL-shared/extern/gFTL/include/v1/templates/value_macros_undefs.inc" is newer than depends file "/users/olsentim/Projects/neko-top/external/pfunit/build/extern/fArgParse/extern/gFTL-shared/src/v1/CMakeFiles/gftl-shared-v1.dir/depend.internal".
Dependee "extern/fArgParse/extern/gFTL-shared/extern/gFTL/include/v1/templates/value_set_use_tokens.inc" is newer than depends file "/users/olsentim/Projects/neko-top/external/pfunit/build/extern/fArgParse/extern/gFTL-shared/src/v1/CMakeFiles/gftl-shared-v1.dir/depend.internal".
Dependee "extern/fArgParse/extern/gFTL-shared/extern/gFTL/include/v1/templates/value_template_macros.inc" is newer than depends file "/users/olsentim/Projects/neko-top/external/pfunit/build/extern/fArgParse/extern/gFTL-shared/src/v1/CMakeFiles/gftl-shared-v1.dir/depend.internal".
Dependee "extern/fArgParse/extern/gFTL-shared/extern/gFTL/include/v1/templates/value_template_macros_undefs.inc" is newer than depends file "/users/olsentim/Projects/neko-top/external/pfunit/build/extern/fArgParse/extern/gFTL-shared/src/v1/CMakeFiles/gftl-shared-v1.dir/depend.internal".
Dependee "extern/fArgParse/extern/gFTL-shared/extern/gFTL/include/v1/templates/value_use_tokens_undef.inc" is newer than depends file "/users/olsentim/Projects/neko-top/external/pfunit/build/extern/fArgParse/extern/gFTL-shared/src/v1/CMakeFiles/gftl-shared-v1.dir/depend.internal".
Dependee "extern/fArgParse/extern/gFTL-shared/extern/gFTL/include/v1/templates/key_macros_undefs.inc" is newer than depends file "/users/olsentim/Projects/neko-top/external/pfunit/build/extern/fArgParse/extern/gFTL-shared/src/v1/CMakeFiles/gftl-shared-v1.dir/depend.internal".
Dependee "extern/fArgParse/extern/gFTL-shared/extern/gFTL/include/v1/templates/key_set_use_tokens.inc" is newer than depends file "/users/olsentim/Projects/neko-top/external/pfunit/build/extern/fArgParse/extern/gFTL-shared/src/v1/CMakeFiles/gftl-shared-v1.dir/depend.internal".
Dependee "extern/fArgParse/extern/gFTL-shared/extern/gFTL/include/v1/templates/key_template_macros.inc" is newer than depends file "/users/olsentim/Projects/neko-top/external/pfunit/build/extern/fArgParse/extern/gFTL-shared/src/v1/CMakeFiles/gftl-shared-v1.dir/depend.internal".
Dependee "extern/fArgParse/extern/gFTL-shared/extern/gFTL/include/v1/templates/key_template_macros_undefs.inc" is newer than depends file "/users/olsentim/Projects/neko-top/external/pfunit/build/extern/fArgParse/extern/gFTL-shared/src/v1/CMakeFiles/gftl-shared-v1.dir/depend.internal".
Dependee "extern/fArgParse/extern/gFTL-shared/extern/gFTL/include/v1/templates/key_use_tokens_undef.inc" is newer than depends file "/users/olsentim/Projects/neko-top/external/pfunit/build/extern/fArgParse/extern/gFTL-shared/src/v1/CMakeFiles/gftl-shared-v1.dir/depend.internal".
Dependee "extern/fArgParse/extern/gFTL-shared/extern/gFTL/include/v1/templates/type_macros_undefs.inc" is newer than depends file "/users/olsentim/Projects/neko-top/external/pfunit/build/extern/fArgParse/extern/gFTL-shared/src/v1/CMakeFiles/gftl-shared-v1.dir/depend.internal".
Dependee "extern/fArgParse/extern/gFTL-shared/extern/gFTL/include/v1/templates/type_set_use_tokens.inc" is newer than depends file "/users/olsentim/Projects/neko-top/external/pfunit/build/extern/fArgParse/extern/gFTL-shared/src/v1/CMakeFiles/gftl-shared-v1.dir/depend.internal".
Dependee "extern/fArgParse/extern/gFTL-shared/extern/gFTL/include/v1/templates/type_template_macros.inc" is newer than depends file "/users/olsentim/Projects/neko-top/external/pfunit/build/extern/fArgParse/extern/gFTL-shared/src/v1/CMakeFiles/gftl-shared-v1.dir/depend.internal".
Dependee "extern/fArgParse/extern/gFTL-shared/extern/gFTL/include/v1/templates/type_template_macros_undefs.inc" is newer than depends file "/users/olsentim/Projects/neko-top/external/pfunit/build/extern/fArgParse/extern/gFTL-shared/src/v1/CMakeFiles/gftl-shared-v1.dir/depend.internal".
Dependee "extern/fArgParse/extern/gFTL-shared/extern/gFTL/include/v1/templates/type_use_tokens_undef.inc" is newer than depends file "/users/olsentim/Projects/neko-top/external/pfunit/build/extern/fArgParse/extern/gFTL-shared/src/v1/CMakeFiles/gftl-shared-v1.dir/depend.internal".
Dependee "extern/fArgParse/extern/gFTL-shared/extern/gFTL/include/v1/templates/value_macros_undefs.inc" is newer than depends file "/users/olsentim/Projects/neko-top/external/pfunit/build/extern/fArgParse/extern/gFTL-shared/src/v1/CMakeFiles/gftl-shared-v1.dir/depend.internal".
Dependee "extern/fArgParse/extern/gFTL-shared/extern/gFTL/include/v1/templates/value_set_use_tokens.inc" is newer than depends file "/users/olsentim/Projects/neko-top/external/pfunit/build/extern/fArgParse/extern/gFTL-shared/src/v1/CMakeFiles/gftl-shared-v1.dir/depend.internal".
Dependee "extern/fArgParse/extern/gFTL-shared/extern/gFTL/include/v1/templates/value_template_macros.inc" is newer than depends file "/users/olsentim/Projects/neko-top/external/pfunit/build/extern/fArgParse/extern/gFTL-shared/src/v1/CMakeFiles/gftl-shared-v1.dir/depend.internal".
Dependee "extern/fArgParse/extern/gFTL-shared/extern/gFTL/include/v1/templates/value_template_macros_undefs.inc" is newer than depends file "/users/olsentim/Projects/neko-top/external/pfunit/build/extern/fArgParse/extern/gFTL-shared/src/v1/CMakeFiles/gftl-shared-v1.dir/depend.internal".
Dependee "extern/fArgParse/extern/gFTL-shared/extern/gFTL/include/v1/templates/value_use_tokens_undef.inc" is newer than depends file "/users/olsentim/Projects/neko-top/external/pfunit/build/extern/fArgParse/extern/gFTL-shared/src/v1/CMakeFiles/gftl-shared-v1.dir/depend.internal".
Dependee "extern/fArgParse/extern/gFTL-shared/extern/gFTL/include/v1/templates/key_macros_undefs.inc" is newer than depends file "/users/olsentim/Projects/neko-top/external/pfunit/build/extern/fArgParse/extern/gFTL-shared/src/v1/CMakeFiles/gftl-shared-v1.dir/depend.internal".
Dependee "extern/fArgParse/extern/gFTL-shared/extern/gFTL/include/v1/templates/key_set_use_tokens.inc" is newer than depends file "/users/olsentim/Projects/neko-top/external/pfunit/build/extern/fArgParse/extern/gFTL-shared/src/v1/CMakeFiles/gftl-shared-v1.dir/depend.internal".
Dependee "extern/fArgParse/extern/gFTL-shared/extern/gFTL/include/v1/templates/key_template_macros.inc" is newer than depends file "/users/olsentim/Projects/neko-top/external/pfunit/build/extern/fArgParse/extern/gFTL-shared/src/v1/CMakeFiles/gftl-shared-v1.dir/depend.internal".
Dependee "extern/fArgParse/extern/gFTL-shared/extern/gFTL/include/v1/templates/key_template_macros_undefs.inc" is newer than depends file "/users/olsentim/Projects/neko-top/external/pfunit/build/extern/fArgParse/extern/gFTL-shared/src/v1/CMakeFiles/gftl-shared-v1.dir/depend.internal".
Dependee "extern/fArgParse/extern/gFTL-shared/extern/gFTL/include/v1/templates/key_use_tokens_undef.inc" is newer than depends file "/users/olsentim/Projects/neko-top/external/pfunit/build/extern/fArgParse/extern/gFTL-shared/src/v1/CMakeFiles/gftl-shared-v1.dir/depend.internal".
Dependee "extern/fArgParse/extern/gFTL-shared/extern/gFTL/include/v1/templates/type_macros_undefs.inc" is newer than depends file "/users/olsentim/Projects/neko-top/external/pfunit/build/extern/fArgParse/extern/gFTL-shared/src/v1/CMakeFiles/gftl-shared-v1.dir/depend.internal".
Dependee "extern/fArgParse/extern/gFTL-shared/extern/gFTL/include/v1/templates/type_set_use_tokens.inc" is newer than depends file "/users/olsentim/Projects/neko-top/external/pfunit/build/extern/fArgParse/extern/gFTL-shared/src/v1/CMakeFiles/gftl-shared-v1.dir/depend.internal".
Dependee "extern/fArgParse/extern/gFTL-shared/extern/gFTL/include/v1/templates/type_template_macros.inc" is newer than depends file "/users/olsentim/Projects/neko-top/external/pfunit/build/extern/fArgParse/extern/gFTL-shared/src/v1/CMakeFiles/gftl-shared-v1.dir/depend.internal".
Dependee "extern/fArgParse/extern/gFTL-shared/extern/gFTL/include/v1/templates/type_template_macros_undefs.inc" is newer than depends file "/users/olsentim/Projects/neko-top/external/pfunit/build/extern/fArgParse/extern/gFTL-shared/src/v1/CMakeFiles/gftl-shared-v1.dir/depend.internal".
Dependee "extern/fArgParse/extern/gFTL-shared/extern/gFTL/include/v1/templates/type_use_tokens_undef.inc" is newer than depends file "/users/olsentim/Projects/neko-top/external/pfunit/build/extern/fArgParse/extern/gFTL-shared/src/v1/CMakeFiles/gftl-shared-v1.dir/depend.internal".
Dependee "extern/fArgParse/extern/gFTL-shared/extern/gFTL/include/v1/templates/value_macros_undefs.inc" is newer than depends file "/users/olsentim/Projects/neko-top/external/pfunit/build/extern/fArgParse/extern/gFTL-shared/src/v1/CMakeFiles/gftl-shared-v1.dir/depend.internal".
Dependee "extern/fArgParse/extern/gFTL-shared/extern/gFTL/include/v1/templates/value_set_use_tokens.inc" is newer than depends file "/users/olsentim/Projects/neko-top/external/pfunit/build/extern/fArgParse/extern/gFTL-shared/src/v1/CMakeFiles/gftl-shared-v1.dir/depend.internal".
Dependee "extern/fArgParse/extern/gFTL-shared/extern/gFTL/include/v1/templates/value_template_macros.inc" is newer than depends file "/users/olsentim/Projects/neko-top/external/pfunit/build/extern/fArgParse/extern/gFTL-shared/src/v1/CMakeFiles/gftl-shared-v1.dir/depend.internal".
Dependee "extern/fArgParse/extern/gFTL-shared/extern/gFTL/include/v1/templates/value_template_macros_undefs.inc" is newer than depends file "/users/olsentim/Projects/neko-top/external/pfunit/build/extern/fArgParse/extern/gFTL-shared/src/v1/CMakeFiles/gftl-shared-v1.dir/depend.internal".
Dependee "extern/fArgParse/extern/gFTL-shared/extern/gFTL/include/v1/templates/value_use_tokens_undef.inc" is newer than depends file "/users/olsentim/Projects/neko-top/external/pfunit/build/extern/fArgParse/extern/gFTL-shared/src/v1/CMakeFiles/gftl-shared-v1.dir/depend.internal".
Dependee "extern/fArgParse/extern/gFTL-shared/extern/gFTL/include/v1/templates/key_macros_undefs.inc" is newer than depends file "/users/olsentim/Projects/neko-top/external/pfunit/build/extern/fArgParse/extern/gFTL-shared/src/v1/CMakeFiles/gftl-shared-v1.dir/depend.internal".
Dependee "extern/fArgParse/extern/gFTL-shared/extern/gFTL/include/v1/templates/key_set_use_tokens.inc" is newer than depends file "/users/olsentim/Projects/neko-top/external/pfunit/build/extern/fArgParse/extern/gFTL-shared/src/v1/CMakeFiles/gftl-shared-v1.dir/depend.internal".
Dependee "extern/fArgParse/extern/gFTL-shared/extern/gFTL/include/v1/templates/key_template_macros.inc" is newer than depends file "/users/olsentim/Projects/neko-top/external/pfunit/build/extern/fArgParse/extern/gFTL-shared/src/v1/CMakeFiles/gftl-shared-v1.dir/depend.internal".
Dependee "extern/fArgParse/extern/gFTL-shared/extern/gFTL/include/v1/templates/key_template_macros_undefs.inc" is newer than depends file "/users/olsentim/Projects/neko-top/external/pfunit/build/extern/fArgParse/extern/gFTL-shared/src/v1/CMakeFiles/gftl-shared-v1.dir/depend.internal".
Dependee "extern/fArgParse/extern/gFTL-shared/extern/gFTL/include/v1/templates/key_use_tokens_undef.inc" is newer than depends file "/users/olsentim/Projects/neko-top/external/pfunit/build/extern/fArgParse/extern/gFTL-shared/src/v1/CMakeFiles/gftl-shared-v1.dir/depend.internal".
Dependee "extern/fArgParse/extern/gFTL-shared/extern/gFTL/include/v1/templates/type_macros_undefs.inc" is newer than depends file "/users/olsentim/Projects/neko-top/external/pfunit/build/extern/fArgParse/extern/gFTL-shared/src/v1/CMakeFiles/gftl-shared-v1.dir/depend.internal".
Dependee "extern/fArgParse/extern/gFTL-shared/extern/gFTL/include/v1/templates/type_set_use_tokens.inc" is newer than depends file "/users/olsentim/Projects/neko-top/external/pfunit/build/extern/fArgParse/extern/gFTL-shared/src/v1/CMakeFiles/gftl-shared-v1.dir/depend.internal".
Dependee "extern/fArgParse/extern/gFTL-shared/extern/gFTL/include/v1/templates/type_template_macros.inc" is newer than depends file "/users/olsentim/Projects/neko-top/external/pfunit/build/extern/fArgParse/extern/gFTL-shared/src/v1/CMakeFiles/gftl-shared-v1.dir/depend.internal".
Dependee "extern/fArgParse/extern/gFTL-shared/extern/gFTL/include/v1/templates/type_template_macros_undefs.inc" is newer than depends file "/users/olsentim/Projects/neko-top/external/pfunit/build/extern/fArgParse/extern/gFTL-shared/src/v1/CMakeFiles/gftl-shared-v1.dir/depend.internal".
Dependee "extern/fArgParse/extern/gFTL-shared/extern/gFTL/include/v1/templates/type_use_tokens_undef.inc" is newer than depends file "/users/olsentim/Projects/neko-top/external/pfunit/build/extern/fArgParse/extern/gFTL-shared/src/v1/CMakeFiles/gftl-shared-v1.dir/depend.internal".
Dependee "extern/fArgParse/extern/gFTL-shared/extern/gFTL/include/v1/templates/value_macros_undefs.inc" is newer than depends file "/users/olsentim/Projects/neko-top/external/pfunit/build/extern/fArgParse/extern/gFTL-shared/src/v1/CMakeFiles/gftl-shared-v1.dir/depend.internal".
Dependee "extern/fArgParse/extern/gFTL-shared/extern/gFTL/include/v1/templates/value_set_use_tokens.inc" is newer than depends file "/users/olsentim/Projects/neko-top/external/pfunit/build/extern/fArgParse/extern/gFTL-shared/src/v1/CMakeFiles/gftl-shared-v1.dir/depend.internal".
Dependee "extern/fArgParse/extern/gFTL-shared/extern/gFTL/include/v1/templates/value_template_macros.inc" is newer than depends file "/users/olsentim/Projects/neko-top/external/pfunit/build/extern/fArgParse/extern/gFTL-shared/src/v1/CMakeFiles/gftl-shared-v1.dir/depend.internal".
Dependee "extern/fArgParse/extern/gFTL-shared/extern/gFTL/include/v1/templates/value_template_macros_undefs.inc" is newer than depends file "/users/olsentim/Projects/neko-top/external/pfunit/build/extern/fArgParse/extern/gFTL-shared/src/v1/CMakeFiles/gftl-shared-v1.dir/depend.internal".
Dependee "extern/fArgParse/extern/gFTL-shared/extern/gFTL/include/v1/templates/value_use_tokens_undef.inc" is newer than depends file "/users/olsentim/Projects/neko-top/external/pfunit/build/extern/fArgParse/extern/gFTL-shared/src/v1/CMakeFiles/gftl-shared-v1.dir/depend.internal".
Dependee "extern/fArgParse/extern/gFTL-shared/extern/gFTL/include/v1/templates/key_macros_undefs.inc" is newer than depends file "/users/olsentim/Projects/neko-top/external/pfunit/build/extern/fArgParse/extern/gFTL-shared/src/v1/CMakeFiles/gftl-shared-v1.dir/depend.internal".
Dependee "extern/fArgParse/extern/gFTL-shared/extern/gFTL/include/v1/templates/key_set_use_tokens.inc" is newer than depends file "/users/olsentim/Projects/neko-top/external/pfunit/build/extern/fArgParse/extern/gFTL-shared/src/v1/CMakeFiles/gftl-shared-v1.dir/depend.internal".
Dependee "extern/fArgParse/extern/gFTL-shared/extern/gFTL/include/v1/templates/key_template_macros.inc" is newer than depends file "/users/olsentim/Projects/neko-top/external/pfunit/build/extern/fArgParse/extern/gFTL-shared/src/v1/CMakeFiles/gftl-shared-v1.dir/depend.internal".
Dependee "extern/fArgParse/extern/gFTL-shared/extern/gFTL/include/v1/templates/key_template_macros_undefs.inc" is newer than depends file "/users/olsentim/Projects/neko-top/external/pfunit/build/extern/fArgParse/extern/gFTL-shared/src/v1/CMakeFiles/gftl-shared-v1.dir/depend.internal".
Dependee "extern/fArgParse/extern/gFTL-shared/extern/gFTL/include/v1/templates/key_use_tokens_undef.inc" is newer than depends file "/users/olsentim/Projects/neko-top/external/pfunit/build/extern/fArgParse/extern/gFTL-shared/src/v1/CMakeFiles/gftl-shared-v1.dir/depend.internal".
Dependee "extern/fArgParse/extern/gFTL-shared/extern/gFTL/include/v1/templates/type_macros_undefs.inc" is newer than depends file "/users/olsentim/Projects/neko-top/external/pfunit/build/extern/fArgParse/extern/gFTL-shared/src/v1/CMakeFiles/gftl-shared-v1.dir/depend.internal".
Dependee "extern/fArgParse/extern/gFTL-shared/extern/gFTL/include/v1/templates/type_set_use_tokens.inc" is newer than depends file "/users/olsentim/Projects/neko-top/external/pfunit/build/extern/fArgParse/extern/gFTL-shared/src/v1/CMakeFiles/gftl-shared-v1.dir/depend.internal".
Dependee "extern/fArgParse/extern/gFTL-shared/extern/gFTL/include/v1/templates/type_template_macros.inc" is newer than depends file "/users/olsentim/Projects/neko-top/external/pfunit/build/extern/fArgParse/extern/gFTL-shared/src/v1/CMakeFiles/gftl-shared-v1.dir/depend.internal".
Dependee "extern/fArgParse/extern/gFTL-shared/extern/gFTL/include/v1/templates/type_template_macros_undefs.inc" is newer than depends file "/users/olsentim/Projects/neko-top/external/pfunit/build/extern/fArgParse/extern/gFTL-shared/src/v1/CMakeFiles/gftl-shared-v1.dir/depend.internal".
Dependee "extern/fArgParse/extern/gFTL-shared/extern/gFTL/include/v1/templates/type_use_tokens_undef.inc" is newer than depends file "/users/olsentim/Projects/neko-top/external/pfunit/build/extern/fArgParse/extern/gFTL-shared/src/v1/CMakeFiles/gftl-shared-v1.dir/depend.internal".
Dependee "extern/fArgParse/extern/gFTL-shared/extern/gFTL/include/v1/templates/value_macros_undefs.inc" is newer than depends file "/users/olsentim/Projects/neko-top/external/pfunit/build/extern/fArgParse/extern/gFTL-shared/src/v1/CMakeFiles/gftl-shared-v1.dir/depend.internal".
Dependee "extern/fArgParse/extern/gFTL-shared/extern/gFTL/include/v1/templates/value_set_use_tokens.inc" is newer than depends file "/users/olsentim/Projects/neko-top/external/pfunit/build/extern/fArgParse/extern/gFTL-shared/src/v1/CMakeFiles/gftl-shared-v1.dir/depend.internal".
Dependee "extern/fArgParse/extern/gFTL-shared/extern/gFTL/include/v1/templates/value_template_macros.inc" is newer than depends file "/users/olsentim/Projects/neko-top/external/pfunit/build/extern/fArgParse/extern/gFTL-shared/src/v1/CMakeFiles/gftl-shared-v1.dir/depend.internal".
Dependee "extern/fArgParse/extern/gFTL-shared/extern/gFTL/include/v1/templates/value_template_macros_undefs.inc" is newer than depends file "/users/olsentim/Projects/neko-top/external/pfunit/build/extern/fArgParse/extern/gFTL-shared/src/v1/CMakeFiles/gftl-shared-v1.dir/depend.internal".
Dependee "extern/fArgParse/extern/gFTL-shared/extern/gFTL/include/v1/templates/value_use_tokens_undef.inc" is newer than depends file "/users/olsentim/Projects/neko-top/external/pfunit/build/extern/fArgParse/extern/gFTL-shared/src/v1/CMakeFiles/gftl-shared-v1.dir/depend.internal".
Dependee "extern/fArgParse/extern/gFTL-shared/extern/gFTL/include/v1/templates/key_macros_undefs.inc" is newer than depends file "/users/olsentim/Projects/neko-top/external/pfunit/build/extern/fArgParse/extern/gFTL-shared/src/v1/CMakeFiles/gftl-shared-v1.dir/depend.internal".
Dependee "extern/fArgParse/extern/gFTL-shared/extern/gFTL/include/v1/templates/key_set_use_tokens.inc" is newer than depends file "/users/olsentim/Projects/neko-top/external/pfunit/build/extern/fArgParse/extern/gFTL-shared/src/v1/CMakeFiles/gftl-shared-v1.dir/depend.internal".
Dependee "extern/fArgParse/extern/gFTL-shared/extern/gFTL/include/v1/templates/key_template_macros.inc" is newer than depends file "/users/olsentim/Projects/neko-top/external/pfunit/build/extern/fArgParse/extern/gFTL-shared/src/v1/CMakeFiles/gftl-shared-v1.dir/depend.internal".
Dependee "extern/fArgParse/extern/gFTL-shared/extern/gFTL/include/v1/templates/key_template_macros_undefs.inc" is newer than depends file "/users/olsentim/Projects/neko-top/external/pfunit/build/extern/fArgParse/extern/gFTL-shared/src/v1/CMakeFiles/gftl-shared-v1.dir/depend.internal".
Dependee "extern/fArgParse/extern/gFTL-shared/extern/gFTL/include/v1/templates/key_use_tokens_undef.inc" is newer than depends file "/users/olsentim/Projects/neko-top/external/pfunit/build/extern/fArgParse/extern/gFTL-shared/src/v1/CMakeFiles/gftl-shared-v1.dir/depend.internal".
Dependee "extern/fArgParse/extern/gFTL-shared/extern/gFTL/include/v1/templates/type_macros_undefs.inc" is newer than depends file "/users/olsentim/Projects/neko-top/external/pfunit/build/extern/fArgParse/extern/gFTL-shared/src/v1/CMakeFiles/gftl-shared-v1.dir/depend.internal".
Dependee "extern/fArgParse/extern/gFTL-shared/extern/gFTL/include/v1/templates/type_set_use_tokens.inc" is newer than depends file "/users/olsentim/Projects/neko-top/external/pfunit/build/extern/fArgParse/extern/gFTL-shared/src/v1/CMakeFiles/gftl-shared-v1.dir/depend.internal".
Dependee "extern/fArgParse/extern/gFTL-shared/extern/gFTL/include/v1/templates/type_template_macros.inc" is newer than depends file "/users/olsentim/Projects/neko-top/external/pfunit/build/extern/fArgParse/extern/gFTL-shared/src/v1/CMakeFiles/gftl-shared-v1.dir/depend.internal".
Dependee "extern/fArgParse/extern/gFTL-shared/extern/gFTL/include/v1/templates/type_template_macros_undefs.inc" is newer than depends file "/users/olsentim/Projects/neko-top/external/pfunit/build/extern/fArgParse/extern/gFTL-shared/src/v1/CMakeFiles/gftl-shared-v1.dir/depend.internal".
Dependee "extern/fArgParse/extern/gFTL-shared/extern/gFTL/include/v1/templates/type_use_tokens_undef.inc" is newer than depends file "/users/olsentim/Projects/neko-top/external/pfunit/build/extern/fArgParse/extern/gFTL-shared/src/v1/CMakeFiles/gftl-shared-v1.dir/depend.internal".
Dependee "extern/fArgParse/extern/gFTL-shared/extern/gFTL/include/v1/templates/value_macros_undefs.inc" is newer than depends file "/users/olsentim/Projects/neko-top/external/pfunit/build/extern/fArgParse/extern/gFTL-shared/src/v1/CMakeFiles/gftl-shared-v1.dir/depend.internal".
Dependee "extern/fArgParse/extern/gFTL-shared/extern/gFTL/include/v1/templates/value_set_use_tokens.inc" is newer than depends file "/users/olsentim/Projects/neko-top/external/pfunit/build/extern/fArgParse/extern/gFTL-shared/src/v1/CMakeFiles/gftl-shared-v1.dir/depend.internal".
Dependee "extern/fArgParse/extern/gFTL-shared/extern/gFTL/include/v1/templates/value_template_macros.inc" is newer than depends file "/users/olsentim/Projects/neko-top/external/pfunit/build/extern/fArgParse/extern/gFTL-shared/src/v1/CMakeFiles/gftl-shared-v1.dir/depend.internal".
Dependee "extern/fArgParse/extern/gFTL-shared/extern/gFTL/include/v1/templates/value_template_macros_undefs.inc" is newer than depends file "/users/olsentim/Projects/neko-top/external/pfunit/build/extern/fArgParse/extern/gFTL-shared/src/v1/CMakeFiles/gftl-shared-v1.dir/depend.internal".
Dependee "extern/fArgParse/extern/gFTL-shared/extern/gFTL/include/v1/templates/value_use_tokens_undef.inc" is newer than depends file "/users/olsentim/Projects/neko-top/external/pfunit/build/extern/fArgParse/extern/gFTL-shared/src/v1/CMakeFiles/gftl-shared-v1.dir/depend.internal".
Dependee "extern/fArgParse/extern/gFTL-shared/extern/gFTL/include/v1/templates/key_macros_undefs.inc" is newer than depends file "/users/olsentim/Projects/neko-top/external/pfunit/build/extern/fArgParse/extern/gFTL-shared/src/v1/CMakeFiles/gftl-shared-v1.dir/depend.internal".
Dependee "extern/fArgParse/extern/gFTL-shared/extern/gFTL/include/v1/templates/key_set_use_tokens.inc" is newer than depends file "/users/olsentim/Projects/neko-top/external/pfunit/build/extern/fArgParse/extern/gFTL-shared/src/v1/CMakeFiles/gftl-shared-v1.dir/depend.internal".
Dependee "extern/fArgParse/extern/gFTL-shared/extern/gFTL/include/v1/templates/key_template_macros.inc" is newer than depends file "/users/olsentim/Projects/neko-top/external/pfunit/build/extern/fArgParse/extern/gFTL-shared/src/v1/CMakeFiles/gftl-shared-v1.dir/depend.internal".
Dependee "extern/fArgParse/extern/gFTL-shared/extern/gFTL/include/v1/templates/key_template_macros_undefs.inc" is newer than depends file "/users/olsentim/Projects/neko-top/external/pfunit/build/extern/fArgParse/extern/gFTL-shared/src/v1/CMakeFiles/gftl-shared-v1.dir/depend.internal".
Dependee "extern/fArgParse/extern/gFTL-shared/extern/gFTL/include/v1/templates/key_use_tokens_undef.inc" is newer than depends file "/users/olsentim/Projects/neko-top/external/pfunit/build/extern/fArgParse/extern/gFTL-shared/src/v1/CMakeFiles/gftl-shared-v1.dir/depend.internal".
Dependee "extern/fArgParse/extern/gFTL-shared/extern/gFTL/include/v1/templates/type_macros_undefs.inc" is newer than depends file "/users/olsentim/Projects/neko-top/external/pfunit/build/extern/fArgParse/extern/gFTL-shared/src/v1/CMakeFiles/gftl-shared-v1.dir/depend.internal".
Dependee "extern/fArgParse/extern/gFTL-shared/extern/gFTL/include/v1/templates/type_set_use_tokens.inc" is newer than depends file "/users/olsentim/Projects/neko-top/external/pfunit/build/extern/fArgParse/extern/gFTL-shared/src/v1/CMakeFiles/gftl-shared-v1.dir/depend.internal".
Dependee "extern/fArgParse/extern/gFTL-shared/extern/gFTL/include/v1/templates/type_template_macros.inc" is newer than depends file "/users/olsentim/Projects/neko-top/external/pfunit/build/extern/fArgParse/extern/gFTL-shared/src/v1/CMakeFiles/gftl-shared-v1.dir/depend.internal".
Dependee "extern/fArgParse/extern/gFTL-shared/extern/gFTL/include/v1/templates/type_template_macros_undefs.inc" is newer than depends file "/users/olsentim/Projects/neko-top/external/pfunit/build/extern/fArgParse/extern/gFTL-shared/src/v1/CMakeFiles/gftl-shared-v1.dir/depend.internal".
Dependee "extern/fArgParse/extern/gFTL-shared/extern/gFTL/include/v1/templates/type_use_tokens_undef.inc" is newer than depends file "/users/olsentim/Projects/neko-top/external/pfunit/build/extern/fArgParse/extern/gFTL-shared/src/v1/CMakeFiles/gftl-shared-v1.dir/depend.internal".
Dependee "extern/fArgParse/extern/gFTL-shared/extern/gFTL/include/v1/templates/value_macros_undefs.inc" is newer than depends file "/users/olsentim/Projects/neko-top/external/pfunit/build/extern/fArgParse/extern/gFTL-shared/src/v1/CMakeFiles/gftl-shared-v1.dir/depend.internal".
Dependee "extern/fArgParse/extern/gFTL-shared/extern/gFTL/include/v1/templates/value_set_use_tokens.inc" is newer than depends file "/users/olsentim/Projects/neko-top/external/pfunit/build/extern/fArgParse/extern/gFTL-shared/src/v1/CMakeFiles/gftl-shared-v1.dir/depend.internal".
Dependee "extern/fArgParse/extern/gFTL-shared/extern/gFTL/include/v1/templates/value_template_macros.inc" is newer than depends file "/users/olsentim/Projects/neko-top/external/pfunit/build/extern/fArgParse/extern/gFTL-shared/src/v1/CMakeFiles/gftl-shared-v1.dir/depend.internal".
Dependee "extern/fArgParse/extern/gFTL-shared/extern/gFTL/include/v1/templates/value_template_macros_undefs.inc" is newer than depends file "/users/olsentim/Projects/neko-top/external/pfunit/build/extern/fArgParse/extern/gFTL-shared/src/v1/CMakeFiles/gftl-shared-v1.dir/depend.internal".
Dependee "extern/fArgParse/extern/gFTL-shared/extern/gFTL/include/v1/templates/value_use_tokens_undef.inc" is newer than depends file "/users/olsentim/Projects/neko-top/external/pfunit/build/extern/fArgParse/extern/gFTL-shared/src/v1/CMakeFiles/gftl-shared-v1.dir/depend.internal".
Dependee "extern/fArgParse/extern/gFTL-shared/extern/gFTL/include/v1/types/value_deferredLengthString.inc" is newer than depends file "/users/olsentim/Projects/neko-top/external/pfunit/build/extern/fArgParse/extern/gFTL-shared/src/v1/CMakeFiles/gftl-shared-v1.dir/depend.internal".
Dependee "extern/fArgParse/extern/gFTL-shared/extern/gFTL/include/v1/templates/key_macros_undefs.inc" is newer than depends file "/users/olsentim/Projects/neko-top/external/pfunit/build/extern/fArgParse/extern/gFTL-shared/src/v1/CMakeFiles/gftl-shared-v1.dir/depend.internal".
Dependee "extern/fArgParse/extern/gFTL-shared/extern/gFTL/include/v1/templates/key_set_use_tokens.inc" is newer than depends file "/users/olsentim/Projects/neko-top/external/pfunit/build/extern/fArgParse/extern/gFTL-shared/src/v1/CMakeFiles/gftl-shared-v1.dir/depend.internal".
Dependee "extern/fArgParse/extern/gFTL-shared/extern/gFTL/include/v1/templates/key_template_macros.inc" is newer than depends file "/users/olsentim/Projects/neko-top/external/pfunit/build/extern/fArgParse/extern/gFTL-shared/src/v1/CMakeFiles/gftl-shared-v1.dir/depend.internal".
Dependee "extern/fArgParse/extern/gFTL-shared/extern/gFTL/include/v1/templates/key_template_macros_undefs.inc" is newer than depends file "/users/olsentim/Projects/neko-top/external/pfunit/build/extern/fArgParse/extern/gFTL-shared/src/v1/CMakeFiles/gftl-shared-v1.dir/depend.internal".
Dependee "extern/fArgParse/extern/gFTL-shared/extern/gFTL/include/v1/templates/key_use_tokens_undef.inc" is newer than depends file "/users/olsentim/Projects/neko-top/external/pfunit/build/extern/fArgParse/extern/gFTL-shared/src/v1/CMakeFiles/gftl-shared-v1.dir/depend.internal".
Dependee "extern/fArgParse/extern/gFTL-shared/extern/gFTL/include/v1/templates/type_macros_undefs.inc" is newer than depends file "/users/olsentim/Projects/neko-top/external/pfunit/build/extern/fArgParse/extern/gFTL-shared/src/v1/CMakeFiles/gftl-shared-v1.dir/depend.internal".
Dependee "extern/fArgParse/extern/gFTL-shared/extern/gFTL/include/v1/templates/type_set_use_tokens.inc" is newer than depends file "/users/olsentim/Projects/neko-top/external/pfunit/build/extern/fArgParse/extern/gFTL-shared/src/v1/CMakeFiles/gftl-shared-v1.dir/depend.internal".
Dependee "extern/fArgParse/extern/gFTL-shared/extern/gFTL/include/v1/templates/type_template_macros.inc" is newer than depends file "/users/olsentim/Projects/neko-top/external/pfunit/build/extern/fArgParse/extern/gFTL-shared/src/v1/CMakeFiles/gftl-shared-v1.dir/depend.internal".
Dependee "extern/fArgParse/extern/gFTL-shared/extern/gFTL/include/v1/templates/type_template_macros_undefs.inc" is newer than depends file "/users/olsentim/Projects/neko-top/external/pfunit/build/extern/fArgParse/extern/gFTL-shared/src/v1/CMakeFiles/gftl-shared-v1.dir/depend.internal".
Dependee "extern/fArgParse/extern/gFTL-shared/extern/gFTL/include/v1/templates/type_use_tokens_undef.inc" is newer than depends file "/users/olsentim/Projects/neko-top/external/pfunit/build/extern/fArgParse/extern/gFTL-shared/src/v1/CMakeFiles/gftl-shared-v1.dir/depend.internal".
Dependee "extern/fArgParse/extern/gFTL-shared/extern/gFTL/include/v1/templates/value_macros_undefs.inc" is newer than depends file "/users/olsentim/Projects/neko-top/external/pfunit/build/extern/fArgParse/extern/gFTL-shared/src/v1/CMakeFiles/gftl-shared-v1.dir/depend.internal".
Dependee "extern/fArgParse/extern/gFTL-shared/extern/gFTL/include/v1/templates/value_set_use_tokens.inc" is newer than depends file "/users/olsentim/Projects/neko-top/external/pfunit/build/extern/fArgParse/extern/gFTL-shared/src/v1/CMakeFiles/gftl-shared-v1.dir/depend.internal".
Dependee "extern/fArgParse/extern/gFTL-shared/extern/gFTL/include/v1/templates/value_template_macros.inc" is newer than depends file "/users/olsentim/Projects/neko-top/external/pfunit/build/extern/fArgParse/extern/gFTL-shared/src/v1/CMakeFiles/gftl-shared-v1.dir/depend.internal".
Dependee "extern/fArgParse/extern/gFTL-shared/extern/gFTL/include/v1/templates/value_template_macros_undefs.inc" is newer than depends file "/users/olsentim/Projects/neko-top/external/pfunit/build/extern/fArgParse/extern/gFTL-shared/src/v1/CMakeFiles/gftl-shared-v1.dir/depend.internal".
Dependee "extern/fArgParse/extern/gFTL-shared/extern/gFTL/include/v1/templates/value_use_tokens_undef.inc" is newer than depends file "/users/olsentim/Projects/neko-top/external/pfunit/build/extern/fArgParse/extern/gFTL-shared/src/v1/CMakeFiles/gftl-shared-v1.dir/depend.internal".
Dependee "extern/fArgParse/extern/gFTL-shared/extern/gFTL/include/v1/types/value_unlimitedPoly.inc" is newer than depends file "/users/olsentim/Projects/neko-top/external/pfunit/build/extern/fArgParse/extern/gFTL-shared/src/v1/CMakeFiles/gftl-shared-v1.dir/depend.internal".
Dependee "extern/fArgParse/extern/gFTL-shared/extern/gFTL/include/v1/templates/key_macros_undefs.inc" is newer than depends file "/users/olsentim/Projects/neko-top/external/pfunit/build/extern/fArgParse/extern/gFTL-shared/src/v1/CMakeFiles/gftl-shared-v1.dir/depend.internal".
Dependee "extern/fArgParse/extern/gFTL-shared/extern/gFTL/include/v1/templates/key_template_macros.inc" is newer than depends file "/users/olsentim/Projects/neko-top/external/pfunit/build/extern/fArgParse/extern/gFTL-shared/src/v1/CMakeFiles/gftl-shared-v1.dir/depend.internal".
Dependee "extern/fArgParse/extern/gFTL-shared/extern/gFTL/include/v1/templates/key_template_macros_undefs.inc" is newer than depends file "/users/olsentim/Projects/neko-top/external/pfunit/build/extern/fArgParse/extern/gFTL-shared/src/v1/CMakeFiles/gftl-shared-v1.dir/depend.internal".
Dependee "extern/fArgParse/extern/gFTL-shared/extern/gFTL/include/v1/templates/type_macros_undefs.inc" is newer than depends file "/users/olsentim/Projects/neko-top/external/pfunit/build/extern/fArgParse/extern/gFTL-shared/src/v1/CMakeFiles/gftl-shared-v1.dir/depend.internal".
Dependee "extern/fArgParse/extern/gFTL-shared/extern/gFTL/include/v1/templates/type_set_use_tokens.inc" is newer than depends file "/users/olsentim/Projects/neko-top/external/pfunit/build/extern/fArgParse/extern/gFTL-shared/src/v1/CMakeFiles/gftl-shared-v1.dir/depend.internal".
Dependee "extern/fArgParse/extern/gFTL-shared/extern/gFTL/include/v1/templates/type_template_macros.inc" is newer than depends file "/users/olsentim/Projects/neko-top/external/pfunit/build/extern/fArgParse/extern/gFTL-shared/src/v1/CMakeFiles/gftl-shared-v1.dir/depend.internal".
Dependee "extern/fArgParse/extern/gFTL-shared/extern/gFTL/include/v1/templates/type_template_macros_undefs.inc" is newer than depends file "/users/olsentim/Projects/neko-top/external/pfunit/build/extern/fArgParse/extern/gFTL-shared/src/v1/CMakeFiles/gftl-shared-v1.dir/depend.internal".
Dependee "extern/fArgParse/extern/gFTL-shared/extern/gFTL/include/v1/templates/type_use_tokens_undef.inc" is newer than depends file "/users/olsentim/Projects/neko-top/external/pfunit/build/extern/fArgParse/extern/gFTL-shared/src/v1/CMakeFiles/gftl-shared-v1.dir/depend.internal".
Dependee "extern/fArgParse/extern/gFTL-shared/extern/gFTL/include/v1/templates/value_macros_undefs.inc" is newer than depends file "/users/olsentim/Projects/neko-top/external/pfunit/build/extern/fArgParse/extern/gFTL-shared/src/v1/CMakeFiles/gftl-shared-v1.dir/depend.internal".
Dependee "extern/fArgParse/extern/gFTL-shared/extern/gFTL/include/v1/templates/value_template_macros.inc" is newer than depends file "/users/olsentim/Projects/neko-top/external/pfunit/build/extern/fArgParse/extern/gFTL-shared/src/v1/CMakeFiles/gftl-shared-v1.dir/depend.internal".
Dependee "extern/fArgParse/extern/gFTL-shared/extern/gFTL/include/v1/templates/value_template_macros_undefs.inc" is newer than depends file "/users/olsentim/Projects/neko-top/external/pfunit/build/extern/fArgParse/extern/gFTL-shared/src/v1/CMakeFiles/gftl-shared-v1.dir/depend.internal".
Dependee "extern/fArgParse/extern/gFTL-shared/extern/gFTL/include/v1/templates/key_macros_undefs.inc" is newer than depends file "/users/olsentim/Projects/neko-top/external/pfunit/build/extern/fArgParse/extern/gFTL-shared/src/v1/CMakeFiles/gftl-shared-v1.dir/depend.internal".
Dependee "extern/fArgParse/extern/gFTL-shared/extern/gFTL/include/v1/templates/key_set_use_tokens.inc" is newer than depends file "/users/olsentim/Projects/neko-top/external/pfunit/build/extern/fArgParse/extern/gFTL-shared/src/v1/CMakeFiles/gftl-shared-v1.dir/depend.internal".
Dependee "extern/fArgParse/extern/gFTL-shared/extern/gFTL/include/v1/templates/key_template_macros.inc" is newer than depends file "/users/olsentim/Projects/neko-top/external/pfunit/build/extern/fArgParse/extern/gFTL-shared/src/v1/CMakeFiles/gftl-shared-v1.dir/depend.internal".
Dependee "extern/fArgParse/extern/gFTL-shared/extern/gFTL/include/v1/templates/key_template_macros_undefs.inc" is newer than depends file "/users/olsentim/Projects/neko-top/external/pfunit/build/extern/fArgParse/extern/gFTL-shared/src/v1/CMakeFiles/gftl-shared-v1.dir/depend.internal".
Dependee "extern/fArgParse/extern/gFTL-shared/extern/gFTL/include/v1/templates/key_use_tokens_undef.inc" is newer than depends file "/users/olsentim/Projects/neko-top/external/pfunit/build/extern/fArgParse/extern/gFTL-shared/src/v1/CMakeFiles/gftl-shared-v1.dir/depend.internal".
Dependee "extern/fArgParse/extern/gFTL-shared/extern/gFTL/include/v1/templates/type_macros_undefs.inc" is newer than depends file "/users/olsentim/Projects/neko-top/external/pfunit/build/extern/fArgParse/extern/gFTL-shared/src/v1/CMakeFiles/gftl-shared-v1.dir/depend.internal".
Dependee "extern/fArgParse/extern/gFTL-shared/extern/gFTL/include/v1/templates/type_set_use_tokens.inc" is newer than depends file "/users/olsentim/Projects/neko-top/external/pfunit/build/extern/fArgParse/extern/gFTL-shared/src/v1/CMakeFiles/gftl-shared-v1.dir/depend.internal".
Dependee "extern/fArgParse/extern/gFTL-shared/extern/gFTL/include/v1/templates/type_template_macros.inc" is newer than depends file "/users/olsentim/Projects/neko-top/external/pfunit/build/extern/fArgParse/extern/gFTL-shared/src/v1/CMakeFiles/gftl-shared-v1.dir/depend.internal".
Dependee "extern/fArgParse/extern/gFTL-shared/extern/gFTL/include/v1/templates/type_template_macros_undefs.inc" is newer than depends file "/users/olsentim/Projects/neko-top/external/pfunit/build/extern/fArgParse/extern/gFTL-shared/src/v1/CMakeFiles/gftl-shared-v1.dir/depend.internal".
Dependee "extern/fArgParse/extern/gFTL-shared/extern/gFTL/include/v1/templates/type_use_tokens_undef.inc" is newer than depends file "/users/olsentim/Projects/neko-top/external/pfunit/build/extern/fArgParse/extern/gFTL-shared/src/v1/CMakeFiles/gftl-shared-v1.dir/depend.internal".
Dependee "extern/fArgParse/extern/gFTL-shared/extern/gFTL/include/v1/templates/value_macros_undefs.inc" is newer than depends file "/users/olsentim/Projects/neko-top/external/pfunit/build/extern/fArgParse/extern/gFTL-shared/src/v1/CMakeFiles/gftl-shared-v1.dir/depend.internal".
Dependee "extern/fArgParse/extern/gFTL-shared/extern/gFTL/include/v1/templates/value_set_use_tokens.inc" is newer than depends file "/users/olsentim/Projects/neko-top/external/pfunit/build/extern/fArgParse/extern/gFTL-shared/src/v1/CMakeFiles/gftl-shared-v1.dir/depend.internal".
Dependee "extern/fArgParse/extern/gFTL-shared/extern/gFTL/include/v1/templates/value_template_macros.inc" is newer than depends file "/users/olsentim/Projects/neko-top/external/pfunit/build/extern/fArgParse/extern/gFTL-shared/src/v1/CMakeFiles/gftl-shared-v1.dir/depend.internal".
Dependee "extern/fArgParse/extern/gFTL-shared/extern/gFTL/include/v1/templates/value_template_macros_undefs.inc" is newer than depends file "/users/olsentim/Projects/neko-top/external/pfunit/build/extern/fArgParse/extern/gFTL-shared/src/v1/CMakeFiles/gftl-shared-v1.dir/depend.internal".
Dependee "extern/fArgParse/extern/gFTL-shared/extern/gFTL/include/v1/templates/value_use_tokens_undef.inc" is newer than depends file "/users/olsentim/Projects/neko-top/external/pfunit/build/extern/fArgParse/extern/gFTL-shared/src/v1/CMakeFiles/gftl-shared-v1.dir/depend.internal".
Dependee "extern/fArgParse/extern/gFTL-shared/extern/gFTL/include/v1/templates/key_macros_undefs.inc" is newer than depends file "/users/olsentim/Projects/neko-top/external/pfunit/build/extern/fArgParse/extern/gFTL-shared/src/v1/CMakeFiles/gftl-shared-v1.dir/depend.internal".
Dependee "extern/fArgParse/extern/gFTL-shared/extern/gFTL/include/v1/templates/key_set_use_tokens.inc" is newer than depends file "/users/olsentim/Projects/neko-top/external/pfunit/build/extern/fArgParse/extern/gFTL-shared/src/v1/CMakeFiles/gftl-shared-v1.dir/depend.internal".
Dependee "extern/fArgParse/extern/gFTL-shared/extern/gFTL/include/v1/templates/key_template_macros.inc" is newer than depends file "/users/olsentim/Projects/neko-top/external/pfunit/build/extern/fArgParse/extern/gFTL-shared/src/v1/CMakeFiles/gftl-shared-v1.dir/depend.internal".
Dependee "extern/fArgParse/extern/gFTL-shared/extern/gFTL/include/v1/templates/key_template_macros_undefs.inc" is newer than depends file "/users/olsentim/Projects/neko-top/external/pfunit/build/extern/fArgParse/extern/gFTL-shared/src/v1/CMakeFiles/gftl-shared-v1.dir/depend.internal".
Dependee "extern/fArgParse/extern/gFTL-shared/extern/gFTL/include/v1/templates/key_use_tokens_undef.inc" is newer than depends file "/users/olsentim/Projects/neko-top/external/pfunit/build/extern/fArgParse/extern/gFTL-shared/src/v1/CMakeFiles/gftl-shared-v1.dir/depend.internal".
Dependee "extern/fArgParse/extern/gFTL-shared/extern/gFTL/include/v1/templates/type_macros_undefs.inc" is newer than depends file "/users/olsentim/Projects/neko-top/external/pfunit/build/extern/fArgParse/extern/gFTL-shared/src/v1/CMakeFiles/gftl-shared-v1.dir/depend.internal".
Dependee "extern/fArgParse/extern/gFTL-shared/extern/gFTL/include/v1/templates/type_set_use_tokens.inc" is newer than depends file "/users/olsentim/Projects/neko-top/external/pfunit/build/extern/fArgParse/extern/gFTL-shared/src/v1/CMakeFiles/gftl-shared-v1.dir/depend.internal".
Dependee "extern/fArgParse/extern/gFTL-shared/extern/gFTL/include/v1/templates/type_template_macros.inc" is newer than depends file "/users/olsentim/Projects/neko-top/external/pfunit/build/extern/fArgParse/extern/gFTL-shared/src/v1/CMakeFiles/gftl-shared-v1.dir/depend.internal".
Dependee "extern/fArgParse/extern/gFTL-shared/extern/gFTL/include/v1/templates/type_template_macros_undefs.inc" is newer than depends file "/users/olsentim/Projects/neko-top/external/pfunit/build/extern/fArgParse/extern/gFTL-shared/src/v1/CMakeFiles/gftl-shared-v1.dir/depend.internal".
Dependee "extern/fArgParse/extern/gFTL-shared/extern/gFTL/include/v1/templates/type_use_tokens_undef.inc" is newer than depends file "/users/olsentim/Projects/neko-top/external/pfunit/build/extern/fArgParse/extern/gFTL-shared/src/v1/CMakeFiles/gftl-shared-v1.dir/depend.internal".
Dependee "extern/fArgParse/extern/gFTL-shared/extern/gFTL/include/v1/templates/value_macros_undefs.inc" is newer than depends file "/users/olsentim/Projects/neko-top/external/pfunit/build/extern/fArgParse/extern/gFTL-shared/src/v1/CMakeFiles/gftl-shared-v1.dir/depend.internal".
Dependee "extern/fArgParse/extern/gFTL-shared/extern/gFTL/include/v1/templates/value_set_use_tokens.inc" is newer than depends file "/users/olsentim/Projects/neko-top/external/pfunit/build/extern/fArgParse/extern/gFTL-shared/src/v1/CMakeFiles/gftl-shared-v1.dir/depend.internal".
Dependee "extern/fArgParse/extern/gFTL-shared/extern/gFTL/include/v1/templates/value_template_macros.inc" is newer than depends file "/users/olsentim/Projects/neko-top/external/pfunit/build/extern/fArgParse/extern/gFTL-shared/src/v1/CMakeFiles/gftl-shared-v1.dir/depend.internal".
Dependee "extern/fArgParse/extern/gFTL-shared/extern/gFTL/include/v1/templates/value_template_macros_undefs.inc" is newer than depends file "/users/olsentim/Projects/neko-top/external/pfunit/build/extern/fArgParse/extern/gFTL-shared/src/v1/CMakeFiles/gftl-shared-v1.dir/depend.internal".
Dependee "extern/fArgParse/extern/gFTL-shared/extern/gFTL/include/v1/templates/value_use_tokens_undef.inc" is newer than depends file "/users/olsentim/Projects/neko-top/external/pfunit/build/extern/fArgParse/extern/gFTL-shared/src/v1/CMakeFiles/gftl-shared-v1.dir/depend.internal".
Dependee "extern/fArgParse/extern/gFTL-shared/extern/gFTL/include/v1/templates/key_macros_undefs.inc" is newer than depends file "/users/olsentim/Projects/neko-top/external/pfunit/build/extern/fArgParse/extern/gFTL-shared/src/v1/CMakeFiles/gftl-shared-v1.dir/depend.internal".
Dependee "extern/fArgParse/extern/gFTL-shared/extern/gFTL/include/v1/templates/key_set_use_tokens.inc" is newer than depends file "/users/olsentim/Projects/neko-top/external/pfunit/build/extern/fArgParse/extern/gFTL-shared/src/v1/CMakeFiles/gftl-shared-v1.dir/depend.internal".
Dependee "extern/fArgParse/extern/gFTL-shared/extern/gFTL/include/v1/templates/key_template_macros.inc" is newer than depends file "/users/olsentim/Projects/neko-top/external/pfunit/build/extern/fArgParse/extern/gFTL-shared/src/v1/CMakeFiles/gftl-shared-v1.dir/depend.internal".
Dependee "extern/fArgParse/extern/gFTL-shared/extern/gFTL/include/v1/templates/key_template_macros_undefs.inc" is newer than depends file "/users/olsentim/Projects/neko-top/external/pfunit/build/extern/fArgParse/extern/gFTL-shared/src/v1/CMakeFiles/gftl-shared-v1.dir/depend.internal".
Dependee "extern/fArgParse/extern/gFTL-shared/extern/gFTL/include/v1/templates/key_use_tokens_undef.inc" is newer than depends file "/users/olsentim/Projects/neko-top/external/pfunit/build/extern/fArgParse/extern/gFTL-shared/src/v1/CMakeFiles/gftl-shared-v1.dir/depend.internal".
Dependee "extern/fArgParse/extern/gFTL-shared/extern/gFTL/include/v1/templates/type_macros_undefs.inc" is newer than depends file "/users/olsentim/Projects/neko-top/external/pfunit/build/extern/fArgParse/extern/gFTL-shared/src/v1/CMakeFiles/gftl-shared-v1.dir/depend.internal".
Dependee "extern/fArgParse/extern/gFTL-shared/extern/gFTL/include/v1/templates/type_set_use_tokens.inc" is newer than depends file "/users/olsentim/Projects/neko-top/external/pfunit/build/extern/fArgParse/extern/gFTL-shared/src/v1/CMakeFiles/gftl-shared-v1.dir/depend.internal".
Dependee "extern/fArgParse/extern/gFTL-shared/extern/gFTL/include/v1/templates/type_template_macros.inc" is newer than depends file "/users/olsentim/Projects/neko-top/external/pfunit/build/extern/fArgParse/extern/gFTL-shared/src/v1/CMakeFiles/gftl-shared-v1.dir/depend.internal".
Dependee "extern/fArgParse/extern/gFTL-shared/extern/gFTL/include/v1/templates/type_template_macros_undefs.inc" is newer than depends file "/users/olsentim/Projects/neko-top/external/pfunit/build/extern/fArgParse/extern/gFTL-shared/src/v1/CMakeFiles/gftl-shared-v1.dir/depend.internal".
Dependee "extern/fArgParse/extern/gFTL-shared/extern/gFTL/include/v1/templates/type_use_tokens_undef.inc" is newer than depends file "/users/olsentim/Projects/neko-top/external/pfunit/build/extern/fArgParse/extern/gFTL-shared/src/v1/CMakeFiles/gftl-shared-v1.dir/depend.internal".
Dependee "extern/fArgParse/extern/gFTL-shared/extern/gFTL/include/v1/templates/value_macros_undefs.inc" is newer than depends file "/users/olsentim/Projects/neko-top/external/pfunit/build/extern/fArgParse/extern/gFTL-shared/src/v1/CMakeFiles/gftl-shared-v1.dir/depend.internal".
Dependee "extern/fArgParse/extern/gFTL-shared/extern/gFTL/include/v1/templates/value_set_use_tokens.inc" is newer than depends file "/users/olsentim/Projects/neko-top/external/pfunit/build/extern/fArgParse/extern/gFTL-shared/src/v1/CMakeFiles/gftl-shared-v1.dir/depend.internal".
Dependee "extern/fArgParse/extern/gFTL-shared/extern/gFTL/include/v1/templates/value_template_macros.inc" is newer than depends file "/users/olsentim/Projects/neko-top/external/pfunit/build/extern/fArgParse/extern/gFTL-shared/src/v1/CMakeFiles/gftl-shared-v1.dir/depend.internal".
Dependee "extern/fArgParse/extern/gFTL-shared/extern/gFTL/include/v1/templates/value_template_macros_undefs.inc" is newer than depends file "/users/olsentim/Projects/neko-top/external/pfunit/build/extern/fArgParse/extern/gFTL-shared/src/v1/CMakeFiles/gftl-shared-v1.dir/depend.internal".
Dependee "extern/fArgParse/extern/gFTL-shared/extern/gFTL/include/v1/templates/value_use_tokens_undef.inc" is newer than depends file "/users/olsentim/Projects/neko-top/external/pfunit/build/extern/fArgParse/extern/gFTL-shared/src/v1/CMakeFiles/gftl-shared-v1.dir/depend.internal".
Dependee "extern/fArgParse/extern/gFTL-shared/extern/gFTL/include/v1/templates/key_macros_undefs.inc" is newer than depends file "/users/olsentim/Projects/neko-top/external/pfunit/build/extern/fArgParse/extern/gFTL-shared/src/v1/CMakeFiles/gftl-shared-v1.dir/depend.internal".
Dependee "extern/fArgParse/extern/gFTL-shared/extern/gFTL/include/v1/templates/key_set_use_tokens.inc" is newer than depends file "/users/olsentim/Projects/neko-top/external/pfunit/build/extern/fArgParse/extern/gFTL-shared/src/v1/CMakeFiles/gftl-shared-v1.dir/depend.internal".
Dependee "extern/fArgParse/extern/gFTL-shared/extern/gFTL/include/v1/templates/key_template_macros.inc" is newer than depends file "/users/olsentim/Projects/neko-top/external/pfunit/build/extern/fArgParse/extern/gFTL-shared/src/v1/CMakeFiles/gftl-shared-v1.dir/depend.internal".
Dependee "extern/fArgParse/extern/gFTL-shared/extern/gFTL/include/v1/templates/key_template_macros_undefs.inc" is newer than depends file "/users/olsentim/Projects/neko-top/external/pfunit/build/extern/fArgParse/extern/gFTL-shared/src/v1/CMakeFiles/gftl-shared-v1.dir/depend.internal".
Dependee "extern/fArgParse/extern/gFTL-shared/extern/gFTL/include/v1/templates/key_use_tokens_undef.inc" is newer than depends file "/users/olsentim/Projects/neko-top/external/pfunit/build/extern/fArgParse/extern/gFTL-shared/src/v1/CMakeFiles/gftl-shared-v1.dir/depend.internal".
Dependee "extern/fArgParse/extern/gFTL-shared/extern/gFTL/include/v1/templates/type_macros_undefs.inc" is newer than depends file "/users/olsentim/Projects/neko-top/external/pfunit/build/extern/fArgParse/extern/gFTL-shared/src/v1/CMakeFiles/gftl-shared-v1.dir/depend.internal".
Dependee "extern/fArgParse/extern/gFTL-shared/extern/gFTL/include/v1/templates/type_set_use_tokens.inc" is newer than depends file "/users/olsentim/Projects/neko-top/external/pfunit/build/extern/fArgParse/extern/gFTL-shared/src/v1/CMakeFiles/gftl-shared-v1.dir/depend.internal".
Dependee "extern/fArgParse/extern/gFTL-shared/extern/gFTL/include/v1/templates/type_template_macros.inc" is newer than depends file "/users/olsentim/Projects/neko-top/external/pfunit/build/extern/fArgParse/extern/gFTL-shared/src/v1/CMakeFiles/gftl-shared-v1.dir/depend.internal".
Dependee "extern/fArgParse/extern/gFTL-shared/extern/gFTL/include/v1/templates/type_template_macros_undefs.inc" is newer than depends file "/users/olsentim/Projects/neko-top/external/pfunit/build/extern/fArgParse/extern/gFTL-shared/src/v1/CMakeFiles/gftl-shared-v1.dir/depend.internal".
Dependee "extern/fArgParse/extern/gFTL-shared/extern/gFTL/include/v1/templates/type_use_tokens_undef.inc" is newer than depends file "/users/olsentim/Projects/neko-top/external/pfunit/build/extern/fArgParse/extern/gFTL-shared/src/v1/CMakeFiles/gftl-shared-v1.dir/depend.internal".
Dependee "extern/fArgParse/extern/gFTL-shared/extern/gFTL/include/v1/templates/value_macros_undefs.inc" is newer than depends file "/users/olsentim/Projects/neko-top/external/pfunit/build/extern/fArgParse/extern/gFTL-shared/src/v1/CMakeFiles/gftl-shared-v1.dir/depend.internal".
Dependee "extern/fArgParse/extern/gFTL-shared/extern/gFTL/include/v1/templates/value_set_use_tokens.inc" is newer than depends file "/users/olsentim/Projects/neko-top/external/pfunit/build/extern/fArgParse/extern/gFTL-shared/src/v1/CMakeFiles/gftl-shared-v1.dir/depend.internal".
Dependee "extern/fArgParse/extern/gFTL-shared/extern/gFTL/include/v1/templates/value_template_macros.inc" is newer than depends file "/users/olsentim/Projects/neko-top/external/pfunit/build/extern/fArgParse/extern/gFTL-shared/src/v1/CMakeFiles/gftl-shared-v1.dir/depend.internal".
Dependee "extern/fArgParse/extern/gFTL-shared/extern/gFTL/include/v1/templates/value_template_macros_undefs.inc" is newer than depends file "/users/olsentim/Projects/neko-top/external/pfunit/build/extern/fArgParse/extern/gFTL-shared/src/v1/CMakeFiles/gftl-shared-v1.dir/depend.internal".
Dependee "extern/fArgParse/extern/gFTL-shared/extern/gFTL/include/v1/templates/value_use_tokens_undef.inc" is newer than depends file "/users/olsentim/Projects/neko-top/external/pfunit/build/extern/fArgParse/extern/gFTL-shared/src/v1/CMakeFiles/gftl-shared-v1.dir/depend.internal".
Dependee "extern/fArgParse/extern/gFTL-shared/extern/gFTL/include/v1/templates/key_macros_undefs.inc" is newer than depends file "/users/olsentim/Projects/neko-top/external/pfunit/build/extern/fArgParse/extern/gFTL-shared/src/v1/CMakeFiles/gftl-shared-v1.dir/depend.internal".
Dependee "extern/fArgParse/extern/gFTL-shared/extern/gFTL/include/v1/templates/key_set_use_tokens.inc" is newer than depends file "/users/olsentim/Projects/neko-top/external/pfunit/build/extern/fArgParse/extern/gFTL-shared/src/v1/CMakeFiles/gftl-shared-v1.dir/depend.internal".
Dependee "extern/fArgParse/extern/gFTL-shared/extern/gFTL/include/v1/templates/key_template_macros.inc" is newer than depends file "/users/olsentim/Projects/neko-top/external/pfunit/build/extern/fArgParse/extern/gFTL-shared/src/v1/CMakeFiles/gftl-shared-v1.dir/depend.internal".
Dependee "extern/fArgParse/extern/gFTL-shared/extern/gFTL/include/v1/templates/key_template_macros_undefs.inc" is newer than depends file "/users/olsentim/Projects/neko-top/external/pfunit/build/extern/fArgParse/extern/gFTL-shared/src/v1/CMakeFiles/gftl-shared-v1.dir/depend.internal".
Dependee "extern/fArgParse/extern/gFTL-shared/extern/gFTL/include/v1/templates/key_use_tokens_undef.inc" is newer than depends file "/users/olsentim/Projects/neko-top/external/pfunit/build/extern/fArgParse/extern/gFTL-shared/src/v1/CMakeFiles/gftl-shared-v1.dir/depend.internal".
Dependee "extern/fArgParse/extern/gFTL-shared/extern/gFTL/include/v1/templates/type_macros_undefs.inc" is newer than depends file "/users/olsentim/Projects/neko-top/external/pfunit/build/extern/fArgParse/extern/gFTL-shared/src/v1/CMakeFiles/gftl-shared-v1.dir/depend.internal".
Dependee "extern/fArgParse/extern/gFTL-shared/extern/gFTL/include/v1/templates/type_set_use_tokens.inc" is newer than depends file "/users/olsentim/Projects/neko-top/external/pfunit/build/extern/fArgParse/extern/gFTL-shared/src/v1/CMakeFiles/gftl-shared-v1.dir/depend.internal".
Dependee "extern/fArgParse/extern/gFTL-shared/extern/gFTL/include/v1/templates/type_template_macros.inc" is newer than depends file "/users/olsentim/Projects/neko-top/external/pfunit/build/extern/fArgParse/extern/gFTL-shared/src/v1/CMakeFiles/gftl-shared-v1.dir/depend.internal".
Dependee "extern/fArgParse/extern/gFTL-shared/extern/gFTL/include/v1/templates/type_template_macros_undefs.inc" is newer than depends file "/users/olsentim/Projects/neko-top/external/pfunit/build/extern/fArgParse/extern/gFTL-shared/src/v1/CMakeFiles/gftl-shared-v1.dir/depend.internal".
Dependee "extern/fArgParse/extern/gFTL-shared/extern/gFTL/include/v1/templates/type_use_tokens_undef.inc" is newer than depends file "/users/olsentim/Projects/neko-top/external/pfunit/build/extern/fArgParse/extern/gFTL-shared/src/v1/CMakeFiles/gftl-shared-v1.dir/depend.internal".
Dependee "extern/fArgParse/extern/gFTL-shared/extern/gFTL/include/v1/templates/value_macros_undefs.inc" is newer than depends file "/users/olsentim/Projects/neko-top/external/pfunit/build/extern/fArgParse/extern/gFTL-shared/src/v1/CMakeFiles/gftl-shared-v1.dir/depend.internal".
Dependee "extern/fArgParse/extern/gFTL-shared/extern/gFTL/include/v1/templates/value_set_use_tokens.inc" is newer than depends file "/users/olsentim/Projects/neko-top/external/pfunit/build/extern/fArgParse/extern/gFTL-shared/src/v1/CMakeFiles/gftl-shared-v1.dir/depend.internal".
Dependee "extern/fArgParse/extern/gFTL-shared/extern/gFTL/include/v1/templates/value_template_macros.inc" is newer than depends file "/users/olsentim/Projects/neko-top/external/pfunit/build/extern/fArgParse/extern/gFTL-shared/src/v1/CMakeFiles/gftl-shared-v1.dir/depend.internal".
Dependee "extern/fArgParse/extern/gFTL-shared/extern/gFTL/include/v1/templates/value_template_macros_undefs.inc" is newer than depends file "/users/olsentim/Projects/neko-top/external/pfunit/build/extern/fArgParse/extern/gFTL-shared/src/v1/CMakeFiles/gftl-shared-v1.dir/depend.internal".
Dependee "extern/fArgParse/extern/gFTL-shared/extern/gFTL/include/v1/templates/value_use_tokens_undef.inc" is newer than depends file "/users/olsentim/Projects/neko-top/external/pfunit/build/extern/fArgParse/extern/gFTL-shared/src/v1/CMakeFiles/gftl-shared-v1.dir/depend.internal".
Dependee "extern/fArgParse/extern/gFTL-shared/extern/gFTL/include/v1/templates/key_macros_undefs.inc" is newer than depends file "/users/olsentim/Projects/neko-top/external/pfunit/build/extern/fArgParse/extern/gFTL-shared/src/v1/CMakeFiles/gftl-shared-v1.dir/depend.internal".
Dependee "extern/fArgParse/extern/gFTL-shared/extern/gFTL/include/v1/templates/key_set_use_tokens.inc" is newer than depends file "/users/olsentim/Projects/neko-top/external/pfunit/build/extern/fArgParse/extern/gFTL-shared/src/v1/CMakeFiles/gftl-shared-v1.dir/depend.internal".
Dependee "extern/fArgParse/extern/gFTL-shared/extern/gFTL/include/v1/templates/key_template_macros.inc" is newer than depends file "/users/olsentim/Projects/neko-top/external/pfunit/build/extern/fArgParse/extern/gFTL-shared/src/v1/CMakeFiles/gftl-shared-v1.dir/depend.internal".
Dependee "extern/fArgParse/extern/gFTL-shared/extern/gFTL/include/v1/templates/key_template_macros_undefs.inc" is newer than depends file "/users/olsentim/Projects/neko-top/external/pfunit/build/extern/fArgParse/extern/gFTL-shared/src/v1/CMakeFiles/gftl-shared-v1.dir/depend.internal".
Dependee "extern/fArgParse/extern/gFTL-shared/extern/gFTL/include/v1/templates/key_use_tokens_undef.inc" is newer than depends file "/users/olsentim/Projects/neko-top/external/pfunit/build/extern/fArgParse/extern/gFTL-shared/src/v1/CMakeFiles/gftl-shared-v1.dir/depend.internal".
Dependee "extern/fArgParse/extern/gFTL-shared/extern/gFTL/include/v1/templates/type_macros_undefs.inc" is newer than depends file "/users/olsentim/Projects/neko-top/external/pfunit/build/extern/fArgParse/extern/gFTL-shared/src/v1/CMakeFiles/gftl-shared-v1.dir/depend.internal".
Dependee "extern/fArgParse/extern/gFTL-shared/extern/gFTL/include/v1/templates/type_set_use_tokens.inc" is newer than depends file "/users/olsentim/Projects/neko-top/external/pfunit/build/extern/fArgParse/extern/gFTL-shared/src/v1/CMakeFiles/gftl-shared-v1.dir/depend.internal".
Dependee "extern/fArgParse/extern/gFTL-shared/extern/gFTL/include/v1/templates/type_template_macros.inc" is newer than depends file "/users/olsentim/Projects/neko-top/external/pfunit/build/extern/fArgParse/extern/gFTL-shared/src/v1/CMakeFiles/gftl-shared-v1.dir/depend.internal".
Dependee "extern/fArgParse/extern/gFTL-shared/extern/gFTL/include/v1/templates/type_template_macros_undefs.inc" is newer than depends file "/users/olsentim/Projects/neko-top/external/pfunit/build/extern/fArgParse/extern/gFTL-shared/src/v1/CMakeFiles/gftl-shared-v1.dir/depend.internal".
Dependee "extern/fArgParse/extern/gFTL-shared/extern/gFTL/include/v1/templates/type_use_tokens_undef.inc" is newer than depends file "/users/olsentim/Projects/neko-top/external/pfunit/build/extern/fArgParse/extern/gFTL-shared/src/v1/CMakeFiles/gftl-shared-v1.dir/depend.internal".
Dependee "extern/fArgParse/extern/gFTL-shared/extern/gFTL/include/v1/templates/value_macros_undefs.inc" is newer than depends file "/users/olsentim/Projects/neko-top/external/pfunit/build/extern/fArgParse/extern/gFTL-shared/src/v1/CMakeFiles/gftl-shared-v1.dir/depend.internal".
Dependee "extern/fArgParse/extern/gFTL-shared/extern/gFTL/include/v1/templates/value_set_use_tokens.inc" is newer than depends file "/users/olsentim/Projects/neko-top/external/pfunit/build/extern/fArgParse/extern/gFTL-shared/src/v1/CMakeFiles/gftl-shared-v1.dir/depend.internal".
Dependee "extern/fArgParse/extern/gFTL-shared/extern/gFTL/include/v1/templates/value_template_macros.inc" is newer than depends file "/users/olsentim/Projects/neko-top/external/pfunit/build/extern/fArgParse/extern/gFTL-shared/src/v1/CMakeFiles/gftl-shared-v1.dir/depend.internal".
Dependee "extern/fArgParse/extern/gFTL-shared/extern/gFTL/include/v1/templates/value_template_macros_undefs.inc" is newer than depends file "/users/olsentim/Projects/neko-top/external/pfunit/build/extern/fArgParse/extern/gFTL-shared/src/v1/CMakeFiles/gftl-shared-v1.dir/depend.internal".
Dependee "extern/fArgParse/extern/gFTL-shared/extern/gFTL/include/v1/templates/value_use_tokens_undef.inc" is newer than depends file "/users/olsentim/Projects/neko-top/external/pfunit/build/extern/fArgParse/extern/gFTL-shared/src/v1/CMakeFiles/gftl-shared-v1.dir/depend.internal".
Dependee "extern/fArgParse/extern/gFTL-shared/extern/gFTL/include/v1/templates/key_macros_undefs.inc" is newer than depends file "/users/olsentim/Projects/neko-top/external/pfunit/build/extern/fArgParse/extern/gFTL-shared/src/v1/CMakeFiles/gftl-shared-v1.dir/depend.internal".
Dependee "extern/fArgParse/extern/gFTL-shared/extern/gFTL/include/v1/templates/key_set_use_tokens.inc" is newer than depends file "/users/olsentim/Projects/neko-top/external/pfunit/build/extern/fArgParse/extern/gFTL-shared/src/v1/CMakeFiles/gftl-shared-v1.dir/depend.internal".
Dependee "extern/fArgParse/extern/gFTL-shared/extern/gFTL/include/v1/templates/key_template_macros.inc" is newer than depends file "/users/olsentim/Projects/neko-top/external/pfunit/build/extern/fArgParse/extern/gFTL-shared/src/v1/CMakeFiles/gftl-shared-v1.dir/depend.internal".
Dependee "extern/fArgParse/extern/gFTL-shared/extern/gFTL/include/v1/templates/key_template_macros_undefs.inc" is newer than depends file "/users/olsentim/Projects/neko-top/external/pfunit/build/extern/fArgParse/extern/gFTL-shared/src/v1/CMakeFiles/gftl-shared-v1.dir/depend.internal".
Dependee "extern/fArgParse/extern/gFTL-shared/extern/gFTL/include/v1/templates/key_use_tokens_undef.inc" is newer than depends file "/users/olsentim/Projects/neko-top/external/pfunit/build/extern/fArgParse/extern/gFTL-shared/src/v1/CMakeFiles/gftl-shared-v1.dir/depend.internal".
Dependee "extern/fArgParse/extern/gFTL-shared/extern/gFTL/include/v1/templates/type_macros_undefs.inc" is newer than depends file "/users/olsentim/Projects/neko-top/external/pfunit/build/extern/fArgParse/extern/gFTL-shared/src/v1/CMakeFiles/gftl-shared-v1.dir/depend.internal".
Dependee "extern/fArgParse/extern/gFTL-shared/extern/gFTL/include/v1/templates/type_set_use_tokens.inc" is newer than depends file "/users/olsentim/Projects/neko-top/external/pfunit/build/extern/fArgParse/extern/gFTL-shared/src/v1/CMakeFiles/gftl-shared-v1.dir/depend.internal".
Dependee "extern/fArgParse/extern/gFTL-shared/extern/gFTL/include/v1/templates/type_template_macros.inc" is newer than depends file "/users/olsentim/Projects/neko-top/external/pfunit/build/extern/fArgParse/extern/gFTL-shared/src/v1/CMakeFiles/gftl-shared-v1.dir/depend.internal".
Dependee "extern/fArgParse/extern/gFTL-shared/extern/gFTL/include/v1/templates/type_template_macros_undefs.inc" is newer than depends file "/users/olsentim/Projects/neko-top/external/pfunit/build/extern/fArgParse/extern/gFTL-shared/src/v1/CMakeFiles/gftl-shared-v1.dir/depend.internal".
Dependee "extern/fArgParse/extern/gFTL-shared/extern/gFTL/include/v1/templates/type_use_tokens_undef.inc" is newer than depends file "/users/olsentim/Projects/neko-top/external/pfunit/build/extern/fArgParse/extern/gFTL-shared/src/v1/CMakeFiles/gftl-shared-v1.dir/depend.internal".
Dependee "extern/fArgParse/extern/gFTL-shared/extern/gFTL/include/v1/templates/value_macros_undefs.inc" is newer than depends file "/users/olsentim/Projects/neko-top/external/pfunit/build/extern/fArgParse/extern/gFTL-shared/src/v1/CMakeFiles/gftl-shared-v1.dir/depend.internal".
Dependee "extern/fArgParse/extern/gFTL-shared/extern/gFTL/include/v1/templates/value_set_use_tokens.inc" is newer than depends file "/users/olsentim/Projects/neko-top/external/pfunit/build/extern/fArgParse/extern/gFTL-shared/src/v1/CMakeFiles/gftl-shared-v1.dir/depend.internal".
Dependee "extern/fArgParse/extern/gFTL-shared/extern/gFTL/include/v1/templates/value_template_macros.inc" is newer than depends file "/users/olsentim/Projects/neko-top/external/pfunit/build/extern/fArgParse/extern/gFTL-shared/src/v1/CMakeFiles/gftl-shared-v1.dir/depend.internal".
Dependee "extern/fArgParse/extern/gFTL-shared/extern/gFTL/include/v1/templates/value_template_macros_undefs.inc" is newer than depends file "/users/olsentim/Projects/neko-top/external/pfunit/build/extern/fArgParse/extern/gFTL-shared/src/v1/CMakeFiles/gftl-shared-v1.dir/depend.internal".
Dependee "extern/fArgParse/extern/gFTL-shared/extern/gFTL/include/v1/templates/value_use_tokens_undef.inc" is newer than depends file "/users/olsentim/Projects/neko-top/external/pfunit/build/extern/fArgParse/extern/gFTL-shared/src/v1/CMakeFiles/gftl-shared-v1.dir/depend.internal".
Dependee "extern/fArgParse/extern/gFTL-shared/extern/gFTL/include/v1/templates/key_macros_undefs.inc" is newer than depends file "/users/olsentim/Projects/neko-top/external/pfunit/build/extern/fArgParse/extern/gFTL-shared/src/v1/CMakeFiles/gftl-shared-v1.dir/depend.internal".
Dependee "extern/fArgParse/extern/gFTL-shared/extern/gFTL/include/v1/templates/key_set_use_tokens.inc" is newer than depends file "/users/olsentim/Projects/neko-top/external/pfunit/build/extern/fArgParse/extern/gFTL-shared/src/v1/CMakeFiles/gftl-shared-v1.dir/depend.internal".
Dependee "extern/fArgParse/extern/gFTL-shared/extern/gFTL/include/v1/templates/key_template_macros.inc" is newer than depends file "/users/olsentim/Projects/neko-top/external/pfunit/build/extern/fArgParse/extern/gFTL-shared/src/v1/CMakeFiles/gftl-shared-v1.dir/depend.internal".
Dependee "extern/fArgParse/extern/gFTL-shared/extern/gFTL/include/v1/templates/key_template_macros_undefs.inc" is newer than depends file "/users/olsentim/Projects/neko-top/external/pfunit/build/extern/fArgParse/extern/gFTL-shared/src/v1/CMakeFiles/gftl-shared-v1.dir/depend.internal".
Dependee "extern/fArgParse/extern/gFTL-shared/extern/gFTL/include/v1/templates/key_use_tokens_undef.inc" is newer than depends file "/users/olsentim/Projects/neko-top/external/pfunit/build/extern/fArgParse/extern/gFTL-shared/src/v1/CMakeFiles/gftl-shared-v1.dir/depend.internal".
Dependee "extern/fArgParse/extern/gFTL-shared/extern/gFTL/include/v1/templates/type_macros_undefs.inc" is newer than depends file "/users/olsentim/Projects/neko-top/external/pfunit/build/extern/fArgParse/extern/gFTL-shared/src/v1/CMakeFiles/gftl-shared-v1.dir/depend.internal".
Dependee "extern/fArgParse/extern/gFTL-shared/extern/gFTL/include/v1/templates/type_set_use_tokens.inc" is newer than depends file "/users/olsentim/Projects/neko-top/external/pfunit/build/extern/fArgParse/extern/gFTL-shared/src/v1/CMakeFiles/gftl-shared-v1.dir/depend.internal".
Dependee "extern/fArgParse/extern/gFTL-shared/extern/gFTL/include/v1/templates/type_template_macros.inc" is newer than depends file "/users/olsentim/Projects/neko-top/external/pfunit/build/extern/fArgParse/extern/gFTL-shared/src/v1/CMakeFiles/gftl-shared-v1.dir/depend.internal".
Dependee "extern/fArgParse/extern/gFTL-shared/extern/gFTL/include/v1/templates/type_template_macros_undefs.inc" is newer than depends file "/users/olsentim/Projects/neko-top/external/pfunit/build/extern/fArgParse/extern/gFTL-shared/src/v1/CMakeFiles/gftl-shared-v1.dir/depend.internal".
Dependee "extern/fArgParse/extern/gFTL-shared/extern/gFTL/include/v1/templates/type_use_tokens_undef.inc" is newer than depends file "/users/olsentim/Projects/neko-top/external/pfunit/build/extern/fArgParse/extern/gFTL-shared/src/v1/CMakeFiles/gftl-shared-v1.dir/depend.internal".
Dependee "extern/fArgParse/extern/gFTL-shared/extern/gFTL/include/v1/templates/value_macros_undefs.inc" is newer than depends file "/users/olsentim/Projects/neko-top/external/pfunit/build/extern/fArgParse/extern/gFTL-shared/src/v1/CMakeFiles/gftl-shared-v1.dir/depend.internal".
Dependee "extern/fArgParse/extern/gFTL-shared/extern/gFTL/include/v1/templates/value_set_use_tokens.inc" is newer than depends file "/users/olsentim/Projects/neko-top/external/pfunit/build/extern/fArgParse/extern/gFTL-shared/src/v1/CMakeFiles/gftl-shared-v1.dir/depend.internal".
Dependee "extern/fArgParse/extern/gFTL-shared/extern/gFTL/include/v1/templates/value_template_macros.inc" is newer than depends file "/users/olsentim/Projects/neko-top/external/pfunit/build/extern/fArgParse/extern/gFTL-shared/src/v1/CMakeFiles/gftl-shared-v1.dir/depend.internal".
Dependee "extern/fArgParse/extern/gFTL-shared/extern/gFTL/include/v1/templates/value_template_macros_undefs.inc" is newer than depends file "/users/olsentim/Projects/neko-top/external/pfunit/build/extern/fArgParse/extern/gFTL-shared/src/v1/CMakeFiles/gftl-shared-v1.dir/depend.internal".
Dependee "extern/fArgParse/extern/gFTL-shared/extern/gFTL/include/v1/templates/value_use_tokens_undef.inc" is newer than depends file "/users/olsentim/Projects/neko-top/external/pfunit/build/extern/fArgParse/extern/gFTL-shared/src/v1/CMakeFiles/gftl-shared-v1.dir/depend.internal".
Dependee "extern/fArgParse/extern/gFTL-shared/extern/gFTL/include/v1/templates/key_macros_undefs.inc" is newer than depends file "/users/olsentim/Projects/neko-top/external/pfunit/build/extern/fArgParse/extern/gFTL-shared/src/v1/CMakeFiles/gftl-shared-v1.dir/depend.internal".
Dependee "extern/fArgParse/extern/gFTL-shared/extern/gFTL/include/v1/templates/key_set_use_tokens.inc" is newer than depends file "/users/olsentim/Projects/neko-top/external/pfunit/build/extern/fArgParse/extern/gFTL-shared/src/v1/CMakeFiles/gftl-shared-v1.dir/depend.internal".
Dependee "extern/fArgParse/extern/gFTL-shared/extern/gFTL/include/v1/templates/key_template_macros.inc" is newer than depends file "/users/olsentim/Projects/neko-top/external/pfunit/build/extern/fArgParse/extern/gFTL-shared/src/v1/CMakeFiles/gftl-shared-v1.dir/depend.internal".
Dependee "extern/fArgParse/extern/gFTL-shared/extern/gFTL/include/v1/templates/key_template_macros_undefs.inc" is newer than depends file "/users/olsentim/Projects/neko-top/external/pfunit/build/extern/fArgParse/extern/gFTL-shared/src/v1/CMakeFiles/gftl-shared-v1.dir/depend.internal".
Dependee "extern/fArgParse/extern/gFTL-shared/extern/gFTL/include/v1/templates/key_use_tokens_undef.inc" is newer than depends file "/users/olsentim/Projects/neko-top/external/pfunit/build/extern/fArgParse/extern/gFTL-shared/src/v1/CMakeFiles/gftl-shared-v1.dir/depend.internal".
Dependee "extern/fArgParse/extern/gFTL-shared/extern/gFTL/include/v1/templates/type_macros_undefs.inc" is newer than depends file "/users/olsentim/Projects/neko-top/external/pfunit/build/extern/fArgParse/extern/gFTL-shared/src/v1/CMakeFiles/gftl-shared-v1.dir/depend.internal".
Dependee "extern/fArgParse/extern/gFTL-shared/extern/gFTL/include/v1/templates/type_set_use_tokens.inc" is newer than depends file "/users/olsentim/Projects/neko-top/external/pfunit/build/extern/fArgParse/extern/gFTL-shared/src/v1/CMakeFiles/gftl-shared-v1.dir/depend.internal".
Dependee "extern/fArgParse/extern/gFTL-shared/extern/gFTL/include/v1/templates/type_template_macros.inc" is newer than depends file "/users/olsentim/Projects/neko-top/external/pfunit/build/extern/fArgParse/extern/gFTL-shared/src/v1/CMakeFiles/gftl-shared-v1.dir/depend.internal".
Dependee "extern/fArgParse/extern/gFTL-shared/extern/gFTL/include/v1/templates/type_template_macros_undefs.inc" is newer than depends file "/users/olsentim/Projects/neko-top/external/pfunit/build/extern/fArgParse/extern/gFTL-shared/src/v1/CMakeFiles/gftl-shared-v1.dir/depend.internal".
Dependee "extern/fArgParse/extern/gFTL-shared/extern/gFTL/include/v1/templates/type_use_tokens_undef.inc" is newer than depends file "/users/olsentim/Projects/neko-top/external/pfunit/build/extern/fArgParse/extern/gFTL-shared/src/v1/CMakeFiles/gftl-shared-v1.dir/depend.internal".
Dependee "extern/fArgParse/extern/gFTL-shared/extern/gFTL/include/v1/templates/value_macros_undefs.inc" is newer than depends file "/users/olsentim/Projects/neko-top/external/pfunit/build/extern/fArgParse/extern/gFTL-shared/src/v1/CMakeFiles/gftl-shared-v1.dir/depend.internal".
Dependee "extern/fArgParse/extern/gFTL-shared/extern/gFTL/include/v1/templates/value_set_use_tokens.inc" is newer than depends file "/users/olsentim/Projects/neko-top/external/pfunit/build/extern/fArgParse/extern/gFTL-shared/src/v1/CMakeFiles/gftl-shared-v1.dir/depend.internal".
Dependee "extern/fArgParse/extern/gFTL-shared/extern/gFTL/include/v1/templates/value_template_macros.inc" is newer than depends file "/users/olsentim/Projects/neko-top/external/pfunit/build/extern/fArgParse/extern/gFTL-shared/src/v1/CMakeFiles/gftl-shared-v1.dir/depend.internal".
Dependee "extern/fArgParse/extern/gFTL-shared/extern/gFTL/include/v1/templates/value_template_macros_undefs.inc" is newer than depends file "/users/olsentim/Projects/neko-top/external/pfunit/build/extern/fArgParse/extern/gFTL-shared/src/v1/CMakeFiles/gftl-shared-v1.dir/depend.internal".
Dependee "extern/fArgParse/extern/gFTL-shared/extern/gFTL/include/v1/templates/value_use_tokens_undef.inc" is newer than depends file "/users/olsentim/Projects/neko-top/external/pfunit/build/extern/fArgParse/extern/gFTL-shared/src/v1/CMakeFiles/gftl-shared-v1.dir/depend.internal".
Dependee "extern/fArgParse/extern/gFTL-shared/extern/gFTL/include/v1/templates/key_macros_undefs.inc" is newer than depends file "/users/olsentim/Projects/neko-top/external/pfunit/build/extern/fArgParse/extern/gFTL-shared/src/v1/CMakeFiles/gftl-shared-v1.dir/depend.internal".
Dependee "extern/fArgParse/extern/gFTL-shared/extern/gFTL/include/v1/templates/key_set_use_tokens.inc" is newer than depends file "/users/olsentim/Projects/neko-top/external/pfunit/build/extern/fArgParse/extern/gFTL-shared/src/v1/CMakeFiles/gftl-shared-v1.dir/depend.internal".
Dependee "extern/fArgParse/extern/gFTL-shared/extern/gFTL/include/v1/templates/key_template_macros.inc" is newer than depends file "/users/olsentim/Projects/neko-top/external/pfunit/build/extern/fArgParse/extern/gFTL-shared/src/v1/CMakeFiles/gftl-shared-v1.dir/depend.internal".
Dependee "extern/fArgParse/extern/gFTL-shared/extern/gFTL/include/v1/templates/key_template_macros_undefs.inc" is newer than depends file "/users/olsentim/Projects/neko-top/external/pfunit/build/extern/fArgParse/extern/gFTL-shared/src/v1/CMakeFiles/gftl-shared-v1.dir/depend.internal".
Dependee "extern/fArgParse/extern/gFTL-shared/extern/gFTL/include/v1/templates/key_use_tokens_undef.inc" is newer than depends file "/users/olsentim/Projects/neko-top/external/pfunit/build/extern/fArgParse/extern/gFTL-shared/src/v1/CMakeFiles/gftl-shared-v1.dir/depend.internal".
Dependee "extern/fArgParse/extern/gFTL-shared/extern/gFTL/include/v1/templates/type_macros_undefs.inc" is newer than depends file "/users/olsentim/Projects/neko-top/external/pfunit/build/extern/fArgParse/extern/gFTL-shared/src/v1/CMakeFiles/gftl-shared-v1.dir/depend.internal".
Dependee "extern/fArgParse/extern/gFTL-shared/extern/gFTL/include/v1/templates/type_set_use_tokens.inc" is newer than depends file "/users/olsentim/Projects/neko-top/external/pfunit/build/extern/fArgParse/extern/gFTL-shared/src/v1/CMakeFiles/gftl-shared-v1.dir/depend.internal".
Dependee "extern/fArgParse/extern/gFTL-shared/extern/gFTL/include/v1/templates/type_template_macros.inc" is newer than depends file "/users/olsentim/Projects/neko-top/external/pfunit/build/extern/fArgParse/extern/gFTL-shared/src/v1/CMakeFiles/gftl-shared-v1.dir/depend.internal".
Dependee "extern/fArgParse/extern/gFTL-shared/extern/gFTL/include/v1/templates/type_template_macros_undefs.inc" is newer than depends file "/users/olsentim/Projects/neko-top/external/pfunit/build/extern/fArgParse/extern/gFTL-shared/src/v1/CMakeFiles/gftl-shared-v1.dir/depend.internal".
Dependee "extern/fArgParse/extern/gFTL-shared/extern/gFTL/include/v1/templates/type_use_tokens_undef.inc" is newer than depends file "/users/olsentim/Projects/neko-top/external/pfunit/build/extern/fArgParse/extern/gFTL-shared/src/v1/CMakeFiles/gftl-shared-v1.dir/depend.internal".
Dependee "extern/fArgParse/extern/gFTL-shared/extern/gFTL/include/v1/templates/value_macros_undefs.inc" is newer than depends file "/users/olsentim/Projects/neko-top/external/pfunit/build/extern/fArgParse/extern/gFTL-shared/src/v1/CMakeFiles/gftl-shared-v1.dir/depend.internal".
Dependee "extern/fArgParse/extern/gFTL-shared/extern/gFTL/include/v1/templates/value_set_use_tokens.inc" is newer than depends file "/users/olsentim/Projects/neko-top/external/pfunit/build/extern/fArgParse/extern/gFTL-shared/src/v1/CMakeFiles/gftl-shared-v1.dir/depend.internal".
Dependee "extern/fArgParse/extern/gFTL-shared/extern/gFTL/include/v1/templates/value_template_macros.inc" is newer than depends file "/users/olsentim/Projects/neko-top/external/pfunit/build/extern/fArgParse/extern/gFTL-shared/src/v1/CMakeFiles/gftl-shared-v1.dir/depend.internal".
Dependee "extern/fArgParse/extern/gFTL-shared/extern/gFTL/include/v1/templates/value_template_macros_undefs.inc" is newer than depends file "/users/olsentim/Projects/neko-top/external/pfunit/build/extern/fArgParse/extern/gFTL-shared/src/v1/CMakeFiles/gftl-shared-v1.dir/depend.internal".
Dependee "extern/fArgParse/extern/gFTL-shared/extern/gFTL/include/v1/templates/value_use_tokens_undef.inc" is newer than depends file "/users/olsentim/Projects/neko-top/external/pfunit/build/extern/fArgParse/extern/gFTL-shared/src/v1/CMakeFiles/gftl-shared-v1.dir/depend.internal".
Dependee "extern/fArgParse/extern/gFTL-shared/extern/gFTL/include/v1/templates/key_macros_undefs.inc" is newer than depends file "/users/olsentim/Projects/neko-top/external/pfunit/build/extern/fArgParse/extern/gFTL-shared/src/v1/CMakeFiles/gftl-shared-v1.dir/depend.internal".
Dependee "extern/fArgParse/extern/gFTL-shared/extern/gFTL/include/v1/templates/key_set_use_tokens.inc" is newer than depends file "/users/olsentim/Projects/neko-top/external/pfunit/build/extern/fArgParse/extern/gFTL-shared/src/v1/CMakeFiles/gftl-shared-v1.dir/depend.internal".
Dependee "extern/fArgParse/extern/gFTL-shared/extern/gFTL/include/v1/templates/key_template_macros.inc" is newer than depends file "/users/olsentim/Projects/neko-top/external/pfunit/build/extern/fArgParse/extern/gFTL-shared/src/v1/CMakeFiles/gftl-shared-v1.dir/depend.internal".
Dependee "extern/fArgParse/extern/gFTL-shared/extern/gFTL/include/v1/templates/key_template_macros_undefs.inc" is newer than depends file "/users/olsentim/Projects/neko-top/external/pfunit/build/extern/fArgParse/extern/gFTL-shared/src/v1/CMakeFiles/gftl-shared-v1.dir/depend.internal".
Dependee "extern/fArgParse/extern/gFTL-shared/extern/gFTL/include/v1/templates/key_use_tokens_undef.inc" is newer than depends file "/users/olsentim/Projects/neko-top/external/pfunit/build/extern/fArgParse/extern/gFTL-shared/src/v1/CMakeFiles/gftl-shared-v1.dir/depend.internal".
Dependee "extern/fArgParse/extern/gFTL-shared/extern/gFTL/include/v1/templates/type_macros_undefs.inc" is newer than depends file "/users/olsentim/Projects/neko-top/external/pfunit/build/extern/fArgParse/extern/gFTL-shared/src/v1/CMakeFiles/gftl-shared-v1.dir/depend.internal".
Dependee "extern/fArgParse/extern/gFTL-shared/extern/gFTL/include/v1/templates/type_set_use_tokens.inc" is newer than depends file "/users/olsentim/Projects/neko-top/external/pfunit/build/extern/fArgParse/extern/gFTL-shared/src/v1/CMakeFiles/gftl-shared-v1.dir/depend.internal".
Dependee "extern/fArgParse/extern/gFTL-shared/extern/gFTL/include/v1/templates/type_template_macros.inc" is newer than depends file "/users/olsentim/Projects/neko-top/external/pfunit/build/extern/fArgParse/extern/gFTL-shared/src/v1/CMakeFiles/gftl-shared-v1.dir/depend.internal".
Dependee "extern/fArgParse/extern/gFTL-shared/extern/gFTL/include/v1/templates/type_template_macros_undefs.inc" is newer than depends file "/users/olsentim/Projects/neko-top/external/pfunit/build/extern/fArgParse/extern/gFTL-shared/src/v1/CMakeFiles/gftl-shared-v1.dir/depend.internal".
Dependee "extern/fArgParse/extern/gFTL-shared/extern/gFTL/include/v1/templates/type_use_tokens_undef.inc" is newer than depends file "/users/olsentim/Projects/neko-top/external/pfunit/build/extern/fArgParse/extern/gFTL-shared/src/v1/CMakeFiles/gftl-shared-v1.dir/depend.internal".
Dependee "extern/fArgParse/extern/gFTL-shared/extern/gFTL/include/v1/templates/value_macros_undefs.inc" is newer than depends file "/users/olsentim/Projects/neko-top/external/pfunit/build/extern/fArgParse/extern/gFTL-shared/src/v1/CMakeFiles/gftl-shared-v1.dir/depend.internal".
Dependee "extern/fArgParse/extern/gFTL-shared/extern/gFTL/include/v1/templates/value_set_use_tokens.inc" is newer than depends file "/users/olsentim/Projects/neko-top/external/pfunit/build/extern/fArgParse/extern/gFTL-shared/src/v1/CMakeFiles/gftl-shared-v1.dir/depend.internal".
Dependee "extern/fArgParse/extern/gFTL-shared/extern/gFTL/include/v1/templates/value_template_macros.inc" is newer than depends file "/users/olsentim/Projects/neko-top/external/pfunit/build/extern/fArgParse/extern/gFTL-shared/src/v1/CMakeFiles/gftl-shared-v1.dir/depend.internal".
Dependee "extern/fArgParse/extern/gFTL-shared/extern/gFTL/include/v1/templates/value_template_macros_undefs.inc" is newer than depends file "/users/olsentim/Projects/neko-top/external/pfunit/build/extern/fArgParse/extern/gFTL-shared/src/v1/CMakeFiles/gftl-shared-v1.dir/depend.internal".
Dependee "extern/fArgParse/extern/gFTL-shared/extern/gFTL/include/v1/templates/value_use_tokens_undef.inc" is newer than depends file "/users/olsentim/Projects/neko-top/external/pfunit/build/extern/fArgParse/extern/gFTL-shared/src/v1/CMakeFiles/gftl-shared-v1.dir/depend.internal".
Dependee "extern/fArgParse/extern/gFTL-shared/extern/gFTL/include/v1/templates/key_macros_undefs.inc" is newer than depends file "/users/olsentim/Projects/neko-top/external/pfunit/build/extern/fArgParse/extern/gFTL-shared/src/v1/CMakeFiles/gftl-shared-v1.dir/depend.internal".
Dependee "extern/fArgParse/extern/gFTL-shared/extern/gFTL/include/v1/templates/key_set_use_tokens.inc" is newer than depends file "/users/olsentim/Projects/neko-top/external/pfunit/build/extern/fArgParse/extern/gFTL-shared/src/v1/CMakeFiles/gftl-shared-v1.dir/depend.internal".
Dependee "extern/fArgParse/extern/gFTL-shared/extern/gFTL/include/v1/templates/key_template_macros.inc" is newer than depends file "/users/olsentim/Projects/neko-top/external/pfunit/build/extern/fArgParse/extern/gFTL-shared/src/v1/CMakeFiles/gftl-shared-v1.dir/depend.internal".
Dependee "extern/fArgParse/extern/gFTL-shared/extern/gFTL/include/v1/templates/key_template_macros_undefs.inc" is newer than depends file "/users/olsentim/Projects/neko-top/external/pfunit/build/extern/fArgParse/extern/gFTL-shared/src/v1/CMakeFiles/gftl-shared-v1.dir/depend.internal".
Dependee "extern/fArgParse/extern/gFTL-shared/extern/gFTL/include/v1/templates/key_use_tokens_undef.inc" is newer than depends file "/users/olsentim/Projects/neko-top/external/pfunit/build/extern/fArgParse/extern/gFTL-shared/src/v1/CMakeFiles/gftl-shared-v1.dir/depend.internal".
Dependee "extern/fArgParse/extern/gFTL-shared/extern/gFTL/include/v1/templates/type_macros_undefs.inc" is newer than depends file "/users/olsentim/Projects/neko-top/external/pfunit/build/extern/fArgParse/extern/gFTL-shared/src/v1/CMakeFiles/gftl-shared-v1.dir/depend.internal".
Dependee "extern/fArgParse/extern/gFTL-shared/extern/gFTL/include/v1/templates/type_set_use_tokens.inc" is newer than depends file "/users/olsentim/Projects/neko-top/external/pfunit/build/extern/fArgParse/extern/gFTL-shared/src/v1/CMakeFiles/gftl-shared-v1.dir/depend.internal".
Dependee "extern/fArgParse/extern/gFTL-shared/extern/gFTL/include/v1/templates/type_template_macros.inc" is newer than depends file "/users/olsentim/Projects/neko-top/external/pfunit/build/extern/fArgParse/extern/gFTL-shared/src/v1/CMakeFiles/gftl-shared-v1.dir/depend.internal".
Dependee "extern/fArgParse/extern/gFTL-shared/extern/gFTL/include/v1/templates/type_template_macros_undefs.inc" is newer than depends file "/users/olsentim/Projects/neko-top/external/pfunit/build/extern/fArgParse/extern/gFTL-shared/src/v1/CMakeFiles/gftl-shared-v1.dir/depend.internal".
Dependee "extern/fArgParse/extern/gFTL-shared/extern/gFTL/include/v1/templates/type_use_tokens_undef.inc" is newer than depends file "/users/olsentim/Projects/neko-top/external/pfunit/build/extern/fArgParse/extern/gFTL-shared/src/v1/CMakeFiles/gftl-shared-v1.dir/depend.internal".
Dependee "extern/fArgParse/extern/gFTL-shared/extern/gFTL/include/v1/templates/value_macros_undefs.inc" is newer than depends file "/users/olsentim/Projects/neko-top/external/pfunit/build/extern/fArgParse/extern/gFTL-shared/src/v1/CMakeFiles/gftl-shared-v1.dir/depend.internal".
Dependee "extern/fArgParse/extern/gFTL-shared/extern/gFTL/include/v1/templates/value_set_use_tokens.inc" is newer than depends file "/users/olsentim/Projects/neko-top/external/pfunit/build/extern/fArgParse/extern/gFTL-shared/src/v1/CMakeFiles/gftl-shared-v1.dir/depend.internal".
Dependee "extern/fArgParse/extern/gFTL-shared/extern/gFTL/include/v1/templates/value_template_macros.inc" is newer than depends file "/users/olsentim/Projects/neko-top/external/pfunit/build/extern/fArgParse/extern/gFTL-shared/src/v1/CMakeFiles/gftl-shared-v1.dir/depend.internal".
Dependee "extern/fArgParse/extern/gFTL-shared/extern/gFTL/include/v1/templates/value_template_macros_undefs.inc" is newer than depends file "/users/olsentim/Projects/neko-top/external/pfunit/build/extern/fArgParse/extern/gFTL-shared/src/v1/CMakeFiles/gftl-shared-v1.dir/depend.internal".
Dependee "extern/fArgParse/extern/gFTL-shared/extern/gFTL/include/v1/templates/value_use_tokens_undef.inc" is newer than depends file "/users/olsentim/Projects/neko-top/external/pfunit/build/extern/fArgParse/extern/gFTL-shared/src/v1/CMakeFiles/gftl-shared-v1.dir/depend.internal".
Dependee "extern/fArgParse/extern/gFTL-shared/extern/gFTL/include/v1/templates/key_macros_undefs.inc" is newer than depends file "/users/olsentim/Projects/neko-top/external/pfunit/build/extern/fArgParse/extern/gFTL-shared/src/v1/CMakeFiles/gftl-shared-v1.dir/depend.internal".
Dependee "extern/fArgParse/extern/gFTL-shared/extern/gFTL/include/v1/templates/key_set_use_tokens.inc" is newer than depends file "/users/olsentim/Projects/neko-top/external/pfunit/build/extern/fArgParse/extern/gFTL-shared/src/v1/CMakeFiles/gftl-shared-v1.dir/depend.internal".
Dependee "extern/fArgParse/extern/gFTL-shared/extern/gFTL/include/v1/templates/key_template_macros.inc" is newer than depends file "/users/olsentim/Projects/neko-top/external/pfunit/build/extern/fArgParse/extern/gFTL-shared/src/v1/CMakeFiles/gftl-shared-v1.dir/depend.internal".
Dependee "extern/fArgParse/extern/gFTL-shared/extern/gFTL/include/v1/templates/key_template_macros_undefs.inc" is newer than depends file "/users/olsentim/Projects/neko-top/external/pfunit/build/extern/fArgParse/extern/gFTL-shared/src/v1/CMakeFiles/gftl-shared-v1.dir/depend.internal".
Dependee "extern/fArgParse/extern/gFTL-shared/extern/gFTL/include/v1/templates/key_use_tokens_undef.inc" is newer than depends file "/users/olsentim/Projects/neko-top/external/pfunit/build/extern/fArgParse/extern/gFTL-shared/src/v1/CMakeFiles/gftl-shared-v1.dir/depend.internal".
Dependee "extern/fArgParse/extern/gFTL-shared/extern/gFTL/include/v1/templates/type_macros_undefs.inc" is newer than depends file "/users/olsentim/Projects/neko-top/external/pfunit/build/extern/fArgParse/extern/gFTL-shared/src/v1/CMakeFiles/gftl-shared-v1.dir/depend.internal".
Dependee "extern/fArgParse/extern/gFTL-shared/extern/gFTL/include/v1/templates/type_set_use_tokens.inc" is newer than depends file "/users/olsentim/Projects/neko-top/external/pfunit/build/extern/fArgParse/extern/gFTL-shared/src/v1/CMakeFiles/gftl-shared-v1.dir/depend.internal".
Dependee "extern/fArgParse/extern/gFTL-shared/extern/gFTL/include/v1/templates/type_template_macros.inc" is newer than depends file "/users/olsentim/Projects/neko-top/external/pfunit/build/extern/fArgParse/extern/gFTL-shared/src/v1/CMakeFiles/gftl-shared-v1.dir/depend.internal".
Dependee "extern/fArgParse/extern/gFTL-shared/extern/gFTL/include/v1/templates/type_template_macros_undefs.inc" is newer than depends file "/users/olsentim/Projects/neko-top/external/pfunit/build/extern/fArgParse/extern/gFTL-shared/src/v1/CMakeFiles/gftl-shared-v1.dir/depend.internal".
Dependee "extern/fArgParse/extern/gFTL-shared/extern/gFTL/include/v1/templates/type_use_tokens_undef.inc" is newer than depends file "/users/olsentim/Projects/neko-top/external/pfunit/build/extern/fArgParse/extern/gFTL-shared/src/v1/CMakeFiles/gftl-shared-v1.dir/depend.internal".
Dependee "extern/fArgParse/extern/gFTL-shared/extern/gFTL/include/v1/templates/value_macros_undefs.inc" is newer than depends file "/users/olsentim/Projects/neko-top/external/pfunit/build/extern/fArgParse/extern/gFTL-shared/src/v1/CMakeFiles/gftl-shared-v1.dir/depend.internal".
Dependee "extern/fArgParse/extern/gFTL-shared/extern/gFTL/include/v1/templates/value_set_use_tokens.inc" is newer than depends file "/users/olsentim/Projects/neko-top/external/pfunit/build/extern/fArgParse/extern/gFTL-shared/src/v1/CMakeFiles/gftl-shared-v1.dir/depend.internal".
Dependee "extern/fArgParse/extern/gFTL-shared/extern/gFTL/include/v1/templates/value_template_macros.inc" is newer than depends file "/users/olsentim/Projects/neko-top/external/pfunit/build/extern/fArgParse/extern/gFTL-shared/src/v1/CMakeFiles/gftl-shared-v1.dir/depend.internal".
Dependee "extern/fArgParse/extern/gFTL-shared/extern/gFTL/include/v1/templates/value_template_macros_undefs.inc" is newer than depends file "/users/olsentim/Projects/neko-top/external/pfunit/build/extern/fArgParse/extern/gFTL-shared/src/v1/CMakeFiles/gftl-shared-v1.dir/depend.internal".
Dependee "extern/fArgParse/extern/gFTL-shared/extern/gFTL/include/v1/templates/value_use_tokens_undef.inc" is newer than depends file "/users/olsentim/Projects/neko-top/external/pfunit/build/extern/fArgParse/extern/gFTL-shared/src/v1/CMakeFiles/gftl-shared-v1.dir/depend.internal".
Dependee "extern/fArgParse/extern/gFTL-shared/extern/gFTL/include/v1/templates/key_macros_undefs.inc" is newer than depends file "/users/olsentim/Projects/neko-top/external/pfunit/build/extern/fArgParse/extern/gFTL-shared/src/v1/CMakeFiles/gftl-shared-v1.dir/depend.internal".
Dependee "extern/fArgParse/extern/gFTL-shared/extern/gFTL/include/v1/templates/key_set_use_tokens.inc" is newer than depends file "/users/olsentim/Projects/neko-top/external/pfunit/build/extern/fArgParse/extern/gFTL-shared/src/v1/CMakeFiles/gftl-shared-v1.dir/depend.internal".
Dependee "extern/fArgParse/extern/gFTL-shared/extern/gFTL/include/v1/templates/key_template_macros.inc" is newer than depends file "/users/olsentim/Projects/neko-top/external/pfunit/build/extern/fArgParse/extern/gFTL-shared/src/v1/CMakeFiles/gftl-shared-v1.dir/depend.internal".
Dependee "extern/fArgParse/extern/gFTL-shared/extern/gFTL/include/v1/templates/key_template_macros_undefs.inc" is newer than depends file "/users/olsentim/Projects/neko-top/external/pfunit/build/extern/fArgParse/extern/gFTL-shared/src/v1/CMakeFiles/gftl-shared-v1.dir/depend.internal".
Dependee "extern/fArgParse/extern/gFTL-shared/extern/gFTL/include/v1/templates/key_use_tokens_undef.inc" is newer than depends file "/users/olsentim/Projects/neko-top/external/pfunit/build/extern/fArgParse/extern/gFTL-shared/src/v1/CMakeFiles/gftl-shared-v1.dir/depend.internal".
Dependee "extern/fArgParse/extern/gFTL-shared/extern/gFTL/include/v1/templates/type_macros_undefs.inc" is newer than depends file "/users/olsentim/Projects/neko-top/external/pfunit/build/extern/fArgParse/extern/gFTL-shared/src/v1/CMakeFiles/gftl-shared-v1.dir/depend.internal".
Dependee "extern/fArgParse/extern/gFTL-shared/extern/gFTL/include/v1/templates/type_set_use_tokens.inc" is newer than depends file "/users/olsentim/Projects/neko-top/external/pfunit/build/extern/fArgParse/extern/gFTL-shared/src/v1/CMakeFiles/gftl-shared-v1.dir/depend.internal".
Dependee "extern/fArgParse/extern/gFTL-shared/extern/gFTL/include/v1/templates/type_template_macros.inc" is newer than depends file "/users/olsentim/Projects/neko-top/external/pfunit/build/extern/fArgParse/extern/gFTL-shared/src/v1/CMakeFiles/gftl-shared-v1.dir/depend.internal".
Dependee "extern/fArgParse/extern/gFTL-shared/extern/gFTL/include/v1/templates/type_template_macros_undefs.inc" is newer than depends file "/users/olsentim/Projects/neko-top/external/pfunit/build/extern/fArgParse/extern/gFTL-shared/src/v1/CMakeFiles/gftl-shared-v1.dir/depend.internal".
Dependee "extern/fArgParse/extern/gFTL-shared/extern/gFTL/include/v1/templates/type_use_tokens_undef.inc" is newer than depends file "/users/olsentim/Projects/neko-top/external/pfunit/build/extern/fArgParse/extern/gFTL-shared/src/v1/CMakeFiles/gftl-shared-v1.dir/depend.internal".
Dependee "extern/fArgParse/extern/gFTL-shared/extern/gFTL/include/v1/templates/value_macros_undefs.inc" is newer than depends file "/users/olsentim/Projects/neko-top/external/pfunit/build/extern/fArgParse/extern/gFTL-shared/src/v1/CMakeFiles/gftl-shared-v1.dir/depend.internal".
Dependee "extern/fArgParse/extern/gFTL-shared/extern/gFTL/include/v1/templates/value_set_use_tokens.inc" is newer than depends file "/users/olsentim/Projects/neko-top/external/pfunit/build/extern/fArgParse/extern/gFTL-shared/src/v1/CMakeFiles/gftl-shared-v1.dir/depend.internal".
Dependee "extern/fArgParse/extern/gFTL-shared/extern/gFTL/include/v1/templates/value_template_macros.inc" is newer than depends file "/users/olsentim/Projects/neko-top/external/pfunit/build/extern/fArgParse/extern/gFTL-shared/src/v1/CMakeFiles/gftl-shared-v1.dir/depend.internal".
Dependee "extern/fArgParse/extern/gFTL-shared/extern/gFTL/include/v1/templates/value_template_macros_undefs.inc" is newer than depends file "/users/olsentim/Projects/neko-top/external/pfunit/build/extern/fArgParse/extern/gFTL-shared/src/v1/CMakeFiles/gftl-shared-v1.dir/depend.internal".
Dependee "extern/fArgParse/extern/gFTL-shared/extern/gFTL/include/v1/templates/value_use_tokens_undef.inc" is newer than depends file "/users/olsentim/Projects/neko-top/external/pfunit/build/extern/fArgParse/extern/gFTL-shared/src/v1/CMakeFiles/gftl-shared-v1.dir/depend.internal".
Dependee "extern/fArgParse/extern/gFTL-shared/extern/gFTL/include/v1/templates/key_macros_undefs.inc" is newer than depends file "/users/olsentim/Projects/neko-top/external/pfunit/build/extern/fArgParse/extern/gFTL-shared/src/v1/CMakeFiles/gftl-shared-v1.dir/depend.internal".
Dependee "extern/fArgParse/extern/gFTL-shared/extern/gFTL/include/v1/templates/key_set_use_tokens.inc" is newer than depends file "/users/olsentim/Projects/neko-top/external/pfunit/build/extern/fArgParse/extern/gFTL-shared/src/v1/CMakeFiles/gftl-shared-v1.dir/depend.internal".
Dependee "extern/fArgParse/extern/gFTL-shared/extern/gFTL/include/v1/templates/key_template_macros.inc" is newer than depends file "/users/olsentim/Projects/neko-top/external/pfunit/build/extern/fArgParse/extern/gFTL-shared/src/v1/CMakeFiles/gftl-shared-v1.dir/depend.internal".
Dependee "extern/fArgParse/extern/gFTL-shared/extern/gFTL/include/v1/templates/key_template_macros_undefs.inc" is newer than depends file "/users/olsentim/Projects/neko-top/external/pfunit/build/extern/fArgParse/extern/gFTL-shared/src/v1/CMakeFiles/gftl-shared-v1.dir/depend.internal".
Dependee "extern/fArgParse/extern/gFTL-shared/extern/gFTL/include/v1/templates/key_use_tokens_undef.inc" is newer than depends file "/users/olsentim/Projects/neko-top/external/pfunit/build/extern/fArgParse/extern/gFTL-shared/src/v1/CMakeFiles/gftl-shared-v1.dir/depend.internal".
Dependee "extern/fArgParse/extern/gFTL-shared/extern/gFTL/include/v1/templates/type_macros_undefs.inc" is newer than depends file "/users/olsentim/Projects/neko-top/external/pfunit/build/extern/fArgParse/extern/gFTL-shared/src/v1/CMakeFiles/gftl-shared-v1.dir/depend.internal".
Dependee "extern/fArgParse/extern/gFTL-shared/extern/gFTL/include/v1/templates/type_set_use_tokens.inc" is newer than depends file "/users/olsentim/Projects/neko-top/external/pfunit/build/extern/fArgParse/extern/gFTL-shared/src/v1/CMakeFiles/gftl-shared-v1.dir/depend.internal".
Dependee "extern/fArgParse/extern/gFTL-shared/extern/gFTL/include/v1/templates/type_template_macros.inc" is newer than depends file "/users/olsentim/Projects/neko-top/external/pfunit/build/extern/fArgParse/extern/gFTL-shared/src/v1/CMakeFiles/gftl-shared-v1.dir/depend.internal".
Dependee "extern/fArgParse/extern/gFTL-shared/extern/gFTL/include/v1/templates/type_template_macros_undefs.inc" is newer than depends file "/users/olsentim/Projects/neko-top/external/pfunit/build/extern/fArgParse/extern/gFTL-shared/src/v1/CMakeFiles/gftl-shared-v1.dir/depend.internal".
Dependee "extern/fArgParse/extern/gFTL-shared/extern/gFTL/include/v1/templates/type_use_tokens_undef.inc" is newer than depends file "/users/olsentim/Projects/neko-top/external/pfunit/build/extern/fArgParse/extern/gFTL-shared/src/v1/CMakeFiles/gftl-shared-v1.dir/depend.internal".
Dependee "extern/fArgParse/extern/gFTL-shared/extern/gFTL/include/v1/templates/value_macros_undefs.inc" is newer than depends file "/users/olsentim/Projects/neko-top/external/pfunit/build/extern/fArgParse/extern/gFTL-shared/src/v1/CMakeFiles/gftl-shared-v1.dir/depend.internal".
Dependee "extern/fArgParse/extern/gFTL-shared/extern/gFTL/include/v1/templates/value_set_use_tokens.inc" is newer than depends file "/users/olsentim/Projects/neko-top/external/pfunit/build/extern/fArgParse/extern/gFTL-shared/src/v1/CMakeFiles/gftl-shared-v1.dir/depend.internal".
Dependee "extern/fArgParse/extern/gFTL-shared/extern/gFTL/include/v1/templates/value_template_macros.inc" is newer than depends file "/users/olsentim/Projects/neko-top/external/pfunit/build/extern/fArgParse/extern/gFTL-shared/src/v1/CMakeFiles/gftl-shared-v1.dir/depend.internal".
Dependee "extern/fArgParse/extern/gFTL-shared/extern/gFTL/include/v1/templates/value_template_macros_undefs.inc" is newer than depends file "/users/olsentim/Projects/neko-top/external/pfunit/build/extern/fArgParse/extern/gFTL-shared/src/v1/CMakeFiles/gftl-shared-v1.dir/depend.internal".
Dependee "extern/fArgParse/extern/gFTL-shared/extern/gFTL/include/v1/templates/value_use_tokens_undef.inc" is newer than depends file "/users/olsentim/Projects/neko-top/external/pfunit/build/extern/fArgParse/extern/gFTL-shared/src/v1/CMakeFiles/gftl-shared-v1.dir/depend.internal".
Dependee "extern/fArgParse/extern/gFTL-shared/extern/gFTL/include/v1/types/value_deferredLengthString.inc" is newer than depends file "/users/olsentim/Projects/neko-top/external/pfunit/build/extern/fArgParse/extern/gFTL-shared/src/v1/CMakeFiles/gftl-shared-v1.dir/depend.internal".
Dependee "extern/fArgParse/extern/gFTL-shared/extern/gFTL/include/v1/templates/key_macros_undefs.inc" is newer than depends file "/users/olsentim/Projects/neko-top/external/pfunit/build/extern/fArgParse/extern/gFTL-shared/src/v1/CMakeFiles/gftl-shared-v1.dir/depend.internal".
Dependee "extern/fArgParse/extern/gFTL-shared/extern/gFTL/include/v1/templates/key_set_use_tokens.inc" is newer than depends file "/users/olsentim/Projects/neko-top/external/pfunit/build/extern/fArgParse/extern/gFTL-shared/src/v1/CMakeFiles/gftl-shared-v1.dir/depend.internal".
Dependee "extern/fArgParse/extern/gFTL-shared/extern/gFTL/include/v1/templates/key_template_macros.inc" is newer than depends file "/users/olsentim/Projects/neko-top/external/pfunit/build/extern/fArgParse/extern/gFTL-shared/src/v1/CMakeFiles/gftl-shared-v1.dir/depend.internal".
Dependee "extern/fArgParse/extern/gFTL-shared/extern/gFTL/include/v1/templates/key_template_macros_undefs.inc" is newer than depends file "/users/olsentim/Projects/neko-top/external/pfunit/build/extern/fArgParse/extern/gFTL-shared/src/v1/CMakeFiles/gftl-shared-v1.dir/depend.internal".
Dependee "extern/fArgParse/extern/gFTL-shared/extern/gFTL/include/v1/templates/key_use_tokens_undef.inc" is newer than depends file "/users/olsentim/Projects/neko-top/external/pfunit/build/extern/fArgParse/extern/gFTL-shared/src/v1/CMakeFiles/gftl-shared-v1.dir/depend.internal".
Dependee "extern/fArgParse/extern/gFTL-shared/extern/gFTL/include/v1/templates/type_macros_undefs.inc" is newer than depends file "/users/olsentim/Projects/neko-top/external/pfunit/build/extern/fArgParse/extern/gFTL-shared/src/v1/CMakeFiles/gftl-shared-v1.dir/depend.internal".
Dependee "extern/fArgParse/extern/gFTL-shared/extern/gFTL/include/v1/templates/type_set_use_tokens.inc" is newer than depends file "/users/olsentim/Projects/neko-top/external/pfunit/build/extern/fArgParse/extern/gFTL-shared/src/v1/CMakeFiles/gftl-shared-v1.dir/depend.internal".
Dependee "extern/fArgParse/extern/gFTL-shared/extern/gFTL/include/v1/templates/type_template_macros.inc" is newer than depends file "/users/olsentim/Projects/neko-top/external/pfunit/build/extern/fArgParse/extern/gFTL-shared/src/v1/CMakeFiles/gftl-shared-v1.dir/depend.internal".
Dependee "extern/fArgParse/extern/gFTL-shared/extern/gFTL/include/v1/templates/type_template_macros_undefs.inc" is newer than depends file "/users/olsentim/Projects/neko-top/external/pfunit/build/extern/fArgParse/extern/gFTL-shared/src/v1/CMakeFiles/gftl-shared-v1.dir/depend.internal".
Dependee "extern/fArgParse/extern/gFTL-shared/extern/gFTL/include/v1/templates/type_use_tokens_undef.inc" is newer than depends file "/users/olsentim/Projects/neko-top/external/pfunit/build/extern/fArgParse/extern/gFTL-shared/src/v1/CMakeFiles/gftl-shared-v1.dir/depend.internal".
Dependee "extern/fArgParse/extern/gFTL-shared/extern/gFTL/include/v1/templates/value_macros_undefs.inc" is newer than depends file "/users/olsentim/Projects/neko-top/external/pfunit/build/extern/fArgParse/extern/gFTL-shared/src/v1/CMakeFiles/gftl-shared-v1.dir/depend.internal".
Dependee "extern/fArgParse/extern/gFTL-shared/extern/gFTL/include/v1/templates/value_set_use_tokens.inc" is newer than depends file "/users/olsentim/Projects/neko-top/external/pfunit/build/extern/fArgParse/extern/gFTL-shared/src/v1/CMakeFiles/gftl-shared-v1.dir/depend.internal".
Dependee "extern/fArgParse/extern/gFTL-shared/extern/gFTL/include/v1/templates/value_template_macros.inc" is newer than depends file "/users/olsentim/Projects/neko-top/external/pfunit/build/extern/fArgParse/extern/gFTL-shared/src/v1/CMakeFiles/gftl-shared-v1.dir/depend.internal".
Dependee "extern/fArgParse/extern/gFTL-shared/extern/gFTL/include/v1/templates/value_template_macros_undefs.inc" is newer than depends file "/users/olsentim/Projects/neko-top/external/pfunit/build/extern/fArgParse/extern/gFTL-shared/src/v1/CMakeFiles/gftl-shared-v1.dir/depend.internal".
Dependee "extern/fArgParse/extern/gFTL-shared/extern/gFTL/include/v1/templates/value_use_tokens_undef.inc" is newer than depends file "/users/olsentim/Projects/neko-top/external/pfunit/build/extern/fArgParse/extern/gFTL-shared/src/v1/CMakeFiles/gftl-shared-v1.dir/depend.internal".
Dependee "extern/fArgParse/extern/gFTL-shared/extern/gFTL/include/v1/types/value_unlimitedPoly.inc" is newer than depends file "/users/olsentim/Projects/neko-top/external/pfunit/build/extern/fArgParse/extern/gFTL-shared/src/v1/CMakeFiles/gftl-shared-v1.dir/depend.internal".
Dependee "extern/fArgParse/extern/gFTL-shared/extern/gFTL/include/v1/templates/key_macros_undefs.inc" is newer than depends file "/users/olsentim/Projects/neko-top/external/pfunit/build/extern/fArgParse/extern/gFTL-shared/src/v1/CMakeFiles/gftl-shared-v1.dir/depend.internal".
Dependee "extern/fArgParse/extern/gFTL-shared/extern/gFTL/include/v1/templates/key_template_macros.inc" is newer than depends file "/users/olsentim/Projects/neko-top/external/pfunit/build/extern/fArgParse/extern/gFTL-shared/src/v1/CMakeFiles/gftl-shared-v1.dir/depend.internal".
Dependee "extern/fArgParse/extern/gFTL-shared/extern/gFTL/include/v1/templates/key_template_macros_undefs.inc" is newer than depends file "/users/olsentim/Projects/neko-top/external/pfunit/build/extern/fArgParse/extern/gFTL-shared/src/v1/CMakeFiles/gftl-shared-v1.dir/depend.internal".
Dependee "extern/fArgParse/extern/gFTL-shared/extern/gFTL/include/v1/templates/type_macros_undefs.inc" is newer than depends file "/users/olsentim/Projects/neko-top/external/pfunit/build/extern/fArgParse/extern/gFTL-shared/src/v1/CMakeFiles/gftl-shared-v1.dir/depend.internal".
Dependee "extern/fArgParse/extern/gFTL-shared/extern/gFTL/include/v1/templates/type_set_use_tokens.inc" is newer than depends file "/users/olsentim/Projects/neko-top/external/pfunit/build/extern/fArgParse/extern/gFTL-shared/src/v1/CMakeFiles/gftl-shared-v1.dir/depend.internal".
Dependee "extern/fArgParse/extern/gFTL-shared/extern/gFTL/include/v1/templates/type_template_macros.inc" is newer than depends file "/users/olsentim/Projects/neko-top/external/pfunit/build/extern/fArgParse/extern/gFTL-shared/src/v1/CMakeFiles/gftl-shared-v1.dir/depend.internal".
Dependee "extern/fArgParse/extern/gFTL-shared/extern/gFTL/include/v1/templates/type_template_macros_undefs.inc" is newer than depends file "/users/olsentim/Projects/neko-top/external/pfunit/build/extern/fArgParse/extern/gFTL-shared/src/v1/CMakeFiles/gftl-shared-v1.dir/depend.internal".
Dependee "extern/fArgParse/extern/gFTL-shared/extern/gFTL/include/v1/templates/type_use_tokens_undef.inc" is newer than depends file "/users/olsentim/Projects/neko-top/external/pfunit/build/extern/fArgParse/extern/gFTL-shared/src/v1/CMakeFiles/gftl-shared-v1.dir/depend.internal".
Dependee "extern/fArgParse/extern/gFTL-shared/extern/gFTL/include/v1/templates/value_macros_undefs.inc" is newer than depends file "/users/olsentim/Projects/neko-top/external/pfunit/build/extern/fArgParse/extern/gFTL-shared/src/v1/CMakeFiles/gftl-shared-v1.dir/depend.internal".
Dependee "extern/fArgParse/extern/gFTL-shared/extern/gFTL/include/v1/templates/value_template_macros.inc" is newer than depends file "/users/olsentim/Projects/neko-top/external/pfunit/build/extern/fArgParse/extern/gFTL-shared/src/v1/CMakeFiles/gftl-shared-v1.dir/depend.internal".
Dependee "extern/fArgParse/extern/gFTL-shared/extern/gFTL/include/v1/templates/value_template_macros_undefs.inc" is newer than depends file "/users/olsentim/Projects/neko-top/external/pfunit/build/extern/fArgParse/extern/gFTL-shared/src/v1/CMakeFiles/gftl-shared-v1.dir/depend.internal".
Dependee "extern/fArgParse/extern/gFTL-shared/extern/gFTL/include/v1/templates/key_macros_undefs.inc" is newer than depends file "/users/olsentim/Projects/neko-top/external/pfunit/build/extern/fArgParse/extern/gFTL-shared/src/v1/CMakeFiles/gftl-shared-v1.dir/depend.internal".
Dependee "extern/fArgParse/extern/gFTL-shared/extern/gFTL/include/v1/templates/key_template_macros.inc" is newer than depends file "/users/olsentim/Projects/neko-top/external/pfunit/build/extern/fArgParse/extern/gFTL-shared/src/v1/CMakeFiles/gftl-shared-v1.dir/depend.internal".
Dependee "extern/fArgParse/extern/gFTL-shared/extern/gFTL/include/v1/templates/key_template_macros_undefs.inc" is newer than depends file "/users/olsentim/Projects/neko-top/external/pfunit/build/extern/fArgParse/extern/gFTL-shared/src/v1/CMakeFiles/gftl-shared-v1.dir/depend.internal".
Dependee "extern/fArgParse/extern/gFTL-shared/extern/gFTL/include/v1/templates/type_macros_undefs.inc" is newer than depends file "/users/olsentim/Projects/neko-top/external/pfunit/build/extern/fArgParse/extern/gFTL-shared/src/v1/CMakeFiles/gftl-shared-v1.dir/depend.internal".
Dependee "extern/fArgParse/extern/gFTL-shared/extern/gFTL/include/v1/templates/type_set_use_tokens.inc" is newer than depends file "/users/olsentim/Projects/neko-top/external/pfunit/build/extern/fArgParse/extern/gFTL-shared/src/v1/CMakeFiles/gftl-shared-v1.dir/depend.internal".
Dependee "extern/fArgParse/extern/gFTL-shared/extern/gFTL/include/v1/templates/type_template_macros.inc" is newer than depends file "/users/olsentim/Projects/neko-top/external/pfunit/build/extern/fArgParse/extern/gFTL-shared/src/v1/CMakeFiles/gftl-shared-v1.dir/depend.internal".
Dependee "extern/fArgParse/extern/gFTL-shared/extern/gFTL/include/v1/templates/type_template_macros_undefs.inc" is newer than depends file "/users/olsentim/Projects/neko-top/external/pfunit/build/extern/fArgParse/extern/gFTL-shared/src/v1/CMakeFiles/gftl-shared-v1.dir/depend.internal".
Dependee "extern/fArgParse/extern/gFTL-shared/extern/gFTL/include/v1/templates/type_use_tokens_undef.inc" is newer than depends file "/users/olsentim/Projects/neko-top/external/pfunit/build/extern/fArgParse/extern/gFTL-shared/src/v1/CMakeFiles/gftl-shared-v1.dir/depend.internal".
Dependee "extern/fArgParse/extern/gFTL-shared/extern/gFTL/include/v1/templates/value_macros_undefs.inc" is newer than depends file "/users/olsentim/Projects/neko-top/external/pfunit/build/extern/fArgParse/extern/gFTL-shared/src/v1/CMakeFiles/gftl-shared-v1.dir/depend.internal".
Dependee "extern/fArgParse/extern/gFTL-shared/extern/gFTL/include/v1/templates/value_template_macros.inc" is newer than depends file "/users/olsentim/Projects/neko-top/external/pfunit/build/extern/fArgParse/extern/gFTL-shared/src/v1/CMakeFiles/gftl-shared-v1.dir/depend.internal".
Dependee "extern/fArgParse/extern/gFTL-shared/extern/gFTL/include/v1/templates/value_template_macros_undefs.inc" is newer than depends file "/users/olsentim/Projects/neko-top/external/pfunit/build/extern/fArgParse/extern/gFTL-shared/src/v1/CMakeFiles/gftl-shared-v1.dir/depend.internal".
Dependee "extern/fArgParse/extern/gFTL-shared/extern/gFTL/include/v1/templates/key_macros_undefs.inc" is newer than depends file "/users/olsentim/Projects/neko-top/external/pfunit/build/extern/fArgParse/extern/gFTL-shared/src/v1/CMakeFiles/gftl-shared-v1.dir/depend.internal".
Dependee "extern/fArgParse/extern/gFTL-shared/extern/gFTL/include/v1/templates/key_template_macros.inc" is newer than depends file "/users/olsentim/Projects/neko-top/external/pfunit/build/extern/fArgParse/extern/gFTL-shared/src/v1/CMakeFiles/gftl-shared-v1.dir/depend.internal".
Dependee "extern/fArgParse/extern/gFTL-shared/extern/gFTL/include/v1/templates/key_template_macros_undefs.inc" is newer than depends file "/users/olsentim/Projects/neko-top/external/pfunit/build/extern/fArgParse/extern/gFTL-shared/src/v1/CMakeFiles/gftl-shared-v1.dir/depend.internal".
Dependee "extern/fArgParse/extern/gFTL-shared/extern/gFTL/include/v1/templates/type_macros_undefs.inc" is newer than depends file "/users/olsentim/Projects/neko-top/external/pfunit/build/extern/fArgParse/extern/gFTL-shared/src/v1/CMakeFiles/gftl-shared-v1.dir/depend.internal".
Dependee "extern/fArgParse/extern/gFTL-shared/extern/gFTL/include/v1/templates/type_set_use_tokens.inc" is newer than depends file "/users/olsentim/Projects/neko-top/external/pfunit/build/extern/fArgParse/extern/gFTL-shared/src/v1/CMakeFiles/gftl-shared-v1.dir/depend.internal".
Dependee "extern/fArgParse/extern/gFTL-shared/extern/gFTL/include/v1/templates/type_template_macros.inc" is newer than depends file "/users/olsentim/Projects/neko-top/external/pfunit/build/extern/fArgParse/extern/gFTL-shared/src/v1/CMakeFiles/gftl-shared-v1.dir/depend.internal".
Dependee "extern/fArgParse/extern/gFTL-shared/extern/gFTL/include/v1/templates/type_template_macros_undefs.inc" is newer than depends file "/users/olsentim/Projects/neko-top/external/pfunit/build/extern/fArgParse/extern/gFTL-shared/src/v1/CMakeFiles/gftl-shared-v1.dir/depend.internal".
Dependee "extern/fArgParse/extern/gFTL-shared/extern/gFTL/include/v1/templates/type_use_tokens_undef.inc" is newer than depends file "/users/olsentim/Projects/neko-top/external/pfunit/build/extern/fArgParse/extern/gFTL-shared/src/v1/CMakeFiles/gftl-shared-v1.dir/depend.internal".
Dependee "extern/fArgParse/extern/gFTL-shared/extern/gFTL/include/v1/templates/value_macros_undefs.inc" is newer than depends file "/users/olsentim/Projects/neko-top/external/pfunit/build/extern/fArgParse/extern/gFTL-shared/src/v1/CMakeFiles/gftl-shared-v1.dir/depend.internal".
Dependee "extern/fArgParse/extern/gFTL-shared/extern/gFTL/include/v1/templates/value_template_macros.inc" is newer than depends file "/users/olsentim/Projects/neko-top/external/pfunit/build/extern/fArgParse/extern/gFTL-shared/src/v1/CMakeFiles/gftl-shared-v1.dir/depend.internal".
Dependee "extern/fArgParse/extern/gFTL-shared/extern/gFTL/include/v1/templates/value_template_macros_undefs.inc" is newer than depends file "/users/olsentim/Projects/neko-top/external/pfunit/build/extern/fArgParse/extern/gFTL-shared/src/v1/CMakeFiles/gftl-shared-v1.dir/depend.internal".
Dependee "extern/fArgParse/extern/gFTL-shared/extern/gFTL/include/v1/templates/key_macros_undefs.inc" is newer than depends file "/users/olsentim/Projects/neko-top/external/pfunit/build/extern/fArgParse/extern/gFTL-shared/src/v1/CMakeFiles/gftl-shared-v1.dir/depend.internal".
Dependee "extern/fArgParse/extern/gFTL-shared/extern/gFTL/include/v1/templates/key_template_macros.inc" is newer than depends file "/users/olsentim/Projects/neko-top/external/pfunit/build/extern/fArgParse/extern/gFTL-shared/src/v1/CMakeFiles/gftl-shared-v1.dir/depend.internal".
Dependee "extern/fArgParse/extern/gFTL-shared/extern/gFTL/include/v1/templates/key_template_macros_undefs.inc" is newer than depends file "/users/olsentim/Projects/neko-top/external/pfunit/build/extern/fArgParse/extern/gFTL-shared/src/v1/CMakeFiles/gftl-shared-v1.dir/depend.internal".
Dependee "extern/fArgParse/extern/gFTL-shared/extern/gFTL/include/v1/templates/type_macros_undefs.inc" is newer than depends file "/users/olsentim/Projects/neko-top/external/pfunit/build/extern/fArgParse/extern/gFTL-shared/src/v1/CMakeFiles/gftl-shared-v1.dir/depend.internal".
Dependee "extern/fArgParse/extern/gFTL-shared/extern/gFTL/include/v1/templates/type_set_use_tokens.inc" is newer than depends file "/users/olsentim/Projects/neko-top/external/pfunit/build/extern/fArgParse/extern/gFTL-shared/src/v1/CMakeFiles/gftl-shared-v1.dir/depend.internal".
Dependee "extern/fArgParse/extern/gFTL-shared/extern/gFTL/include/v1/templates/type_template_macros.inc" is newer than depends file "/users/olsentim/Projects/neko-top/external/pfunit/build/extern/fArgParse/extern/gFTL-shared/src/v1/CMakeFiles/gftl-shared-v1.dir/depend.internal".
Dependee "extern/fArgParse/extern/gFTL-shared/extern/gFTL/include/v1/templates/type_template_macros_undefs.inc" is newer than depends file "/users/olsentim/Projects/neko-top/external/pfunit/build/extern/fArgParse/extern/gFTL-shared/src/v1/CMakeFiles/gftl-shared-v1.dir/depend.internal".
Dependee "extern/fArgParse/extern/gFTL-shared/extern/gFTL/include/v1/templates/type_use_tokens_undef.inc" is newer than depends file "/users/olsentim/Projects/neko-top/external/pfunit/build/extern/fArgParse/extern/gFTL-shared/src/v1/CMakeFiles/gftl-shared-v1.dir/depend.internal".
Dependee "extern/fArgParse/extern/gFTL-shared/extern/gFTL/include/v1/templates/value_macros_undefs.inc" is newer than depends file "/users/olsentim/Projects/neko-top/external/pfunit/build/extern/fArgParse/extern/gFTL-shared/src/v1/CMakeFiles/gftl-shared-v1.dir/depend.internal".
Dependee "extern/fArgParse/extern/gFTL-shared/extern/gFTL/include/v1/templates/value_template_macros.inc" is newer than depends file "/users/olsentim/Projects/neko-top/external/pfunit/build/extern/fArgParse/extern/gFTL-shared/src/v1/CMakeFiles/gftl-shared-v1.dir/depend.internal".
Dependee "extern/fArgParse/extern/gFTL-shared/extern/gFTL/include/v1/templates/value_template_macros_undefs.inc" is newer than depends file "/users/olsentim/Projects/neko-top/external/pfunit/build/extern/fArgParse/extern/gFTL-shared/src/v1/CMakeFiles/gftl-shared-v1.dir/depend.internal".
Dependee "extern/fArgParse/extern/gFTL-shared/extern/gFTL/include/v1/templates/key_macros_undefs.inc" is newer than depends file "/users/olsentim/Projects/neko-top/external/pfunit/build/extern/fArgParse/extern/gFTL-shared/src/v1/CMakeFiles/gftl-shared-v1.dir/depend.internal".
Dependee "extern/fArgParse/extern/gFTL-shared/extern/gFTL/include/v1/templates/key_template_macros.inc" is newer than depends file "/users/olsentim/Projects/neko-top/external/pfunit/build/extern/fArgParse/extern/gFTL-shared/src/v1/CMakeFiles/gftl-shared-v1.dir/depend.internal".
Dependee "extern/fArgParse/extern/gFTL-shared/extern/gFTL/include/v1/templates/key_template_macros_undefs.inc" is newer than depends file "/users/olsentim/Projects/neko-top/external/pfunit/build/extern/fArgParse/extern/gFTL-shared/src/v1/CMakeFiles/gftl-shared-v1.dir/depend.internal".
Dependee "extern/fArgParse/extern/gFTL-shared/extern/gFTL/include/v1/templates/type_macros_undefs.inc" is newer than depends file "/users/olsentim/Projects/neko-top/external/pfunit/build/extern/fArgParse/extern/gFTL-shared/src/v1/CMakeFiles/gftl-shared-v1.dir/depend.internal".
Dependee "extern/fArgParse/extern/gFTL-shared/extern/gFTL/include/v1/templates/type_set_use_tokens.inc" is newer than depends file "/users/olsentim/Projects/neko-top/external/pfunit/build/extern/fArgParse/extern/gFTL-shared/src/v1/CMakeFiles/gftl-shared-v1.dir/depend.internal".
Dependee "extern/fArgParse/extern/gFTL-shared/extern/gFTL/include/v1/templates/type_template_macros.inc" is newer than depends file "/users/olsentim/Projects/neko-top/external/pfunit/build/extern/fArgParse/extern/gFTL-shared/src/v1/CMakeFiles/gftl-shared-v1.dir/depend.internal".
Dependee "extern/fArgParse/extern/gFTL-shared/extern/gFTL/include/v1/templates/type_template_macros_undefs.inc" is newer than depends file "/users/olsentim/Projects/neko-top/external/pfunit/build/extern/fArgParse/extern/gFTL-shared/src/v1/CMakeFiles/gftl-shared-v1.dir/depend.internal".
Dependee "extern/fArgParse/extern/gFTL-shared/extern/gFTL/include/v1/templates/type_use_tokens_undef.inc" is newer than depends file "/users/olsentim/Projects/neko-top/external/pfunit/build/extern/fArgParse/extern/gFTL-shared/src/v1/CMakeFiles/gftl-shared-v1.dir/depend.internal".
Dependee "extern/fArgParse/extern/gFTL-shared/extern/gFTL/include/v1/templates/value_macros_undefs.inc" is newer than depends file "/users/olsentim/Projects/neko-top/external/pfunit/build/extern/fArgParse/extern/gFTL-shared/src/v1/CMakeFiles/gftl-shared-v1.dir/depend.internal".
Dependee "extern/fArgParse/extern/gFTL-shared/extern/gFTL/include/v1/templates/value_template_macros.inc" is newer than depends file "/users/olsentim/Projects/neko-top/external/pfunit/build/extern/fArgParse/extern/gFTL-shared/src/v1/CMakeFiles/gftl-shared-v1.dir/depend.internal".
Dependee "extern/fArgParse/extern/gFTL-shared/extern/gFTL/include/v1/templates/value_template_macros_undefs.inc" is newer than depends file "/users/olsentim/Projects/neko-top/external/pfunit/build/extern/fArgParse/extern/gFTL-shared/src/v1/CMakeFiles/gftl-shared-v1.dir/depend.internal".
Dependee "extern/fArgParse/extern/gFTL-shared/extern/gFTL/include/v1/templates/key_macros_undefs.inc" is newer than depends file "/users/olsentim/Projects/neko-top/external/pfunit/build/extern/fArgParse/extern/gFTL-shared/src/v1/CMakeFiles/gftl-shared-v1.dir/depend.internal".
Dependee "extern/fArgParse/extern/gFTL-shared/extern/gFTL/include/v1/templates/key_template_macros.inc" is newer than depends file "/users/olsentim/Projects/neko-top/external/pfunit/build/extern/fArgParse/extern/gFTL-shared/src/v1/CMakeFiles/gftl-shared-v1.dir/depend.internal".
Dependee "extern/fArgParse/extern/gFTL-shared/extern/gFTL/include/v1/templates/key_template_macros_undefs.inc" is newer than depends file "/users/olsentim/Projects/neko-top/external/pfunit/build/extern/fArgParse/extern/gFTL-shared/src/v1/CMakeFiles/gftl-shared-v1.dir/depend.internal".
Dependee "extern/fArgParse/extern/gFTL-shared/extern/gFTL/include/v1/templates/type_macros_undefs.inc" is newer than depends file "/users/olsentim/Projects/neko-top/external/pfunit/build/extern/fArgParse/extern/gFTL-shared/src/v1/CMakeFiles/gftl-shared-v1.dir/depend.internal".
Dependee "extern/fArgParse/extern/gFTL-shared/extern/gFTL/include/v1/templates/type_set_use_tokens.inc" is newer than depends file "/users/olsentim/Projects/neko-top/external/pfunit/build/extern/fArgParse/extern/gFTL-shared/src/v1/CMakeFiles/gftl-shared-v1.dir/depend.internal".
Dependee "extern/fArgParse/extern/gFTL-shared/extern/gFTL/include/v1/templates/type_template_macros.inc" is newer than depends file "/users/olsentim/Projects/neko-top/external/pfunit/build/extern/fArgParse/extern/gFTL-shared/src/v1/CMakeFiles/gftl-shared-v1.dir/depend.internal".
Dependee "extern/fArgParse/extern/gFTL-shared/extern/gFTL/include/v1/templates/type_template_macros_undefs.inc" is newer than depends file "/users/olsentim/Projects/neko-top/external/pfunit/build/extern/fArgParse/extern/gFTL-shared/src/v1/CMakeFiles/gftl-shared-v1.dir/depend.internal".
Dependee "extern/fArgParse/extern/gFTL-shared/extern/gFTL/include/v1/templates/type_use_tokens_undef.inc" is newer than depends file "/users/olsentim/Projects/neko-top/external/pfunit/build/extern/fArgParse/extern/gFTL-shared/src/v1/CMakeFiles/gftl-shared-v1.dir/depend.internal".
Dependee "extern/fArgParse/extern/gFTL-shared/extern/gFTL/include/v1/templates/value_macros_undefs.inc" is newer than depends file "/users/olsentim/Projects/neko-top/external/pfunit/build/extern/fArgParse/extern/gFTL-shared/src/v1/CMakeFiles/gftl-shared-v1.dir/depend.internal".
Dependee "extern/fArgParse/extern/gFTL-shared/extern/gFTL/include/v1/templates/value_template_macros.inc" is newer than depends file "/users/olsentim/Projects/neko-top/external/pfunit/build/extern/fArgParse/extern/gFTL-shared/src/v1/CMakeFiles/gftl-shared-v1.dir/depend.internal".
Dependee "extern/fArgParse/extern/gFTL-shared/extern/gFTL/include/v1/templates/value_template_macros_undefs.inc" is newer than depends file "/users/olsentim/Projects/neko-top/external/pfunit/build/extern/fArgParse/extern/gFTL-shared/src/v1/CMakeFiles/gftl-shared-v1.dir/depend.internal".
Dependee "extern/fArgParse/extern/gFTL-shared/extern/gFTL/include/v1/templates/key_macros_undefs.inc" is newer than depends file "/users/olsentim/Projects/neko-top/external/pfunit/build/extern/fArgParse/extern/gFTL-shared/src/v1/CMakeFiles/gftl-shared-v1.dir/depend.internal".
Dependee "extern/fArgParse/extern/gFTL-shared/extern/gFTL/include/v1/templates/key_set_use_tokens.inc" is newer than depends file "/users/olsentim/Projects/neko-top/external/pfunit/build/extern/fArgParse/extern/gFTL-shared/src/v1/CMakeFiles/gftl-shared-v1.dir/depend.internal".
Dependee "extern/fArgParse/extern/gFTL-shared/extern/gFTL/include/v1/templates/key_template_macros.inc" is newer than depends file "/users/olsentim/Projects/neko-top/external/pfunit/build/extern/fArgParse/extern/gFTL-shared/src/v1/CMakeFiles/gftl-shared-v1.dir/depend.internal".
Dependee "extern/fArgParse/extern/gFTL-shared/extern/gFTL/include/v1/templates/key_template_macros_undefs.inc" is newer than depends file "/users/olsentim/Projects/neko-top/external/pfunit/build/extern/fArgParse/extern/gFTL-shared/src/v1/CMakeFiles/gftl-shared-v1.dir/depend.internal".
Dependee "extern/fArgParse/extern/gFTL-shared/extern/gFTL/include/v1/templates/key_use_tokens_undef.inc" is newer than depends file "/users/olsentim/Projects/neko-top/external/pfunit/build/extern/fArgParse/extern/gFTL-shared/src/v1/CMakeFiles/gftl-shared-v1.dir/depend.internal".
Dependee "extern/fArgParse/extern/gFTL-shared/extern/gFTL/include/v1/templates/type_macros_undefs.inc" is newer than depends file "/users/olsentim/Projects/neko-top/external/pfunit/build/extern/fArgParse/extern/gFTL-shared/src/v1/CMakeFiles/gftl-shared-v1.dir/depend.internal".
Dependee "extern/fArgParse/extern/gFTL-shared/extern/gFTL/include/v1/templates/type_set_use_tokens.inc" is newer than depends file "/users/olsentim/Projects/neko-top/external/pfunit/build/extern/fArgParse/extern/gFTL-shared/src/v1/CMakeFiles/gftl-shared-v1.dir/depend.internal".
Dependee "extern/fArgParse/extern/gFTL-shared/extern/gFTL/include/v1/templates/type_template_macros.inc" is newer than depends file "/users/olsentim/Projects/neko-top/external/pfunit/build/extern/fArgParse/extern/gFTL-shared/src/v1/CMakeFiles/gftl-shared-v1.dir/depend.internal".
Dependee "extern/fArgParse/extern/gFTL-shared/extern/gFTL/include/v1/templates/type_template_macros_undefs.inc" is newer than depends file "/users/olsentim/Projects/neko-top/external/pfunit/build/extern/fArgParse/extern/gFTL-shared/src/v1/CMakeFiles/gftl-shared-v1.dir/depend.internal".
Dependee "extern/fArgParse/extern/gFTL-shared/extern/gFTL/include/v1/templates/type_use_tokens_undef.inc" is newer than depends file "/users/olsentim/Projects/neko-top/external/pfunit/build/extern/fArgParse/extern/gFTL-shared/src/v1/CMakeFiles/gftl-shared-v1.dir/depend.internal".
Dependee "extern/fArgParse/extern/gFTL-shared/extern/gFTL/include/v1/templates/value_macros_undefs.inc" is newer than depends file "/users/olsentim/Projects/neko-top/external/pfunit/build/extern/fArgParse/extern/gFTL-shared/src/v1/CMakeFiles/gftl-shared-v1.dir/depend.internal".
Dependee "extern/fArgParse/extern/gFTL-shared/extern/gFTL/include/v1/templates/value_set_use_tokens.inc" is newer than depends file "/users/olsentim/Projects/neko-top/external/pfunit/build/extern/fArgParse/extern/gFTL-shared/src/v1/CMakeFiles/gftl-shared-v1.dir/depend.internal".
Dependee "extern/fArgParse/extern/gFTL-shared/extern/gFTL/include/v1/templates/value_template_macros.inc" is newer than depends file "/users/olsentim/Projects/neko-top/external/pfunit/build/extern/fArgParse/extern/gFTL-shared/src/v1/CMakeFiles/gftl-shared-v1.dir/depend.internal".
Dependee "extern/fArgParse/extern/gFTL-shared/extern/gFTL/include/v1/templates/value_template_macros_undefs.inc" is newer than depends file "/users/olsentim/Projects/neko-top/external/pfunit/build/extern/fArgParse/extern/gFTL-shared/src/v1/CMakeFiles/gftl-shared-v1.dir/depend.internal".
Dependee "extern/fArgParse/extern/gFTL-shared/extern/gFTL/include/v1/templates/value_use_tokens_undef.inc" is newer than depends file "/users/olsentim/Projects/neko-top/external/pfunit/build/extern/fArgParse/extern/gFTL-shared/src/v1/CMakeFiles/gftl-shared-v1.dir/depend.internal".
Dependee "extern/fArgParse/extern/gFTL-shared/extern/gFTL/include/v1/types/key_deferredLengthString.inc" is newer than depends file "/users/olsentim/Projects/neko-top/external/pfunit/build/extern/fArgParse/extern/gFTL-shared/src/v1/CMakeFiles/gftl-shared-v1.dir/depend.internal".
Dependee "extern/fArgParse/extern/gFTL-shared/extern/gFTL/include/v1/templates/key_macros_undefs.inc" is newer than depends file "/users/olsentim/Projects/neko-top/external/pfunit/build/extern/fArgParse/extern/gFTL-shared/src/v1/CMakeFiles/gftl-shared-v1.dir/depend.internal".
Dependee "extern/fArgParse/extern/gFTL-shared/extern/gFTL/include/v1/templates/key_set_use_tokens.inc" is newer than depends file "/users/olsentim/Projects/neko-top/external/pfunit/build/extern/fArgParse/extern/gFTL-shared/src/v1/CMakeFiles/gftl-shared-v1.dir/depend.internal".
Dependee "extern/fArgParse/extern/gFTL-shared/extern/gFTL/include/v1/templates/key_template_macros.inc" is newer than depends file "/users/olsentim/Projects/neko-top/external/pfunit/build/extern/fArgParse/extern/gFTL-shared/src/v1/CMakeFiles/gftl-shared-v1.dir/depend.internal".
Dependee "extern/fArgParse/extern/gFTL-shared/extern/gFTL/include/v1/templates/key_template_macros_undefs.inc" is newer than depends file "/users/olsentim/Projects/neko-top/external/pfunit/build/extern/fArgParse/extern/gFTL-shared/src/v1/CMakeFiles/gftl-shared-v1.dir/depend.internal".
Dependee "extern/fArgParse/extern/gFTL-shared/extern/gFTL/include/v1/templates/key_use_tokens_undef.inc" is newer than depends file "/users/olsentim/Projects/neko-top/external/pfunit/build/extern/fArgParse/extern/gFTL-shared/src/v1/CMakeFiles/gftl-shared-v1.dir/depend.internal".
Dependee "extern/fArgParse/extern/gFTL-shared/extern/gFTL/include/v1/templates/type_macros_undefs.inc" is newer than depends file "/users/olsentim/Projects/neko-top/external/pfunit/build/extern/fArgParse/extern/gFTL-shared/src/v1/CMakeFiles/gftl-shared-v1.dir/depend.internal".
Dependee "extern/fArgParse/extern/gFTL-shared/extern/gFTL/include/v1/templates/type_set_use_tokens.inc" is newer than depends file "/users/olsentim/Projects/neko-top/external/pfunit/build/extern/fArgParse/extern/gFTL-shared/src/v1/CMakeFiles/gftl-shared-v1.dir/depend.internal".
Dependee "extern/fArgParse/extern/gFTL-shared/extern/gFTL/include/v1/templates/type_template_macros.inc" is newer than depends file "/users/olsentim/Projects/neko-top/external/pfunit/build/extern/fArgParse/extern/gFTL-shared/src/v1/CMakeFiles/gftl-shared-v1.dir/depend.internal".
Dependee "extern/fArgParse/extern/gFTL-shared/extern/gFTL/include/v1/templates/type_template_macros_undefs.inc" is newer than depends file "/users/olsentim/Projects/neko-top/external/pfunit/build/extern/fArgParse/extern/gFTL-shared/src/v1/CMakeFiles/gftl-shared-v1.dir/depend.internal".
Dependee "extern/fArgParse/extern/gFTL-shared/extern/gFTL/include/v1/templates/type_use_tokens_undef.inc" is newer than depends file "/users/olsentim/Projects/neko-top/external/pfunit/build/extern/fArgParse/extern/gFTL-shared/src/v1/CMakeFiles/gftl-shared-v1.dir/depend.internal".
Dependee "extern/fArgParse/extern/gFTL-shared/extern/gFTL/include/v1/templates/value_macros_undefs.inc" is newer than depends file "/users/olsentim/Projects/neko-top/external/pfunit/build/extern/fArgParse/extern/gFTL-shared/src/v1/CMakeFiles/gftl-shared-v1.dir/depend.internal".
Dependee "extern/fArgParse/extern/gFTL-shared/extern/gFTL/include/v1/templates/value_set_use_tokens.inc" is newer than depends file "/users/olsentim/Projects/neko-top/external/pfunit/build/extern/fArgParse/extern/gFTL-shared/src/v1/CMakeFiles/gftl-shared-v1.dir/depend.internal".
Dependee "extern/fArgParse/extern/gFTL-shared/extern/gFTL/include/v1/templates/value_template_macros.inc" is newer than depends file "/users/olsentim/Projects/neko-top/external/pfunit/build/extern/fArgParse/extern/gFTL-shared/src/v1/CMakeFiles/gftl-shared-v1.dir/depend.internal".
Dependee "extern/fArgParse/extern/gFTL-shared/extern/gFTL/include/v1/templates/value_template_macros_undefs.inc" is newer than depends file "/users/olsentim/Projects/neko-top/external/pfunit/build/extern/fArgParse/extern/gFTL-shared/src/v1/CMakeFiles/gftl-shared-v1.dir/depend.internal".
Dependee "extern/fArgParse/extern/gFTL-shared/extern/gFTL/include/v1/templates/value_use_tokens_undef.inc" is newer than depends file "/users/olsentim/Projects/neko-top/external/pfunit/build/extern/fArgParse/extern/gFTL-shared/src/v1/CMakeFiles/gftl-shared-v1.dir/depend.internal".
Dependee "extern/fArgParse/extern/gFTL-shared/extern/gFTL/include/v1/types/key_deferredLengthString.inc" is newer than depends file "/users/olsentim/Projects/neko-top/external/pfunit/build/extern/fArgParse/extern/gFTL-shared/src/v1/CMakeFiles/gftl-shared-v1.dir/depend.internal".
Dependee "extern/fArgParse/extern/gFTL-shared/extern/gFTL/include/v1/templates/key_macros_undefs.inc" is newer than depends file "/users/olsentim/Projects/neko-top/external/pfunit/build/extern/fArgParse/extern/gFTL-shared/src/v1/CMakeFiles/gftl-shared-v1.dir/depend.internal".
Dependee "extern/fArgParse/extern/gFTL-shared/extern/gFTL/include/v1/templates/key_set_use_tokens.inc" is newer than depends file "/users/olsentim/Projects/neko-top/external/pfunit/build/extern/fArgParse/extern/gFTL-shared/src/v1/CMakeFiles/gftl-shared-v1.dir/depend.internal".
Dependee "extern/fArgParse/extern/gFTL-shared/extern/gFTL/include/v1/templates/key_template_macros.inc" is newer than depends file "/users/olsentim/Projects/neko-top/external/pfunit/build/extern/fArgParse/extern/gFTL-shared/src/v1/CMakeFiles/gftl-shared-v1.dir/depend.internal".
Dependee "extern/fArgParse/extern/gFTL-shared/extern/gFTL/include/v1/templates/key_template_macros_undefs.inc" is newer than depends file "/users/olsentim/Projects/neko-top/external/pfunit/build/extern/fArgParse/extern/gFTL-shared/src/v1/CMakeFiles/gftl-shared-v1.dir/depend.internal".
Dependee "extern/fArgParse/extern/gFTL-shared/extern/gFTL/include/v1/templates/key_use_tokens_undef.inc" is newer than depends file "/users/olsentim/Projects/neko-top/external/pfunit/build/extern/fArgParse/extern/gFTL-shared/src/v1/CMakeFiles/gftl-shared-v1.dir/depend.internal".
Dependee "extern/fArgParse/extern/gFTL-shared/extern/gFTL/include/v1/templates/type_macros_undefs.inc" is newer than depends file "/users/olsentim/Projects/neko-top/external/pfunit/build/extern/fArgParse/extern/gFTL-shared/src/v1/CMakeFiles/gftl-shared-v1.dir/depend.internal".
Dependee "extern/fArgParse/extern/gFTL-shared/extern/gFTL/include/v1/templates/type_set_use_tokens.inc" is newer than depends file "/users/olsentim/Projects/neko-top/external/pfunit/build/extern/fArgParse/extern/gFTL-shared/src/v1/CMakeFiles/gftl-shared-v1.dir/depend.internal".
Dependee "extern/fArgParse/extern/gFTL-shared/extern/gFTL/include/v1/templates/type_template_macros.inc" is newer than depends file "/users/olsentim/Projects/neko-top/external/pfunit/build/extern/fArgParse/extern/gFTL-shared/src/v1/CMakeFiles/gftl-shared-v1.dir/depend.internal".
Dependee "extern/fArgParse/extern/gFTL-shared/extern/gFTL/include/v1/templates/type_template_macros_undefs.inc" is newer than depends file "/users/olsentim/Projects/neko-top/external/pfunit/build/extern/fArgParse/extern/gFTL-shared/src/v1/CMakeFiles/gftl-shared-v1.dir/depend.internal".
Dependee "extern/fArgParse/extern/gFTL-shared/extern/gFTL/include/v1/templates/type_use_tokens_undef.inc" is newer than depends file "/users/olsentim/Projects/neko-top/external/pfunit/build/extern/fArgParse/extern/gFTL-shared/src/v1/CMakeFiles/gftl-shared-v1.dir/depend.internal".
Dependee "extern/fArgParse/extern/gFTL-shared/extern/gFTL/include/v1/templates/value_macros_undefs.inc" is newer than depends file "/users/olsentim/Projects/neko-top/external/pfunit/build/extern/fArgParse/extern/gFTL-shared/src/v1/CMakeFiles/gftl-shared-v1.dir/depend.internal".
Dependee "extern/fArgParse/extern/gFTL-shared/extern/gFTL/include/v1/templates/value_set_use_tokens.inc" is newer than depends file "/users/olsentim/Projects/neko-top/external/pfunit/build/extern/fArgParse/extern/gFTL-shared/src/v1/CMakeFiles/gftl-shared-v1.dir/depend.internal".
Dependee "extern/fArgParse/extern/gFTL-shared/extern/gFTL/include/v1/templates/value_template_macros.inc" is newer than depends file "/users/olsentim/Projects/neko-top/external/pfunit/build/extern/fArgParse/extern/gFTL-shared/src/v1/CMakeFiles/gftl-shared-v1.dir/depend.internal".
Dependee "extern/fArgParse/extern/gFTL-shared/extern/gFTL/include/v1/templates/value_template_macros_undefs.inc" is newer than depends file "/users/olsentim/Projects/neko-top/external/pfunit/build/extern/fArgParse/extern/gFTL-shared/src/v1/CMakeFiles/gftl-shared-v1.dir/depend.internal".
Dependee "extern/fArgParse/extern/gFTL-shared/extern/gFTL/include/v1/templates/value_use_tokens_undef.inc" is newer than depends file "/users/olsentim/Projects/neko-top/external/pfunit/build/extern/fArgParse/extern/gFTL-shared/src/v1/CMakeFiles/gftl-shared-v1.dir/depend.internal".
Dependee "extern/fArgParse/extern/gFTL-shared/extern/gFTL/include/v1/types/key_deferredLengthString.inc" is newer than depends file "/users/olsentim/Projects/neko-top/external/pfunit/build/extern/fArgParse/extern/gFTL-shared/src/v1/CMakeFiles/gftl-shared-v1.dir/depend.internal".
Dependee "extern/fArgParse/extern/gFTL-shared/extern/gFTL/include/v1/templates/key_macros_undefs.inc" is newer than depends file "/users/olsentim/Projects/neko-top/external/pfunit/build/extern/fArgParse/extern/gFTL-shared/src/v1/CMakeFiles/gftl-shared-v1.dir/depend.internal".
Dependee "extern/fArgParse/extern/gFTL-shared/extern/gFTL/include/v1/templates/key_set_use_tokens.inc" is newer than depends file "/users/olsentim/Projects/neko-top/external/pfunit/build/extern/fArgParse/extern/gFTL-shared/src/v1/CMakeFiles/gftl-shared-v1.dir/depend.internal".
Dependee "extern/fArgParse/extern/gFTL-shared/extern/gFTL/include/v1/templates/key_template_macros.inc" is newer than depends file "/users/olsentim/Projects/neko-top/external/pfunit/build/extern/fArgParse/extern/gFTL-shared/src/v1/CMakeFiles/gftl-shared-v1.dir/depend.internal".
Dependee "extern/fArgParse/extern/gFTL-shared/extern/gFTL/include/v1/templates/key_template_macros_undefs.inc" is newer than depends file "/users/olsentim/Projects/neko-top/external/pfunit/build/extern/fArgParse/extern/gFTL-shared/src/v1/CMakeFiles/gftl-shared-v1.dir/depend.internal".
Dependee "extern/fArgParse/extern/gFTL-shared/extern/gFTL/include/v1/templates/key_use_tokens_undef.inc" is newer than depends file "/users/olsentim/Projects/neko-top/external/pfunit/build/extern/fArgParse/extern/gFTL-shared/src/v1/CMakeFiles/gftl-shared-v1.dir/depend.internal".
Dependee "extern/fArgParse/extern/gFTL-shared/extern/gFTL/include/v1/templates/type_macros_undefs.inc" is newer than depends file "/users/olsentim/Projects/neko-top/external/pfunit/build/extern/fArgParse/extern/gFTL-shared/src/v1/CMakeFiles/gftl-shared-v1.dir/depend.internal".
Dependee "extern/fArgParse/extern/gFTL-shared/extern/gFTL/include/v1/templates/type_set_use_tokens.inc" is newer than depends file "/users/olsentim/Projects/neko-top/external/pfunit/build/extern/fArgParse/extern/gFTL-shared/src/v1/CMakeFiles/gftl-shared-v1.dir/depend.internal".
Dependee "extern/fArgParse/extern/gFTL-shared/extern/gFTL/include/v1/templates/type_template_macros.inc" is newer than depends file "/users/olsentim/Projects/neko-top/external/pfunit/build/extern/fArgParse/extern/gFTL-shared/src/v1/CMakeFiles/gftl-shared-v1.dir/depend.internal".
Dependee "extern/fArgParse/extern/gFTL-shared/extern/gFTL/include/v1/templates/type_template_macros_undefs.inc" is newer than depends file "/users/olsentim/Projects/neko-top/external/pfunit/build/extern/fArgParse/extern/gFTL-shared/src/v1/CMakeFiles/gftl-shared-v1.dir/depend.internal".
Dependee "extern/fArgParse/extern/gFTL-shared/extern/gFTL/include/v1/templates/type_use_tokens_undef.inc" is newer than depends file "/users/olsentim/Projects/neko-top/external/pfunit/build/extern/fArgParse/extern/gFTL-shared/src/v1/CMakeFiles/gftl-shared-v1.dir/depend.internal".
Dependee "extern/fArgParse/extern/gFTL-shared/extern/gFTL/include/v1/templates/value_macros_undefs.inc" is newer than depends file "/users/olsentim/Projects/neko-top/external/pfunit/build/extern/fArgParse/extern/gFTL-shared/src/v1/CMakeFiles/gftl-shared-v1.dir/depend.internal".
Dependee "extern/fArgParse/extern/gFTL-shared/extern/gFTL/include/v1/templates/value_set_use_tokens.inc" is newer than depends file "/users/olsentim/Projects/neko-top/external/pfunit/build/extern/fArgParse/extern/gFTL-shared/src/v1/CMakeFiles/gftl-shared-v1.dir/depend.internal".
Dependee "extern/fArgParse/extern/gFTL-shared/extern/gFTL/include/v1/templates/value_template_macros.inc" is newer than depends file "/users/olsentim/Projects/neko-top/external/pfunit/build/extern/fArgParse/extern/gFTL-shared/src/v1/CMakeFiles/gftl-shared-v1.dir/depend.internal".
Dependee "extern/fArgParse/extern/gFTL-shared/extern/gFTL/include/v1/templates/value_template_macros_undefs.inc" is newer than depends file "/users/olsentim/Projects/neko-top/external/pfunit/build/extern/fArgParse/extern/gFTL-shared/src/v1/CMakeFiles/gftl-shared-v1.dir/depend.internal".
Dependee "extern/fArgParse/extern/gFTL-shared/extern/gFTL/include/v1/templates/value_use_tokens_undef.inc" is newer than depends file "/users/olsentim/Projects/neko-top/external/pfunit/build/extern/fArgParse/extern/gFTL-shared/src/v1/CMakeFiles/gftl-shared-v1.dir/depend.internal".
Dependee "extern/fArgParse/extern/gFTL-shared/extern/gFTL/include/v1/types/key_deferredLengthString.inc" is newer than depends file "/users/olsentim/Projects/neko-top/external/pfunit/build/extern/fArgParse/extern/gFTL-shared/src/v1/CMakeFiles/gftl-shared-v1.dir/depend.internal".
Dependee "extern/fArgParse/extern/gFTL-shared/extern/gFTL/include/v1/templates/key_macros_undefs.inc" is newer than depends file "/users/olsentim/Projects/neko-top/external/pfunit/build/extern/fArgParse/extern/gFTL-shared/src/v1/CMakeFiles/gftl-shared-v1.dir/depend.internal".
Dependee "extern/fArgParse/extern/gFTL-shared/extern/gFTL/include/v1/templates/key_set_use_tokens.inc" is newer than depends file "/users/olsentim/Projects/neko-top/external/pfunit/build/extern/fArgParse/extern/gFTL-shared/src/v1/CMakeFiles/gftl-shared-v1.dir/depend.internal".
Dependee "extern/fArgParse/extern/gFTL-shared/extern/gFTL/include/v1/templates/key_template_macros.inc" is newer than depends file "/users/olsentim/Projects/neko-top/external/pfunit/build/extern/fArgParse/extern/gFTL-shared/src/v1/CMakeFiles/gftl-shared-v1.dir/depend.internal".
Dependee "extern/fArgParse/extern/gFTL-shared/extern/gFTL/include/v1/templates/key_template_macros_undefs.inc" is newer than depends file "/users/olsentim/Projects/neko-top/external/pfunit/build/extern/fArgParse/extern/gFTL-shared/src/v1/CMakeFiles/gftl-shared-v1.dir/depend.internal".
Dependee "extern/fArgParse/extern/gFTL-shared/extern/gFTL/include/v1/templates/key_use_tokens_undef.inc" is newer than depends file "/users/olsentim/Projects/neko-top/external/pfunit/build/extern/fArgParse/extern/gFTL-shared/src/v1/CMakeFiles/gftl-shared-v1.dir/depend.internal".
Dependee "extern/fArgParse/extern/gFTL-shared/extern/gFTL/include/v1/templates/type_macros_undefs.inc" is newer than depends file "/users/olsentim/Projects/neko-top/external/pfunit/build/extern/fArgParse/extern/gFTL-shared/src/v1/CMakeFiles/gftl-shared-v1.dir/depend.internal".
Dependee "extern/fArgParse/extern/gFTL-shared/extern/gFTL/include/v1/templates/type_set_use_tokens.inc" is newer than depends file "/users/olsentim/Projects/neko-top/external/pfunit/build/extern/fArgParse/extern/gFTL-shared/src/v1/CMakeFiles/gftl-shared-v1.dir/depend.internal".
Dependee "extern/fArgParse/extern/gFTL-shared/extern/gFTL/include/v1/templates/type_template_macros.inc" is newer than depends file "/users/olsentim/Projects/neko-top/external/pfunit/build/extern/fArgParse/extern/gFTL-shared/src/v1/CMakeFiles/gftl-shared-v1.dir/depend.internal".
Dependee "extern/fArgParse/extern/gFTL-shared/extern/gFTL/include/v1/templates/type_template_macros_undefs.inc" is newer than depends file "/users/olsentim/Projects/neko-top/external/pfunit/build/extern/fArgParse/extern/gFTL-shared/src/v1/CMakeFiles/gftl-shared-v1.dir/depend.internal".
Dependee "extern/fArgParse/extern/gFTL-shared/extern/gFTL/include/v1/templates/type_use_tokens_undef.inc" is newer than depends file "/users/olsentim/Projects/neko-top/external/pfunit/build/extern/fArgParse/extern/gFTL-shared/src/v1/CMakeFiles/gftl-shared-v1.dir/depend.internal".
Dependee "extern/fArgParse/extern/gFTL-shared/extern/gFTL/include/v1/templates/value_macros_undefs.inc" is newer than depends file "/users/olsentim/Projects/neko-top/external/pfunit/build/extern/fArgParse/extern/gFTL-shared/src/v1/CMakeFiles/gftl-shared-v1.dir/depend.internal".
Dependee "extern/fArgParse/extern/gFTL-shared/extern/gFTL/include/v1/templates/value_set_use_tokens.inc" is newer than depends file "/users/olsentim/Projects/neko-top/external/pfunit/build/extern/fArgParse/extern/gFTL-shared/src/v1/CMakeFiles/gftl-shared-v1.dir/depend.internal".
Dependee "extern/fArgParse/extern/gFTL-shared/extern/gFTL/include/v1/templates/value_template_macros.inc" is newer than depends file "/users/olsentim/Projects/neko-top/external/pfunit/build/extern/fArgParse/extern/gFTL-shared/src/v1/CMakeFiles/gftl-shared-v1.dir/depend.internal".
Dependee "extern/fArgParse/extern/gFTL-shared/extern/gFTL/include/v1/templates/value_template_macros_undefs.inc" is newer than depends file "/users/olsentim/Projects/neko-top/external/pfunit/build/extern/fArgParse/extern/gFTL-shared/src/v1/CMakeFiles/gftl-shared-v1.dir/depend.internal".
Dependee "extern/fArgParse/extern/gFTL-shared/extern/gFTL/include/v1/templates/value_use_tokens_undef.inc" is newer than depends file "/users/olsentim/Projects/neko-top/external/pfunit/build/extern/fArgParse/extern/gFTL-shared/src/v1/CMakeFiles/gftl-shared-v1.dir/depend.internal".
Dependee "extern/fArgParse/extern/gFTL-shared/extern/gFTL/include/v1/types/key_deferredLengthString.inc" is newer than depends file "/users/olsentim/Projects/neko-top/external/pfunit/build/extern/fArgParse/extern/gFTL-shared/src/v1/CMakeFiles/gftl-shared-v1.dir/depend.internal".
Dependee "extern/fArgParse/extern/gFTL-shared/extern/gFTL/include/v1/templates/key_macros_undefs.inc" is newer than depends file "/users/olsentim/Projects/neko-top/external/pfunit/build/extern/fArgParse/extern/gFTL-shared/src/v1/CMakeFiles/gftl-shared-v1.dir/depend.internal".
Dependee "extern/fArgParse/extern/gFTL-shared/extern/gFTL/include/v1/templates/key_set_use_tokens.inc" is newer than depends file "/users/olsentim/Projects/neko-top/external/pfunit/build/extern/fArgParse/extern/gFTL-shared/src/v1/CMakeFiles/gftl-shared-v1.dir/depend.internal".
Dependee "extern/fArgParse/extern/gFTL-shared/extern/gFTL/include/v1/templates/key_template_macros.inc" is newer than depends file "/users/olsentim/Projects/neko-top/external/pfunit/build/extern/fArgParse/extern/gFTL-shared/src/v1/CMakeFiles/gftl-shared-v1.dir/depend.internal".
Dependee "extern/fArgParse/extern/gFTL-shared/extern/gFTL/include/v1/templates/key_template_macros_undefs.inc" is newer than depends file "/users/olsentim/Projects/neko-top/external/pfunit/build/extern/fArgParse/extern/gFTL-shared/src/v1/CMakeFiles/gftl-shared-v1.dir/depend.internal".
Dependee "extern/fArgParse/extern/gFTL-shared/extern/gFTL/include/v1/templates/key_use_tokens_undef.inc" is newer than depends file "/users/olsentim/Projects/neko-top/external/pfunit/build/extern/fArgParse/extern/gFTL-shared/src/v1/CMakeFiles/gftl-shared-v1.dir/depend.internal".
Dependee "extern/fArgParse/extern/gFTL-shared/extern/gFTL/include/v1/templates/type_macros_undefs.inc" is newer than depends file "/users/olsentim/Projects/neko-top/external/pfunit/build/extern/fArgParse/extern/gFTL-shared/src/v1/CMakeFiles/gftl-shared-v1.dir/depend.internal".
Dependee "extern/fArgParse/extern/gFTL-shared/extern/gFTL/include/v1/templates/type_set_use_tokens.inc" is newer than depends file "/users/olsentim/Projects/neko-top/external/pfunit/build/extern/fArgParse/extern/gFTL-shared/src/v1/CMakeFiles/gftl-shared-v1.dir/depend.internal".
Dependee "extern/fArgParse/extern/gFTL-shared/extern/gFTL/include/v1/templates/type_template_macros.inc" is newer than depends file "/users/olsentim/Projects/neko-top/external/pfunit/build/extern/fArgParse/extern/gFTL-shared/src/v1/CMakeFiles/gftl-shared-v1.dir/depend.internal".
Dependee "extern/fArgParse/extern/gFTL-shared/extern/gFTL/include/v1/templates/type_template_macros_undefs.inc" is newer than depends file "/users/olsentim/Projects/neko-top/external/pfunit/build/extern/fArgParse/extern/gFTL-shared/src/v1/CMakeFiles/gftl-shared-v1.dir/depend.internal".
Dependee "extern/fArgParse/extern/gFTL-shared/extern/gFTL/include/v1/templates/type_use_tokens_undef.inc" is newer than depends file "/users/olsentim/Projects/neko-top/external/pfunit/build/extern/fArgParse/extern/gFTL-shared/src/v1/CMakeFiles/gftl-shared-v1.dir/depend.internal".
Dependee "extern/fArgParse/extern/gFTL-shared/extern/gFTL/include/v1/templates/value_macros_undefs.inc" is newer than depends file "/users/olsentim/Projects/neko-top/external/pfunit/build/extern/fArgParse/extern/gFTL-shared/src/v1/CMakeFiles/gftl-shared-v1.dir/depend.internal".
Dependee "extern/fArgParse/extern/gFTL-shared/extern/gFTL/include/v1/templates/value_set_use_tokens.inc" is newer than depends file "/users/olsentim/Projects/neko-top/external/pfunit/build/extern/fArgParse/extern/gFTL-shared/src/v1/CMakeFiles/gftl-shared-v1.dir/depend.internal".
Dependee "extern/fArgParse/extern/gFTL-shared/extern/gFTL/include/v1/templates/value_template_macros.inc" is newer than depends file "/users/olsentim/Projects/neko-top/external/pfunit/build/extern/fArgParse/extern/gFTL-shared/src/v1/CMakeFiles/gftl-shared-v1.dir/depend.internal".
Dependee "extern/fArgParse/extern/gFTL-shared/extern/gFTL/include/v1/templates/value_template_macros_undefs.inc" is newer than depends file "/users/olsentim/Projects/neko-top/external/pfunit/build/extern/fArgParse/extern/gFTL-shared/src/v1/CMakeFiles/gftl-shared-v1.dir/depend.internal".
Dependee "extern/fArgParse/extern/gFTL-shared/extern/gFTL/include/v1/templates/value_use_tokens_undef.inc" is newer than depends file "/users/olsentim/Projects/neko-top/external/pfunit/build/extern/fArgParse/extern/gFTL-shared/src/v1/CMakeFiles/gftl-shared-v1.dir/depend.internal".
Dependee "extern/fArgParse/extern/gFTL-shared/extern/gFTL/include/v1/types/key_deferredLengthString.inc" is newer than depends file "/users/olsentim/Projects/neko-top/external/pfunit/build/extern/fArgParse/extern/gFTL-shared/src/v1/CMakeFiles/gftl-shared-v1.dir/depend.internal".
Dependee "extern/fArgParse/extern/gFTL-shared/extern/gFTL/include/v1/templates/key_macros_undefs.inc" is newer than depends file "/users/olsentim/Projects/neko-top/external/pfunit/build/extern/fArgParse/extern/gFTL-shared/src/v1/CMakeFiles/gftl-shared-v1.dir/depend.internal".
Dependee "extern/fArgParse/extern/gFTL-shared/extern/gFTL/include/v1/templates/key_set_use_tokens.inc" is newer than depends file "/users/olsentim/Projects/neko-top/external/pfunit/build/extern/fArgParse/extern/gFTL-shared/src/v1/CMakeFiles/gftl-shared-v1.dir/depend.internal".
Dependee "extern/fArgParse/extern/gFTL-shared/extern/gFTL/include/v1/templates/key_template_macros.inc" is newer than depends file "/users/olsentim/Projects/neko-top/external/pfunit/build/extern/fArgParse/extern/gFTL-shared/src/v1/CMakeFiles/gftl-shared-v1.dir/depend.internal".
Dependee "extern/fArgParse/extern/gFTL-shared/extern/gFTL/include/v1/templates/key_template_macros_undefs.inc" is newer than depends file "/users/olsentim/Projects/neko-top/external/pfunit/build/extern/fArgParse/extern/gFTL-shared/src/v1/CMakeFiles/gftl-shared-v1.dir/depend.internal".
Dependee "extern/fArgParse/extern/gFTL-shared/extern/gFTL/include/v1/templates/key_use_tokens_undef.inc" is newer than depends file "/users/olsentim/Projects/neko-top/external/pfunit/build/extern/fArgParse/extern/gFTL-shared/src/v1/CMakeFiles/gftl-shared-v1.dir/depend.internal".
Dependee "extern/fArgParse/extern/gFTL-shared/extern/gFTL/include/v1/templates/type_macros_undefs.inc" is newer than depends file "/users/olsentim/Projects/neko-top/external/pfunit/build/extern/fArgParse/extern/gFTL-shared/src/v1/CMakeFiles/gftl-shared-v1.dir/depend.internal".
Dependee "extern/fArgParse/extern/gFTL-shared/extern/gFTL/include/v1/templates/type_set_use_tokens.inc" is newer than depends file "/users/olsentim/Projects/neko-top/external/pfunit/build/extern/fArgParse/extern/gFTL-shared/src/v1/CMakeFiles/gftl-shared-v1.dir/depend.internal".
Dependee "extern/fArgParse/extern/gFTL-shared/extern/gFTL/include/v1/templates/type_template_macros.inc" is newer than depends file "/users/olsentim/Projects/neko-top/external/pfunit/build/extern/fArgParse/extern/gFTL-shared/src/v1/CMakeFiles/gftl-shared-v1.dir/depend.internal".
Dependee "extern/fArgParse/extern/gFTL-shared/extern/gFTL/include/v1/templates/type_template_macros_undefs.inc" is newer than depends file "/users/olsentim/Projects/neko-top/external/pfunit/build/extern/fArgParse/extern/gFTL-shared/src/v1/CMakeFiles/gftl-shared-v1.dir/depend.internal".
Dependee "extern/fArgParse/extern/gFTL-shared/extern/gFTL/include/v1/templates/type_use_tokens_undef.inc" is newer than depends file "/users/olsentim/Projects/neko-top/external/pfunit/build/extern/fArgParse/extern/gFTL-shared/src/v1/CMakeFiles/gftl-shared-v1.dir/depend.internal".
Dependee "extern/fArgParse/extern/gFTL-shared/extern/gFTL/include/v1/templates/value_macros_undefs.inc" is newer than depends file "/users/olsentim/Projects/neko-top/external/pfunit/build/extern/fArgParse/extern/gFTL-shared/src/v1/CMakeFiles/gftl-shared-v1.dir/depend.internal".
Dependee "extern/fArgParse/extern/gFTL-shared/extern/gFTL/include/v1/templates/value_set_use_tokens.inc" is newer than depends file "/users/olsentim/Projects/neko-top/external/pfunit/build/extern/fArgParse/extern/gFTL-shared/src/v1/CMakeFiles/gftl-shared-v1.dir/depend.internal".
Dependee "extern/fArgParse/extern/gFTL-shared/extern/gFTL/include/v1/templates/value_template_macros.inc" is newer than depends file "/users/olsentim/Projects/neko-top/external/pfunit/build/extern/fArgParse/extern/gFTL-shared/src/v1/CMakeFiles/gftl-shared-v1.dir/depend.internal".
Dependee "extern/fArgParse/extern/gFTL-shared/extern/gFTL/include/v1/templates/value_template_macros_undefs.inc" is newer than depends file "/users/olsentim/Projects/neko-top/external/pfunit/build/extern/fArgParse/extern/gFTL-shared/src/v1/CMakeFiles/gftl-shared-v1.dir/depend.internal".
Dependee "extern/fArgParse/extern/gFTL-shared/extern/gFTL/include/v1/templates/value_use_tokens_undef.inc" is newer than depends file "/users/olsentim/Projects/neko-top/external/pfunit/build/extern/fArgParse/extern/gFTL-shared/src/v1/CMakeFiles/gftl-shared-v1.dir/depend.internal".
Dependee "extern/fArgParse/extern/gFTL-shared/extern/gFTL/include/v1/types/key_deferredLengthString.inc" is newer than depends file "/users/olsentim/Projects/neko-top/external/pfunit/build/extern/fArgParse/extern/gFTL-shared/src/v1/CMakeFiles/gftl-shared-v1.dir/depend.internal".
Dependee "extern/fArgParse/extern/gFTL-shared/extern/gFTL/include/v1/templates/key_macros_undefs.inc" is newer than depends file "/users/olsentim/Projects/neko-top/external/pfunit/build/extern/fArgParse/extern/gFTL-shared/src/v1/CMakeFiles/gftl-shared-v1.dir/depend.internal".
Dependee "extern/fArgParse/extern/gFTL-shared/extern/gFTL/include/v1/templates/key_set_use_tokens.inc" is newer than depends file "/users/olsentim/Projects/neko-top/external/pfunit/build/extern/fArgParse/extern/gFTL-shared/src/v1/CMakeFiles/gftl-shared-v1.dir/depend.internal".
Dependee "extern/fArgParse/extern/gFTL-shared/extern/gFTL/include/v1/templates/key_template_macros.inc" is newer than depends file "/users/olsentim/Projects/neko-top/external/pfunit/build/extern/fArgParse/extern/gFTL-shared/src/v1/CMakeFiles/gftl-shared-v1.dir/depend.internal".
Dependee "extern/fArgParse/extern/gFTL-shared/extern/gFTL/include/v1/templates/key_template_macros_undefs.inc" is newer than depends file "/users/olsentim/Projects/neko-top/external/pfunit/build/extern/fArgParse/extern/gFTL-shared/src/v1/CMakeFiles/gftl-shared-v1.dir/depend.internal".
Dependee "extern/fArgParse/extern/gFTL-shared/extern/gFTL/include/v1/templates/key_use_tokens_undef.inc" is newer than depends file "/users/olsentim/Projects/neko-top/external/pfunit/build/extern/fArgParse/extern/gFTL-shared/src/v1/CMakeFiles/gftl-shared-v1.dir/depend.internal".
Dependee "extern/fArgParse/extern/gFTL-shared/extern/gFTL/include/v1/templates/type_macros_undefs.inc" is newer than depends file "/users/olsentim/Projects/neko-top/external/pfunit/build/extern/fArgParse/extern/gFTL-shared/src/v1/CMakeFiles/gftl-shared-v1.dir/depend.internal".
Dependee "extern/fArgParse/extern/gFTL-shared/extern/gFTL/include/v1/templates/type_set_use_tokens.inc" is newer than depends file "/users/olsentim/Projects/neko-top/external/pfunit/build/extern/fArgParse/extern/gFTL-shared/src/v1/CMakeFiles/gftl-shared-v1.dir/depend.internal".
Dependee "extern/fArgParse/extern/gFTL-shared/extern/gFTL/include/v1/templates/type_template_macros.inc" is newer than depends file "/users/olsentim/Projects/neko-top/external/pfunit/build/extern/fArgParse/extern/gFTL-shared/src/v1/CMakeFiles/gftl-shared-v1.dir/depend.internal".
Dependee "extern/fArgParse/extern/gFTL-shared/extern/gFTL/include/v1/templates/type_template_macros_undefs.inc" is newer than depends file "/users/olsentim/Projects/neko-top/external/pfunit/build/extern/fArgParse/extern/gFTL-shared/src/v1/CMakeFiles/gftl-shared-v1.dir/depend.internal".
Dependee "extern/fArgParse/extern/gFTL-shared/extern/gFTL/include/v1/templates/type_use_tokens_undef.inc" is newer than depends file "/users/olsentim/Projects/neko-top/external/pfunit/build/extern/fArgParse/extern/gFTL-shared/src/v1/CMakeFiles/gftl-shared-v1.dir/depend.internal".
Dependee "extern/fArgParse/extern/gFTL-shared/extern/gFTL/include/v1/templates/value_macros_undefs.inc" is newer than depends file "/users/olsentim/Projects/neko-top/external/pfunit/build/extern/fArgParse/extern/gFTL-shared/src/v1/CMakeFiles/gftl-shared-v1.dir/depend.internal".
Dependee "extern/fArgParse/extern/gFTL-shared/extern/gFTL/include/v1/templates/value_set_use_tokens.inc" is newer than depends file "/users/olsentim/Projects/neko-top/external/pfunit/build/extern/fArgParse/extern/gFTL-shared/src/v1/CMakeFiles/gftl-shared-v1.dir/depend.internal".
Dependee "extern/fArgParse/extern/gFTL-shared/extern/gFTL/include/v1/templates/value_template_macros.inc" is newer than depends file "/users/olsentim/Projects/neko-top/external/pfunit/build/extern/fArgParse/extern/gFTL-shared/src/v1/CMakeFiles/gftl-shared-v1.dir/depend.internal".
Dependee "extern/fArgParse/extern/gFTL-shared/extern/gFTL/include/v1/templates/value_template_macros_undefs.inc" is newer than depends file "/users/olsentim/Projects/neko-top/external/pfunit/build/extern/fArgParse/extern/gFTL-shared/src/v1/CMakeFiles/gftl-shared-v1.dir/depend.internal".
Dependee "extern/fArgParse/extern/gFTL-shared/extern/gFTL/include/v1/templates/value_use_tokens_undef.inc" is newer than depends file "/users/olsentim/Projects/neko-top/external/pfunit/build/extern/fArgParse/extern/gFTL-shared/src/v1/CMakeFiles/gftl-shared-v1.dir/depend.internal".
Dependee "extern/fArgParse/extern/gFTL-shared/extern/gFTL/include/v1/types/key_deferredLengthString.inc" is newer than depends file "/users/olsentim/Projects/neko-top/external/pfunit/build/extern/fArgParse/extern/gFTL-shared/src/v1/CMakeFiles/gftl-shared-v1.dir/depend.internal".
Dependee "extern/fArgParse/extern/gFTL-shared/extern/gFTL/include/v1/templates/key_macros_undefs.inc" is newer than depends file "/users/olsentim/Projects/neko-top/external/pfunit/build/extern/fArgParse/extern/gFTL-shared/src/v1/CMakeFiles/gftl-shared-v1.dir/depend.internal".
Dependee "extern/fArgParse/extern/gFTL-shared/extern/gFTL/include/v1/templates/key_set_use_tokens.inc" is newer than depends file "/users/olsentim/Projects/neko-top/external/pfunit/build/extern/fArgParse/extern/gFTL-shared/src/v1/CMakeFiles/gftl-shared-v1.dir/depend.internal".
Dependee "extern/fArgParse/extern/gFTL-shared/extern/gFTL/include/v1/templates/key_template_macros.inc" is newer than depends file "/users/olsentim/Projects/neko-top/external/pfunit/build/extern/fArgParse/extern/gFTL-shared/src/v1/CMakeFiles/gftl-shared-v1.dir/depend.internal".
Dependee "extern/fArgParse/extern/gFTL-shared/extern/gFTL/include/v1/templates/key_template_macros_undefs.inc" is newer than depends file "/users/olsentim/Projects/neko-top/external/pfunit/build/extern/fArgParse/extern/gFTL-shared/src/v1/CMakeFiles/gftl-shared-v1.dir/depend.internal".
Dependee "extern/fArgParse/extern/gFTL-shared/extern/gFTL/include/v1/templates/key_use_tokens_undef.inc" is newer than depends file "/users/olsentim/Projects/neko-top/external/pfunit/build/extern/fArgParse/extern/gFTL-shared/src/v1/CMakeFiles/gftl-shared-v1.dir/depend.internal".
Dependee "extern/fArgParse/extern/gFTL-shared/extern/gFTL/include/v1/templates/type_macros_undefs.inc" is newer than depends file "/users/olsentim/Projects/neko-top/external/pfunit/build/extern/fArgParse/extern/gFTL-shared/src/v1/CMakeFiles/gftl-shared-v1.dir/depend.internal".
Dependee "extern/fArgParse/extern/gFTL-shared/extern/gFTL/include/v1/templates/type_set_use_tokens.inc" is newer than depends file "/users/olsentim/Projects/neko-top/external/pfunit/build/extern/fArgParse/extern/gFTL-shared/src/v1/CMakeFiles/gftl-shared-v1.dir/depend.internal".
Dependee "extern/fArgParse/extern/gFTL-shared/extern/gFTL/include/v1/templates/type_template_macros.inc" is newer than depends file "/users/olsentim/Projects/neko-top/external/pfunit/build/extern/fArgParse/extern/gFTL-shared/src/v1/CMakeFiles/gftl-shared-v1.dir/depend.internal".
Dependee "extern/fArgParse/extern/gFTL-shared/extern/gFTL/include/v1/templates/type_template_macros_undefs.inc" is newer than depends file "/users/olsentim/Projects/neko-top/external/pfunit/build/extern/fArgParse/extern/gFTL-shared/src/v1/CMakeFiles/gftl-shared-v1.dir/depend.internal".
Dependee "extern/fArgParse/extern/gFTL-shared/extern/gFTL/include/v1/templates/type_use_tokens_undef.inc" is newer than depends file "/users/olsentim/Projects/neko-top/external/pfunit/build/extern/fArgParse/extern/gFTL-shared/src/v1/CMakeFiles/gftl-shared-v1.dir/depend.internal".
Dependee "extern/fArgParse/extern/gFTL-shared/extern/gFTL/include/v1/templates/value_macros_undefs.inc" is newer than depends file "/users/olsentim/Projects/neko-top/external/pfunit/build/extern/fArgParse/extern/gFTL-shared/src/v1/CMakeFiles/gftl-shared-v1.dir/depend.internal".
Dependee "extern/fArgParse/extern/gFTL-shared/extern/gFTL/include/v1/templates/value_set_use_tokens.inc" is newer than depends file "/users/olsentim/Projects/neko-top/external/pfunit/build/extern/fArgParse/extern/gFTL-shared/src/v1/CMakeFiles/gftl-shared-v1.dir/depend.internal".
Dependee "extern/fArgParse/extern/gFTL-shared/extern/gFTL/include/v1/templates/value_template_macros.inc" is newer than depends file "/users/olsentim/Projects/neko-top/external/pfunit/build/extern/fArgParse/extern/gFTL-shared/src/v1/CMakeFiles/gftl-shared-v1.dir/depend.internal".
Dependee "extern/fArgParse/extern/gFTL-shared/extern/gFTL/include/v1/templates/value_template_macros_undefs.inc" is newer than depends file "/users/olsentim/Projects/neko-top/external/pfunit/build/extern/fArgParse/extern/gFTL-shared/src/v1/CMakeFiles/gftl-shared-v1.dir/depend.internal".
Dependee "extern/fArgParse/extern/gFTL-shared/extern/gFTL/include/v1/templates/value_use_tokens_undef.inc" is newer than depends file "/users/olsentim/Projects/neko-top/external/pfunit/build/extern/fArgParse/extern/gFTL-shared/src/v1/CMakeFiles/gftl-shared-v1.dir/depend.internal".
Dependee "extern/fArgParse/extern/gFTL-shared/extern/gFTL/include/v1/types/key_deferredLengthString.inc" is newer than depends file "/users/olsentim/Projects/neko-top/external/pfunit/build/extern/fArgParse/extern/gFTL-shared/src/v1/CMakeFiles/gftl-shared-v1.dir/depend.internal".
Dependee "extern/fArgParse/extern/gFTL-shared/extern/gFTL/include/v1/templates/key_macros_undefs.inc" is newer than depends file "/users/olsentim/Projects/neko-top/external/pfunit/build/extern/fArgParse/extern/gFTL-shared/src/v1/CMakeFiles/gftl-shared-v1.dir/depend.internal".
Dependee "extern/fArgParse/extern/gFTL-shared/extern/gFTL/include/v1/templates/key_set_use_tokens.inc" is newer than depends file "/users/olsentim/Projects/neko-top/external/pfunit/build/extern/fArgParse/extern/gFTL-shared/src/v1/CMakeFiles/gftl-shared-v1.dir/depend.internal".
Dependee "extern/fArgParse/extern/gFTL-shared/extern/gFTL/include/v1/templates/key_template_macros.inc" is newer than depends file "/users/olsentim/Projects/neko-top/external/pfunit/build/extern/fArgParse/extern/gFTL-shared/src/v1/CMakeFiles/gftl-shared-v1.dir/depend.internal".
Dependee "extern/fArgParse/extern/gFTL-shared/extern/gFTL/include/v1/templates/key_template_macros_undefs.inc" is newer than depends file "/users/olsentim/Projects/neko-top/external/pfunit/build/extern/fArgParse/extern/gFTL-shared/src/v1/CMakeFiles/gftl-shared-v1.dir/depend.internal".
Dependee "extern/fArgParse/extern/gFTL-shared/extern/gFTL/include/v1/templates/key_use_tokens_undef.inc" is newer than depends file "/users/olsentim/Projects/neko-top/external/pfunit/build/extern/fArgParse/extern/gFTL-shared/src/v1/CMakeFiles/gftl-shared-v1.dir/depend.internal".
Dependee "extern/fArgParse/extern/gFTL-shared/extern/gFTL/include/v1/templates/type_macros_undefs.inc" is newer than depends file "/users/olsentim/Projects/neko-top/external/pfunit/build/extern/fArgParse/extern/gFTL-shared/src/v1/CMakeFiles/gftl-shared-v1.dir/depend.internal".
Dependee "extern/fArgParse/extern/gFTL-shared/extern/gFTL/include/v1/templates/type_set_use_tokens.inc" is newer than depends file "/users/olsentim/Projects/neko-top/external/pfunit/build/extern/fArgParse/extern/gFTL-shared/src/v1/CMakeFiles/gftl-shared-v1.dir/depend.internal".
Dependee "extern/fArgParse/extern/gFTL-shared/extern/gFTL/include/v1/templates/type_template_macros.inc" is newer than depends file "/users/olsentim/Projects/neko-top/external/pfunit/build/extern/fArgParse/extern/gFTL-shared/src/v1/CMakeFiles/gftl-shared-v1.dir/depend.internal".
Dependee "extern/fArgParse/extern/gFTL-shared/extern/gFTL/include/v1/templates/type_template_macros_undefs.inc" is newer than depends file "/users/olsentim/Projects/neko-top/external/pfunit/build/extern/fArgParse/extern/gFTL-shared/src/v1/CMakeFiles/gftl-shared-v1.dir/depend.internal".
Dependee "extern/fArgParse/extern/gFTL-shared/extern/gFTL/include/v1/templates/type_use_tokens_undef.inc" is newer than depends file "/users/olsentim/Projects/neko-top/external/pfunit/build/extern/fArgParse/extern/gFTL-shared/src/v1/CMakeFiles/gftl-shared-v1.dir/depend.internal".
Dependee "extern/fArgParse/extern/gFTL-shared/extern/gFTL/include/v1/templates/value_macros_undefs.inc" is newer than depends file "/users/olsentim/Projects/neko-top/external/pfunit/build/extern/fArgParse/extern/gFTL-shared/src/v1/CMakeFiles/gftl-shared-v1.dir/depend.internal".
Dependee "extern/fArgParse/extern/gFTL-shared/extern/gFTL/include/v1/templates/value_set_use_tokens.inc" is newer than depends file "/users/olsentim/Projects/neko-top/external/pfunit/build/extern/fArgParse/extern/gFTL-shared/src/v1/CMakeFiles/gftl-shared-v1.dir/depend.internal".
Dependee "extern/fArgParse/extern/gFTL-shared/extern/gFTL/include/v1/templates/value_template_macros.inc" is newer than depends file "/users/olsentim/Projects/neko-top/external/pfunit/build/extern/fArgParse/extern/gFTL-shared/src/v1/CMakeFiles/gftl-shared-v1.dir/depend.internal".
Dependee "extern/fArgParse/extern/gFTL-shared/extern/gFTL/include/v1/templates/value_template_macros_undefs.inc" is newer than depends file "/users/olsentim/Projects/neko-top/external/pfunit/build/extern/fArgParse/extern/gFTL-shared/src/v1/CMakeFiles/gftl-shared-v1.dir/depend.internal".
Dependee "extern/fArgParse/extern/gFTL-shared/extern/gFTL/include/v1/templates/value_use_tokens_undef.inc" is newer than depends file "/users/olsentim/Projects/neko-top/external/pfunit/build/extern/fArgParse/extern/gFTL-shared/src/v1/CMakeFiles/gftl-shared-v1.dir/depend.internal".
Dependee "extern/fArgParse/extern/gFTL-shared/extern/gFTL/include/v1/types/key_deferredLengthString.inc" is newer than depends file "/users/olsentim/Projects/neko-top/external/pfunit/build/extern/fArgParse/extern/gFTL-shared/src/v1/CMakeFiles/gftl-shared-v1.dir/depend.internal".
Dependee "extern/fArgParse/extern/gFTL-shared/extern/gFTL/include/v1/templates/key_macros_undefs.inc" is newer than depends file "/users/olsentim/Projects/neko-top/external/pfunit/build/extern/fArgParse/extern/gFTL-shared/src/v1/CMakeFiles/gftl-shared-v1.dir/depend.internal".
Dependee "extern/fArgParse/extern/gFTL-shared/extern/gFTL/include/v1/templates/key_set_use_tokens.inc" is newer than depends file "/users/olsentim/Projects/neko-top/external/pfunit/build/extern/fArgParse/extern/gFTL-shared/src/v1/CMakeFiles/gftl-shared-v1.dir/depend.internal".
Dependee "extern/fArgParse/extern/gFTL-shared/extern/gFTL/include/v1/templates/key_template_macros.inc" is newer than depends file "/users/olsentim/Projects/neko-top/external/pfunit/build/extern/fArgParse/extern/gFTL-shared/src/v1/CMakeFiles/gftl-shared-v1.dir/depend.internal".
Dependee "extern/fArgParse/extern/gFTL-shared/extern/gFTL/include/v1/templates/key_template_macros_undefs.inc" is newer than depends file "/users/olsentim/Projects/neko-top/external/pfunit/build/extern/fArgParse/extern/gFTL-shared/src/v1/CMakeFiles/gftl-shared-v1.dir/depend.internal".
Dependee "extern/fArgParse/extern/gFTL-shared/extern/gFTL/include/v1/templates/key_use_tokens_undef.inc" is newer than depends file "/users/olsentim/Projects/neko-top/external/pfunit/build/extern/fArgParse/extern/gFTL-shared/src/v1/CMakeFiles/gftl-shared-v1.dir/depend.internal".
Dependee "extern/fArgParse/extern/gFTL-shared/extern/gFTL/include/v1/templates/type_macros_undefs.inc" is newer than depends file "/users/olsentim/Projects/neko-top/external/pfunit/build/extern/fArgParse/extern/gFTL-shared/src/v1/CMakeFiles/gftl-shared-v1.dir/depend.internal".
Dependee "extern/fArgParse/extern/gFTL-shared/extern/gFTL/include/v1/templates/type_set_use_tokens.inc" is newer than depends file "/users/olsentim/Projects/neko-top/external/pfunit/build/extern/fArgParse/extern/gFTL-shared/src/v1/CMakeFiles/gftl-shared-v1.dir/depend.internal".
Dependee "extern/fArgParse/extern/gFTL-shared/extern/gFTL/include/v1/templates/type_template_macros.inc" is newer than depends file "/users/olsentim/Projects/neko-top/external/pfunit/build/extern/fArgParse/extern/gFTL-shared/src/v1/CMakeFiles/gftl-shared-v1.dir/depend.internal".
Dependee "extern/fArgParse/extern/gFTL-shared/extern/gFTL/include/v1/templates/type_template_macros_undefs.inc" is newer than depends file "/users/olsentim/Projects/neko-top/external/pfunit/build/extern/fArgParse/extern/gFTL-shared/src/v1/CMakeFiles/gftl-shared-v1.dir/depend.internal".
Dependee "extern/fArgParse/extern/gFTL-shared/extern/gFTL/include/v1/templates/type_use_tokens_undef.inc" is newer than depends file "/users/olsentim/Projects/neko-top/external/pfunit/build/extern/fArgParse/extern/gFTL-shared/src/v1/CMakeFiles/gftl-shared-v1.dir/depend.internal".
Dependee "extern/fArgParse/extern/gFTL-shared/extern/gFTL/include/v1/templates/value_macros_undefs.inc" is newer than depends file "/users/olsentim/Projects/neko-top/external/pfunit/build/extern/fArgParse/extern/gFTL-shared/src/v1/CMakeFiles/gftl-shared-v1.dir/depend.internal".
Dependee "extern/fArgParse/extern/gFTL-shared/extern/gFTL/include/v1/templates/value_set_use_tokens.inc" is newer than depends file "/users/olsentim/Projects/neko-top/external/pfunit/build/extern/fArgParse/extern/gFTL-shared/src/v1/CMakeFiles/gftl-shared-v1.dir/depend.internal".
Dependee "extern/fArgParse/extern/gFTL-shared/extern/gFTL/include/v1/templates/value_template_macros.inc" is newer than depends file "/users/olsentim/Projects/neko-top/external/pfunit/build/extern/fArgParse/extern/gFTL-shared/src/v1/CMakeFiles/gftl-shared-v1.dir/depend.internal".
Dependee "extern/fArgParse/extern/gFTL-shared/extern/gFTL/include/v1/templates/value_template_macros_undefs.inc" is newer than depends file "/users/olsentim/Projects/neko-top/external/pfunit/build/extern/fArgParse/extern/gFTL-shared/src/v1/CMakeFiles/gftl-shared-v1.dir/depend.internal".
Dependee "extern/fArgParse/extern/gFTL-shared/extern/gFTL/include/v1/templates/value_use_tokens_undef.inc" is newer than depends file "/users/olsentim/Projects/neko-top/external/pfunit/build/extern/fArgParse/extern/gFTL-shared/src/v1/CMakeFiles/gftl-shared-v1.dir/depend.internal".
Dependee "extern/fArgParse/extern/gFTL-shared/extern/gFTL/include/v1/types/key_deferredLengthString.inc" is newer than depends file "/users/olsentim/Projects/neko-top/external/pfunit/build/extern/fArgParse/extern/gFTL-shared/src/v1/CMakeFiles/gftl-shared-v1.dir/depend.internal".
Dependee "extern/fArgParse/extern/gFTL-shared/extern/gFTL/include/v1/templates/key_macros_undefs.inc" is newer than depends file "/users/olsentim/Projects/neko-top/external/pfunit/build/extern/fArgParse/extern/gFTL-shared/src/v1/CMakeFiles/gftl-shared-v1.dir/depend.internal".
Dependee "extern/fArgParse/extern/gFTL-shared/extern/gFTL/include/v1/templates/key_set_use_tokens.inc" is newer than depends file "/users/olsentim/Projects/neko-top/external/pfunit/build/extern/fArgParse/extern/gFTL-shared/src/v1/CMakeFiles/gftl-shared-v1.dir/depend.internal".
Dependee "extern/fArgParse/extern/gFTL-shared/extern/gFTL/include/v1/templates/key_template_macros.inc" is newer than depends file "/users/olsentim/Projects/neko-top/external/pfunit/build/extern/fArgParse/extern/gFTL-shared/src/v1/CMakeFiles/gftl-shared-v1.dir/depend.internal".
Dependee "extern/fArgParse/extern/gFTL-shared/extern/gFTL/include/v1/templates/key_template_macros_undefs.inc" is newer than depends file "/users/olsentim/Projects/neko-top/external/pfunit/build/extern/fArgParse/extern/gFTL-shared/src/v1/CMakeFiles/gftl-shared-v1.dir/depend.internal".
Dependee "extern/fArgParse/extern/gFTL-shared/extern/gFTL/include/v1/templates/key_use_tokens_undef.inc" is newer than depends file "/users/olsentim/Projects/neko-top/external/pfunit/build/extern/fArgParse/extern/gFTL-shared/src/v1/CMakeFiles/gftl-shared-v1.dir/depend.internal".
Dependee "extern/fArgParse/extern/gFTL-shared/extern/gFTL/include/v1/templates/type_macros_undefs.inc" is newer than depends file "/users/olsentim/Projects/neko-top/external/pfunit/build/extern/fArgParse/extern/gFTL-shared/src/v1/CMakeFiles/gftl-shared-v1.dir/depend.internal".
Dependee "extern/fArgParse/extern/gFTL-shared/extern/gFTL/include/v1/templates/type_set_use_tokens.inc" is newer than depends file "/users/olsentim/Projects/neko-top/external/pfunit/build/extern/fArgParse/extern/gFTL-shared/src/v1/CMakeFiles/gftl-shared-v1.dir/depend.internal".
Dependee "extern/fArgParse/extern/gFTL-shared/extern/gFTL/include/v1/templates/type_template_macros.inc" is newer than depends file "/users/olsentim/Projects/neko-top/external/pfunit/build/extern/fArgParse/extern/gFTL-shared/src/v1/CMakeFiles/gftl-shared-v1.dir/depend.internal".
Dependee "extern/fArgParse/extern/gFTL-shared/extern/gFTL/include/v1/templates/type_template_macros_undefs.inc" is newer than depends file "/users/olsentim/Projects/neko-top/external/pfunit/build/extern/fArgParse/extern/gFTL-shared/src/v1/CMakeFiles/gftl-shared-v1.dir/depend.internal".
Dependee "extern/fArgParse/extern/gFTL-shared/extern/gFTL/include/v1/templates/type_use_tokens_undef.inc" is newer than depends file "/users/olsentim/Projects/neko-top/external/pfunit/build/extern/fArgParse/extern/gFTL-shared/src/v1/CMakeFiles/gftl-shared-v1.dir/depend.internal".
Dependee "extern/fArgParse/extern/gFTL-shared/extern/gFTL/include/v1/templates/value_macros_undefs.inc" is newer than depends file "/users/olsentim/Projects/neko-top/external/pfunit/build/extern/fArgParse/extern/gFTL-shared/src/v1/CMakeFiles/gftl-shared-v1.dir/depend.internal".
Dependee "extern/fArgParse/extern/gFTL-shared/extern/gFTL/include/v1/templates/value_set_use_tokens.inc" is newer than depends file "/users/olsentim/Projects/neko-top/external/pfunit/build/extern/fArgParse/extern/gFTL-shared/src/v1/CMakeFiles/gftl-shared-v1.dir/depend.internal".
Dependee "extern/fArgParse/extern/gFTL-shared/extern/gFTL/include/v1/templates/value_template_macros.inc" is newer than depends file "/users/olsentim/Projects/neko-top/external/pfunit/build/extern/fArgParse/extern/gFTL-shared/src/v1/CMakeFiles/gftl-shared-v1.dir/depend.internal".
Dependee "extern/fArgParse/extern/gFTL-shared/extern/gFTL/include/v1/templates/value_template_macros_undefs.inc" is newer than depends file "/users/olsentim/Projects/neko-top/external/pfunit/build/extern/fArgParse/extern/gFTL-shared/src/v1/CMakeFiles/gftl-shared-v1.dir/depend.internal".
Dependee "extern/fArgParse/extern/gFTL-shared/extern/gFTL/include/v1/templates/value_use_tokens_undef.inc" is newer than depends file "/users/olsentim/Projects/neko-top/external/pfunit/build/extern/fArgParse/extern/gFTL-shared/src/v1/CMakeFiles/gftl-shared-v1.dir/depend.internal".
Dependee "extern/fArgParse/extern/gFTL-shared/extern/gFTL/include/v1/types/key_deferredLengthString.inc" is newer than depends file "/users/olsentim/Projects/neko-top/external/pfunit/build/extern/fArgParse/extern/gFTL-shared/src/v1/CMakeFiles/gftl-shared-v1.dir/depend.internal".
Dependee "extern/fArgParse/extern/gFTL-shared/extern/gFTL/include/v1/templates/key_macros_undefs.inc" is newer than depends file "/users/olsentim/Projects/neko-top/external/pfunit/build/extern/fArgParse/extern/gFTL-shared/src/v1/CMakeFiles/gftl-shared-v1.dir/depend.internal".
Dependee "extern/fArgParse/extern/gFTL-shared/extern/gFTL/include/v1/templates/key_set_use_tokens.inc" is newer than depends file "/users/olsentim/Projects/neko-top/external/pfunit/build/extern/fArgParse/extern/gFTL-shared/src/v1/CMakeFiles/gftl-shared-v1.dir/depend.internal".
Dependee "extern/fArgParse/extern/gFTL-shared/extern/gFTL/include/v1/templates/key_template_macros.inc" is newer than depends file "/users/olsentim/Projects/neko-top/external/pfunit/build/extern/fArgParse/extern/gFTL-shared/src/v1/CMakeFiles/gftl-shared-v1.dir/depend.internal".
Dependee "extern/fArgParse/extern/gFTL-shared/extern/gFTL/include/v1/templates/key_template_macros_undefs.inc" is newer than depends file "/users/olsentim/Projects/neko-top/external/pfunit/build/extern/fArgParse/extern/gFTL-shared/src/v1/CMakeFiles/gftl-shared-v1.dir/depend.internal".
Dependee "extern/fArgParse/extern/gFTL-shared/extern/gFTL/include/v1/templates/key_use_tokens_undef.inc" is newer than depends file "/users/olsentim/Projects/neko-top/external/pfunit/build/extern/fArgParse/extern/gFTL-shared/src/v1/CMakeFiles/gftl-shared-v1.dir/depend.internal".
Dependee "extern/fArgParse/extern/gFTL-shared/extern/gFTL/include/v1/templates/type_macros_undefs.inc" is newer than depends file "/users/olsentim/Projects/neko-top/external/pfunit/build/extern/fArgParse/extern/gFTL-shared/src/v1/CMakeFiles/gftl-shared-v1.dir/depend.internal".
Dependee "extern/fArgParse/extern/gFTL-shared/extern/gFTL/include/v1/templates/type_set_use_tokens.inc" is newer than depends file "/users/olsentim/Projects/neko-top/external/pfunit/build/extern/fArgParse/extern/gFTL-shared/src/v1/CMakeFiles/gftl-shared-v1.dir/depend.internal".
Dependee "extern/fArgParse/extern/gFTL-shared/extern/gFTL/include/v1/templates/type_template_macros.inc" is newer than depends file "/users/olsentim/Projects/neko-top/external/pfunit/build/extern/fArgParse/extern/gFTL-shared/src/v1/CMakeFiles/gftl-shared-v1.dir/depend.internal".
Dependee "extern/fArgParse/extern/gFTL-shared/extern/gFTL/include/v1/templates/type_template_macros_undefs.inc" is newer than depends file "/users/olsentim/Projects/neko-top/external/pfunit/build/extern/fArgParse/extern/gFTL-shared/src/v1/CMakeFiles/gftl-shared-v1.dir/depend.internal".
Dependee "extern/fArgParse/extern/gFTL-shared/extern/gFTL/include/v1/templates/type_use_tokens_undef.inc" is newer than depends file "/users/olsentim/Projects/neko-top/external/pfunit/build/extern/fArgParse/extern/gFTL-shared/src/v1/CMakeFiles/gftl-shared-v1.dir/depend.internal".
Dependee "extern/fArgParse/extern/gFTL-shared/extern/gFTL/include/v1/templates/value_macros_undefs.inc" is newer than depends file "/users/olsentim/Projects/neko-top/external/pfunit/build/extern/fArgParse/extern/gFTL-shared/src/v1/CMakeFiles/gftl-shared-v1.dir/depend.internal".
Dependee "extern/fArgParse/extern/gFTL-shared/extern/gFTL/include/v1/templates/value_set_use_tokens.inc" is newer than depends file "/users/olsentim/Projects/neko-top/external/pfunit/build/extern/fArgParse/extern/gFTL-shared/src/v1/CMakeFiles/gftl-shared-v1.dir/depend.internal".
Dependee "extern/fArgParse/extern/gFTL-shared/extern/gFTL/include/v1/templates/value_template_macros.inc" is newer than depends file "/users/olsentim/Projects/neko-top/external/pfunit/build/extern/fArgParse/extern/gFTL-shared/src/v1/CMakeFiles/gftl-shared-v1.dir/depend.internal".
Dependee "extern/fArgParse/extern/gFTL-shared/extern/gFTL/include/v1/templates/value_template_macros_undefs.inc" is newer than depends file "/users/olsentim/Projects/neko-top/external/pfunit/build/extern/fArgParse/extern/gFTL-shared/src/v1/CMakeFiles/gftl-shared-v1.dir/depend.internal".
Dependee "extern/fArgParse/extern/gFTL-shared/extern/gFTL/include/v1/templates/value_use_tokens_undef.inc" is newer than depends file "/users/olsentim/Projects/neko-top/external/pfunit/build/extern/fArgParse/extern/gFTL-shared/src/v1/CMakeFiles/gftl-shared-v1.dir/depend.internal".
Dependee "extern/fArgParse/extern/gFTL-shared/extern/gFTL/include/v1/types/key_deferredLengthString.inc" is newer than depends file "/users/olsentim/Projects/neko-top/external/pfunit/build/extern/fArgParse/extern/gFTL-shared/src/v1/CMakeFiles/gftl-shared-v1.dir/depend.internal".
Dependee "extern/fArgParse/extern/gFTL-shared/extern/gFTL/include/v1/templates/key_macros_undefs.inc" is newer than depends file "/users/olsentim/Projects/neko-top/external/pfunit/build/extern/fArgParse/extern/gFTL-shared/src/v1/CMakeFiles/gftl-shared-v1.dir/depend.internal".
Dependee "extern/fArgParse/extern/gFTL-shared/extern/gFTL/include/v1/templates/key_set_use_tokens.inc" is newer than depends file "/users/olsentim/Projects/neko-top/external/pfunit/build/extern/fArgParse/extern/gFTL-shared/src/v1/CMakeFiles/gftl-shared-v1.dir/depend.internal".
Dependee "extern/fArgParse/extern/gFTL-shared/extern/gFTL/include/v1/templates/key_template_macros.inc" is newer than depends file "/users/olsentim/Projects/neko-top/external/pfunit/build/extern/fArgParse/extern/gFTL-shared/src/v1/CMakeFiles/gftl-shared-v1.dir/depend.internal".
Dependee "extern/fArgParse/extern/gFTL-shared/extern/gFTL/include/v1/templates/key_template_macros_undefs.inc" is newer than depends file "/users/olsentim/Projects/neko-top/external/pfunit/build/extern/fArgParse/extern/gFTL-shared/src/v1/CMakeFiles/gftl-shared-v1.dir/depend.internal".
Dependee "extern/fArgParse/extern/gFTL-shared/extern/gFTL/include/v1/templates/key_use_tokens_undef.inc" is newer than depends file "/users/olsentim/Projects/neko-top/external/pfunit/build/extern/fArgParse/extern/gFTL-shared/src/v1/CMakeFiles/gftl-shared-v1.dir/depend.internal".
Dependee "extern/fArgParse/extern/gFTL-shared/extern/gFTL/include/v1/templates/type_macros_undefs.inc" is newer than depends file "/users/olsentim/Projects/neko-top/external/pfunit/build/extern/fArgParse/extern/gFTL-shared/src/v1/CMakeFiles/gftl-shared-v1.dir/depend.internal".
Dependee "extern/fArgParse/extern/gFTL-shared/extern/gFTL/include/v1/templates/type_set_use_tokens.inc" is newer than depends file "/users/olsentim/Projects/neko-top/external/pfunit/build/extern/fArgParse/extern/gFTL-shared/src/v1/CMakeFiles/gftl-shared-v1.dir/depend.internal".
Dependee "extern/fArgParse/extern/gFTL-shared/extern/gFTL/include/v1/templates/type_template_macros.inc" is newer than depends file "/users/olsentim/Projects/neko-top/external/pfunit/build/extern/fArgParse/extern/gFTL-shared/src/v1/CMakeFiles/gftl-shared-v1.dir/depend.internal".
Dependee "extern/fArgParse/extern/gFTL-shared/extern/gFTL/include/v1/templates/type_template_macros_undefs.inc" is newer than depends file "/users/olsentim/Projects/neko-top/external/pfunit/build/extern/fArgParse/extern/gFTL-shared/src/v1/CMakeFiles/gftl-shared-v1.dir/depend.internal".
Dependee "extern/fArgParse/extern/gFTL-shared/extern/gFTL/include/v1/templates/type_use_tokens_undef.inc" is newer than depends file "/users/olsentim/Projects/neko-top/external/pfunit/build/extern/fArgParse/extern/gFTL-shared/src/v1/CMakeFiles/gftl-shared-v1.dir/depend.internal".
Dependee "extern/fArgParse/extern/gFTL-shared/extern/gFTL/include/v1/templates/value_macros_undefs.inc" is newer than depends file "/users/olsentim/Projects/neko-top/external/pfunit/build/extern/fArgParse/extern/gFTL-shared/src/v1/CMakeFiles/gftl-shared-v1.dir/depend.internal".
Dependee "extern/fArgParse/extern/gFTL-shared/extern/gFTL/include/v1/templates/value_set_use_tokens.inc" is newer than depends file "/users/olsentim/Projects/neko-top/external/pfunit/build/extern/fArgParse/extern/gFTL-shared/src/v1/CMakeFiles/gftl-shared-v1.dir/depend.internal".
Dependee "extern/fArgParse/extern/gFTL-shared/extern/gFTL/include/v1/templates/value_template_macros.inc" is newer than depends file "/users/olsentim/Projects/neko-top/external/pfunit/build/extern/fArgParse/extern/gFTL-shared/src/v1/CMakeFiles/gftl-shared-v1.dir/depend.internal".
Dependee "extern/fArgParse/extern/gFTL-shared/extern/gFTL/include/v1/templates/value_template_macros_undefs.inc" is newer than depends file "/users/olsentim/Projects/neko-top/external/pfunit/build/extern/fArgParse/extern/gFTL-shared/src/v1/CMakeFiles/gftl-shared-v1.dir/depend.internal".
Dependee "extern/fArgParse/extern/gFTL-shared/extern/gFTL/include/v1/templates/value_use_tokens_undef.inc" is newer than depends file "/users/olsentim/Projects/neko-top/external/pfunit/build/extern/fArgParse/extern/gFTL-shared/src/v1/CMakeFiles/gftl-shared-v1.dir/depend.internal".
Dependee "extern/fArgParse/extern/gFTL-shared/extern/gFTL/include/v1/types/key_deferredLengthString.inc" is newer than depends file "/users/olsentim/Projects/neko-top/external/pfunit/build/extern/fArgParse/extern/gFTL-shared/src/v1/CMakeFiles/gftl-shared-v1.dir/depend.internal".
Dependee "extern/fArgParse/extern/gFTL-shared/extern/gFTL/include/v1/templates/key_macros_undefs.inc" is newer than depends file "/users/olsentim/Projects/neko-top/external/pfunit/build/extern/fArgParse/extern/gFTL-shared/src/v1/CMakeFiles/gftl-shared-v1.dir/depend.internal".
Dependee "extern/fArgParse/extern/gFTL-shared/extern/gFTL/include/v1/templates/key_set_use_tokens.inc" is newer than depends file "/users/olsentim/Projects/neko-top/external/pfunit/build/extern/fArgParse/extern/gFTL-shared/src/v1/CMakeFiles/gftl-shared-v1.dir/depend.internal".
Dependee "extern/fArgParse/extern/gFTL-shared/extern/gFTL/include/v1/templates/key_template_macros.inc" is newer than depends file "/users/olsentim/Projects/neko-top/external/pfunit/build/extern/fArgParse/extern/gFTL-shared/src/v1/CMakeFiles/gftl-shared-v1.dir/depend.internal".
Dependee "extern/fArgParse/extern/gFTL-shared/extern/gFTL/include/v1/templates/key_template_macros_undefs.inc" is newer than depends file "/users/olsentim/Projects/neko-top/external/pfunit/build/extern/fArgParse/extern/gFTL-shared/src/v1/CMakeFiles/gftl-shared-v1.dir/depend.internal".
Dependee "extern/fArgParse/extern/gFTL-shared/extern/gFTL/include/v1/templates/key_use_tokens_undef.inc" is newer than depends file "/users/olsentim/Projects/neko-top/external/pfunit/build/extern/fArgParse/extern/gFTL-shared/src/v1/CMakeFiles/gftl-shared-v1.dir/depend.internal".
Dependee "extern/fArgParse/extern/gFTL-shared/extern/gFTL/include/v1/templates/type_macros_undefs.inc" is newer than depends file "/users/olsentim/Projects/neko-top/external/pfunit/build/extern/fArgParse/extern/gFTL-shared/src/v1/CMakeFiles/gftl-shared-v1.dir/depend.internal".
Dependee "extern/fArgParse/extern/gFTL-shared/extern/gFTL/include/v1/templates/type_set_use_tokens.inc" is newer than depends file "/users/olsentim/Projects/neko-top/external/pfunit/build/extern/fArgParse/extern/gFTL-shared/src/v1/CMakeFiles/gftl-shared-v1.dir/depend.internal".
Dependee "extern/fArgParse/extern/gFTL-shared/extern/gFTL/include/v1/templates/type_template_macros.inc" is newer than depends file "/users/olsentim/Projects/neko-top/external/pfunit/build/extern/fArgParse/extern/gFTL-shared/src/v1/CMakeFiles/gftl-shared-v1.dir/depend.internal".
Dependee "extern/fArgParse/extern/gFTL-shared/extern/gFTL/include/v1/templates/type_template_macros_undefs.inc" is newer than depends file "/users/olsentim/Projects/neko-top/external/pfunit/build/extern/fArgParse/extern/gFTL-shared/src/v1/CMakeFiles/gftl-shared-v1.dir/depend.internal".
Dependee "extern/fArgParse/extern/gFTL-shared/extern/gFTL/include/v1/templates/type_use_tokens_undef.inc" is newer than depends file "/users/olsentim/Projects/neko-top/external/pfunit/build/extern/fArgParse/extern/gFTL-shared/src/v1/CMakeFiles/gftl-shared-v1.dir/depend.internal".
Dependee "extern/fArgParse/extern/gFTL-shared/extern/gFTL/include/v1/templates/value_macros_undefs.inc" is newer than depends file "/users/olsentim/Projects/neko-top/external/pfunit/build/extern/fArgParse/extern/gFTL-shared/src/v1/CMakeFiles/gftl-shared-v1.dir/depend.internal".
Dependee "extern/fArgParse/extern/gFTL-shared/extern/gFTL/include/v1/templates/value_set_use_tokens.inc" is newer than depends file "/users/olsentim/Projects/neko-top/external/pfunit/build/extern/fArgParse/extern/gFTL-shared/src/v1/CMakeFiles/gftl-shared-v1.dir/depend.internal".
Dependee "extern/fArgParse/extern/gFTL-shared/extern/gFTL/include/v1/templates/value_template_macros.inc" is newer than depends file "/users/olsentim/Projects/neko-top/external/pfunit/build/extern/fArgParse/extern/gFTL-shared/src/v1/CMakeFiles/gftl-shared-v1.dir/depend.internal".
Dependee "extern/fArgParse/extern/gFTL-shared/extern/gFTL/include/v1/templates/value_template_macros_undefs.inc" is newer than depends file "/users/olsentim/Projects/neko-top/external/pfunit/build/extern/fArgParse/extern/gFTL-shared/src/v1/CMakeFiles/gftl-shared-v1.dir/depend.internal".
Dependee "extern/fArgParse/extern/gFTL-shared/extern/gFTL/include/v1/templates/value_use_tokens_undef.inc" is newer than depends file "/users/olsentim/Projects/neko-top/external/pfunit/build/extern/fArgParse/extern/gFTL-shared/src/v1/CMakeFiles/gftl-shared-v1.dir/depend.internal".
Dependee "extern/fArgParse/extern/gFTL-shared/extern/gFTL/include/v1/types/key_deferredLengthString.inc" is newer than depends file "/users/olsentim/Projects/neko-top/external/pfunit/build/extern/fArgParse/extern/gFTL-shared/src/v1/CMakeFiles/gftl-shared-v1.dir/depend.internal".
Dependee "extern/fArgParse/extern/gFTL-shared/extern/gFTL/include/v1/types/value_deferredLengthString.inc" is newer than depends file "/users/olsentim/Projects/neko-top/external/pfunit/build/extern/fArgParse/extern/gFTL-shared/src/v1/CMakeFiles/gftl-shared-v1.dir/depend.internal".
Dependee "extern/fArgParse/extern/gFTL-shared/extern/gFTL/include/v1/templates/key_macros_undefs.inc" is newer than depends file "/users/olsentim/Projects/neko-top/external/pfunit/build/extern/fArgParse/extern/gFTL-shared/src/v1/CMakeFiles/gftl-shared-v1.dir/depend.internal".
Dependee "extern/fArgParse/extern/gFTL-shared/extern/gFTL/include/v1/templates/key_set_use_tokens.inc" is newer than depends file "/users/olsentim/Projects/neko-top/external/pfunit/build/extern/fArgParse/extern/gFTL-shared/src/v1/CMakeFiles/gftl-shared-v1.dir/depend.internal".
Dependee "extern/fArgParse/extern/gFTL-shared/extern/gFTL/include/v1/templates/key_template_macros.inc" is newer than depends file "/users/olsentim/Projects/neko-top/external/pfunit/build/extern/fArgParse/extern/gFTL-shared/src/v1/CMakeFiles/gftl-shared-v1.dir/depend.internal".
Dependee "extern/fArgParse/extern/gFTL-shared/extern/gFTL/include/v1/templates/key_template_macros_undefs.inc" is newer than depends file "/users/olsentim/Projects/neko-top/external/pfunit/build/extern/fArgParse/extern/gFTL-shared/src/v1/CMakeFiles/gftl-shared-v1.dir/depend.internal".
Dependee "extern/fArgParse/extern/gFTL-shared/extern/gFTL/include/v1/templates/key_use_tokens_undef.inc" is newer than depends file "/users/olsentim/Projects/neko-top/external/pfunit/build/extern/fArgParse/extern/gFTL-shared/src/v1/CMakeFiles/gftl-shared-v1.dir/depend.internal".
Dependee "extern/fArgParse/extern/gFTL-shared/extern/gFTL/include/v1/templates/type_macros_undefs.inc" is newer than depends file "/users/olsentim/Projects/neko-top/external/pfunit/build/extern/fArgParse/extern/gFTL-shared/src/v1/CMakeFiles/gftl-shared-v1.dir/depend.internal".
Dependee "extern/fArgParse/extern/gFTL-shared/extern/gFTL/include/v1/templates/type_set_use_tokens.inc" is newer than depends file "/users/olsentim/Projects/neko-top/external/pfunit/build/extern/fArgParse/extern/gFTL-shared/src/v1/CMakeFiles/gftl-shared-v1.dir/depend.internal".
Dependee "extern/fArgParse/extern/gFTL-shared/extern/gFTL/include/v1/templates/type_template_macros.inc" is newer than depends file "/users/olsentim/Projects/neko-top/external/pfunit/build/extern/fArgParse/extern/gFTL-shared/src/v1/CMakeFiles/gftl-shared-v1.dir/depend.internal".
Dependee "extern/fArgParse/extern/gFTL-shared/extern/gFTL/include/v1/templates/type_template_macros_undefs.inc" is newer than depends file "/users/olsentim/Projects/neko-top/external/pfunit/build/extern/fArgParse/extern/gFTL-shared/src/v1/CMakeFiles/gftl-shared-v1.dir/depend.internal".
Dependee "extern/fArgParse/extern/gFTL-shared/extern/gFTL/include/v1/templates/type_use_tokens_undef.inc" is newer than depends file "/users/olsentim/Projects/neko-top/external/pfunit/build/extern/fArgParse/extern/gFTL-shared/src/v1/CMakeFiles/gftl-shared-v1.dir/depend.internal".
Dependee "extern/fArgParse/extern/gFTL-shared/extern/gFTL/include/v1/templates/value_macros_undefs.inc" is newer than depends file "/users/olsentim/Projects/neko-top/external/pfunit/build/extern/fArgParse/extern/gFTL-shared/src/v1/CMakeFiles/gftl-shared-v1.dir/depend.internal".
Dependee "extern/fArgParse/extern/gFTL-shared/extern/gFTL/include/v1/templates/value_set_use_tokens.inc" is newer than depends file "/users/olsentim/Projects/neko-top/external/pfunit/build/extern/fArgParse/extern/gFTL-shared/src/v1/CMakeFiles/gftl-shared-v1.dir/depend.internal".
Dependee "extern/fArgParse/extern/gFTL-shared/extern/gFTL/include/v1/templates/value_template_macros.inc" is newer than depends file "/users/olsentim/Projects/neko-top/external/pfunit/build/extern/fArgParse/extern/gFTL-shared/src/v1/CMakeFiles/gftl-shared-v1.dir/depend.internal".
Dependee "extern/fArgParse/extern/gFTL-shared/extern/gFTL/include/v1/templates/value_template_macros_undefs.inc" is newer than depends file "/users/olsentim/Projects/neko-top/external/pfunit/build/extern/fArgParse/extern/gFTL-shared/src/v1/CMakeFiles/gftl-shared-v1.dir/depend.internal".
Dependee "extern/fArgParse/extern/gFTL-shared/extern/gFTL/include/v1/templates/value_use_tokens_undef.inc" is newer than depends file "/users/olsentim/Projects/neko-top/external/pfunit/build/extern/fArgParse/extern/gFTL-shared/src/v1/CMakeFiles/gftl-shared-v1.dir/depend.internal".
Dependee "extern/fArgParse/extern/gFTL-shared/extern/gFTL/include/v1/types/key_deferredLengthString.inc" is newer than depends file "/users/olsentim/Projects/neko-top/external/pfunit/build/extern/fArgParse/extern/gFTL-shared/src/v1/CMakeFiles/gftl-shared-v1.dir/depend.internal".
Dependee "extern/fArgParse/extern/gFTL-shared/extern/gFTL/include/v1/types/value_unlimitedPoly.inc" is newer than depends file "/users/olsentim/Projects/neko-top/external/pfunit/build/extern/fArgParse/extern/gFTL-shared/src/v1/CMakeFiles/gftl-shared-v1.dir/depend.internal".
Dependee "extern/fArgParse/extern/gFTL-shared/extern/gFTL/include/v1/templates/key_macros_undefs.inc" is newer than depends file "/users/olsentim/Projects/neko-top/external/pfunit/build/extern/fArgParse/extern/gFTL-shared/src/v1/CMakeFiles/gftl-shared-v1.dir/depend.internal".
Dependee "extern/fArgParse/extern/gFTL-shared/extern/gFTL/include/v1/templates/key_template_macros.inc" is newer than depends file "/users/olsentim/Projects/neko-top/external/pfunit/build/extern/fArgParse/extern/gFTL-shared/src/v1/CMakeFiles/gftl-shared-v1.dir/depend.internal".
Dependee "extern/fArgParse/extern/gFTL-shared/extern/gFTL/include/v1/templates/key_template_macros_undefs.inc" is newer than depends file "/users/olsentim/Projects/neko-top/external/pfunit/build/extern/fArgParse/extern/gFTL-shared/src/v1/CMakeFiles/gftl-shared-v1.dir/depend.internal".
Dependee "extern/fArgParse/extern/gFTL-shared/extern/gFTL/include/v1/templates/type_macros_undefs.inc" is newer than depends file "/users/olsentim/Projects/neko-top/external/pfunit/build/extern/fArgParse/extern/gFTL-shared/src/v1/CMakeFiles/gftl-shared-v1.dir/depend.internal".
Dependee "extern/fArgParse/extern/gFTL-shared/extern/gFTL/include/v1/templates/type_set_use_tokens.inc" is newer than depends file "/users/olsentim/Projects/neko-top/external/pfunit/build/extern/fArgParse/extern/gFTL-shared/src/v1/CMakeFiles/gftl-shared-v1.dir/depend.internal".
Dependee "extern/fArgParse/extern/gFTL-shared/extern/gFTL/include/v1/templates/type_template_macros.inc" is newer than depends file "/users/olsentim/Projects/neko-top/external/pfunit/build/extern/fArgParse/extern/gFTL-shared/src/v1/CMakeFiles/gftl-shared-v1.dir/depend.internal".
Dependee "extern/fArgParse/extern/gFTL-shared/extern/gFTL/include/v1/templates/type_template_macros_undefs.inc" is newer than depends file "/users/olsentim/Projects/neko-top/external/pfunit/build/extern/fArgParse/extern/gFTL-shared/src/v1/CMakeFiles/gftl-shared-v1.dir/depend.internal".
Dependee "extern/fArgParse/extern/gFTL-shared/extern/gFTL/include/v1/templates/type_use_tokens_undef.inc" is newer than depends file "/users/olsentim/Projects/neko-top/external/pfunit/build/extern/fArgParse/extern/gFTL-shared/src/v1/CMakeFiles/gftl-shared-v1.dir/depend.internal".
Dependee "extern/fArgParse/extern/gFTL-shared/extern/gFTL/include/v1/templates/value_macros_undefs.inc" is newer than depends file "/users/olsentim/Projects/neko-top/external/pfunit/build/extern/fArgParse/extern/gFTL-shared/src/v1/CMakeFiles/gftl-shared-v1.dir/depend.internal".
Dependee "extern/fArgParse/extern/gFTL-shared/extern/gFTL/include/v1/templates/value_template_macros.inc" is newer than depends file "/users/olsentim/Projects/neko-top/external/pfunit/build/extern/fArgParse/extern/gFTL-shared/src/v1/CMakeFiles/gftl-shared-v1.dir/depend.internal".
Dependee "extern/fArgParse/extern/gFTL-shared/extern/gFTL/include/v1/templates/value_template_macros_undefs.inc" is newer than depends file "/users/olsentim/Projects/neko-top/external/pfunit/build/extern/fArgParse/extern/gFTL-shared/src/v1/CMakeFiles/gftl-shared-v1.dir/depend.internal".
Dependee "extern/fArgParse/extern/gFTL-shared/extern/gFTL/include/v1/types/deferredLengthString.inc" is newer than depends file "/users/olsentim/Projects/neko-top/external/pfunit/build/extern/fArgParse/extern/gFTL-shared/src/v1/CMakeFiles/gftl-shared-v1.dir/depend.internal".
Dependee "extern/fArgParse/extern/gFTL-shared/extern/gFTL/include/v1/templates/key_macros_undefs.inc" is newer than depends file "/users/olsentim/Projects/neko-top/external/pfunit/build/extern/fArgParse/extern/gFTL-shared/src/v1/CMakeFiles/gftl-shared-v1.dir/depend.internal".
Dependee "extern/fArgParse/extern/gFTL-shared/extern/gFTL/include/v1/templates/key_template_macros.inc" is newer than depends file "/users/olsentim/Projects/neko-top/external/pfunit/build/extern/fArgParse/extern/gFTL-shared/src/v1/CMakeFiles/gftl-shared-v1.dir/depend.internal".
Dependee "extern/fArgParse/extern/gFTL-shared/extern/gFTL/include/v1/templates/key_template_macros_undefs.inc" is newer than depends file "/users/olsentim/Projects/neko-top/external/pfunit/build/extern/fArgParse/extern/gFTL-shared/src/v1/CMakeFiles/gftl-shared-v1.dir/depend.internal".
Dependee "extern/fArgParse/extern/gFTL-shared/extern/gFTL/include/v1/templates/type_macros_undefs.inc" is newer than depends file "/users/olsentim/Projects/neko-top/external/pfunit/build/extern/fArgParse/extern/gFTL-shared/src/v1/CMakeFiles/gftl-shared-v1.dir/depend.internal".
Dependee "extern/fArgParse/extern/gFTL-shared/extern/gFTL/include/v1/templates/type_set_use_tokens.inc" is newer than depends file "/users/olsentim/Projects/neko-top/external/pfunit/build/extern/fArgParse/extern/gFTL-shared/src/v1/CMakeFiles/gftl-shared-v1.dir/depend.internal".
Dependee "extern/fArgParse/extern/gFTL-shared/extern/gFTL/include/v1/templates/type_template_macros.inc" is newer than depends file "/users/olsentim/Projects/neko-top/external/pfunit/build/extern/fArgParse/extern/gFTL-shared/src/v1/CMakeFiles/gftl-shared-v1.dir/depend.internal".
Dependee "extern/fArgParse/extern/gFTL-shared/extern/gFTL/include/v1/templates/type_template_macros_undefs.inc" is newer than depends file "/users/olsentim/Projects/neko-top/external/pfunit/build/extern/fArgParse/extern/gFTL-shared/src/v1/CMakeFiles/gftl-shared-v1.dir/depend.internal".
Dependee "extern/fArgParse/extern/gFTL-shared/extern/gFTL/include/v1/templates/type_use_tokens_undef.inc" is newer than depends file "/users/olsentim/Projects/neko-top/external/pfunit/build/extern/fArgParse/extern/gFTL-shared/src/v1/CMakeFiles/gftl-shared-v1.dir/depend.internal".
Dependee "extern/fArgParse/extern/gFTL-shared/extern/gFTL/include/v1/templates/value_macros_undefs.inc" is newer than depends file "/users/olsentim/Projects/neko-top/external/pfunit/build/extern/fArgParse/extern/gFTL-shared/src/v1/CMakeFiles/gftl-shared-v1.dir/depend.internal".
Dependee "extern/fArgParse/extern/gFTL-shared/extern/gFTL/include/v1/templates/value_template_macros.inc" is newer than depends file "/users/olsentim/Projects/neko-top/external/pfunit/build/extern/fArgParse/extern/gFTL-shared/src/v1/CMakeFiles/gftl-shared-v1.dir/depend.internal".
Dependee "extern/fArgParse/extern/gFTL-shared/extern/gFTL/include/v1/templates/value_template_macros_undefs.inc" is newer than depends file "/users/olsentim/Projects/neko-top/external/pfunit/build/extern/fArgParse/extern/gFTL-shared/src/v1/CMakeFiles/gftl-shared-v1.dir/depend.internal".
Dependee "extern/fArgParse/extern/gFTL-shared/extern/gFTL/include/v1/types/unlimitedPoly.inc" is newer than depends file "/users/olsentim/Projects/neko-top/external/pfunit/build/extern/fArgParse/extern/gFTL-shared/src/v1/CMakeFiles/gftl-shared-v1.dir/depend.internal".
Clearing dependencies in "/users/olsentim/Projects/neko-top/external/pfunit/build/extern/fArgParse/extern/gFTL-shared/src/v1/CMakeFiles/gftl-shared-v1.dir/depend.make".
Scanning dependencies of target gftl-shared-v1
make[2]: Leaving directory '/pfs/lustrep4/users/olsentim/Projects/neko-top/external/pfunit/build'
make  -f extern/fArgParse/extern/gFTL-shared/src/v1/CMakeFiles/gftl-shared-v1.dir/build.make extern/fArgParse/extern/gFTL-shared/src/v1/CMakeFiles/gftl-shared-v1.dir/build
make[2]: Entering directory '/pfs/lustrep4/users/olsentim/Projects/neko-top/external/pfunit/build'
[ 18%] Building Fortran object extern/fArgParse/extern/gFTL-shared/src/v1/CMakeFiles/gftl-shared-v1.dir/Complex128Vector.F90.o
cd /users/olsentim/Projects/neko-top/external/pfunit/build/extern/fArgParse/extern/gFTL-shared/src/v1 && /opt/cray/pe/craype/2.7.34/bin/ftn -D_DOUBLE_DEFAULT_KIND=8 -D_DOUBLE_DEFAULT_KIND_IS_REAL64 -D_INT_DEFAULT_KIND=4 -D_INT_DEFAULT_KIND_IS_INT32 -D_ISO_INT16=2 -D_ISO_INT32=4 -D_ISO_INT64=8 -D_ISO_INT8=1 -D_ISO_REAL128=16 -D_ISO_REAL32=4 -D_ISO_REAL64=8 -D_LOGICAL_DEFAULT_KIND=4 -D_REAL128_IEEE_SUPPORT=T -D_REAL32_IEEE_SUPPORT=T -D_REAL64_IEEE_SUPPORT=T -D_REAL_DEFAULT_KIND=4 -D_REAL_DEFAULT_KIND_IS_REAL32 -I/users/olsentim/Projects/neko-top/external/pfunit/build/extern/fArgParse/extern/gFTL-shared/src/v1/mod -I/users/olsentim/Projects/neko-top/external/pfunit/build/extern/fArgParse/extern/gFTL-shared/extern/gFTL/include/v1 -eP  -eP  -eP  -O3 -m4 -eP  -em -Jmod -h PIC -c /users/olsentim/Projects/neko-top/external/pfunit/extern/fArgParse/extern/gFTL-shared/src/v1/Complex128Vector.F90 -o CMakeFiles/gftl-shared-v1.dir/Complex128Vector.F90.o
/pfs/lustrep3/appl/lumi/SW/CrayEnv/EB/buildtools/25.03/bin/cmake -E cmake_copy_f90_mod extern/fArgParse/extern/gFTL-shared/src/v1/mod/gftl1_complex128vector.mod extern/fArgParse/extern/gFTL-shared/src/v1/CMakeFiles/gftl-shared-v1.dir/gftl1_complex128vector.mod.stamp Cray
Error copying Fortran module "extern/fArgParse/extern/gFTL-shared/src/v1/mod/gftl1_complex128vector.mod".  Tried "extern/fArgParse/extern/gFTL-shared/src/v1/mod/GFTL1_COMPLEX128VECTOR.mod" and "extern/fArgParse/extern/gFTL-shared/src/v1/mod/gftl1_complex128vector.mod".
make[2]: *** [extern/fArgParse/extern/gFTL-shared/src/v1/CMakeFiles/gftl-shared-v1.dir/depend.make:34: extern/fArgParse/extern/gFTL-shared/src/v1/CMakeFiles/gftl-shared-v1.dir/gftl1_complex128vector.mod.stamp] Error 1
make[2]: Leaving directory '/pfs/lustrep4/users/olsentim/Projects/neko-top/external/pfunit/build'
make[1]: *** [CMakeFiles/Makefile2:925: extern/fArgParse/extern/gFTL-shared/src/v1/CMakeFiles/gftl-shared-v1.dir/all] Error 2
make[1]: Leaving directory '/pfs/lustrep4/users/olsentim/Projects/neko-top/external/pfunit/build'
make: *** [Makefile:166: all] Error 2
